#{"t_start": 1786139415.3825593, "env_id": "FetchReach-v3"}
r,l,t,is_success
-50.0,50,5.444419,0.0
-50.0,50,5.519622,0.0
-50.0,50,5.599269,0.0
-50.0,50,5.679527,0.0
-50.0,50,5.766322,0.0
-50.0,50,5.844043,0.0
-48.0,50,5.918961,0.0
-50.0,50,5.994956,0.0
-50.0,50,6.081407,0.0
-47.0,50,6.155651,0.0
-50.0,50,6.233067,0.0
-50.0,50,6.310267,0.0
-50.0,50,6.390516,0.0
-50.0,50,6.466583,0.0
-50.0,50,6.545396,0.0
-48.0,50,6.619872,0.0
-49.0,50,6.701431,0.0
-50.0,50,6.778345,0.0
-50.0,50,6.852884,0.0
-34.0,50,6.92797,0.0
-50.0,50,7.669585,0.0
-50.0,50,8.19584,0.0
-49.0,50,8.724145,0.0
-50.0,50,9.246367,0.0
-50.0,50,9.780667,0.0
-50.0,50,10.302596,0.0
-50.0,50,10.822571,0.0
-48.0,50,11.348335,0.0
-48.0,50,11.880947,0.0
-50.0,50,12.406631,0.0
-50.0,50,12.928615,0.0
-50.0,50,13.455843,0.0
-44.0,50,13.991642,0.0
-50.0,50,14.511184,0.0
-50.0,50,15.03172,0.0
-50.0,50,15.557726,0.0
-46.0,50,16.090854,1.0
-50.0,50,16.615173,0.0
-50.0,50,17.150947,0.0
-50.0,50,17.67934,0.0
-39.0,50,20.281573,1.0
-50.0,50,20.806555,0.0
-50.0,50,21.32541,0.0
-50.0,50,21.84762,0.0
-50.0,50,22.382308,0.0
-50.0,50,22.908489,0.0
-45.0,50,23.431558,0.0
-36.0,50,23.955159,0.0
-50.0,50,24.485915,0.0
-50.0,50,25.013273,0.0
-50.0,50,25.543856,0.0
-50.0,50,26.064416,0.0
-50.0,50,26.595643,0.0
-49.0,50,27.12085,1.0
-48.0,50,27.639785,0.0
-50.0,50,28.163587,0.0
-50.0,50,28.696422,0.0
-50.0,50,29.217607,0.0
-50.0,50,29.740587,0.0
-50.0,50,30.267606,0.0
-50.0,50,30.799017,0.0
-50.0,50,31.319951,0.0
-50.0,50,31.840931,0.0
-50.0,50,32.362882,0.0
-50.0,50,32.894722,0.0
-50.0,50,33.41798,0.0
-50.0,50,33.940439,0.0
-50.0,50,34.470963,0.0
-50.0,50,35.003796,0.0
-50.0,50,35.525722,0.0
-50.0,50,36.050028,0.0
-47.0,50,36.571869,0.0
-50.0,50,37.104885,0.0
-50.0,50,37.632509,0.0
-50.0,50,38.164063,0.0
-50.0,50,38.694896,0.0
-50.0,50,39.228867,0.0
-50.0,50,39.75081,0.0
-50.0,50,40.272536,0.0
-50.0,50,40.798686,0.0
-49.0,50,43.478629,0.0
-50.0,50,44.004915,0.0
-48.0,50,44.540025,0.0
-50.0,50,45.069966,0.0
-50.0,50,45.608157,0.0
-50.0,50,46.131553,0.0
-50.0,50,46.666276,0.0
-50.0,50,47.209797,0.0
-50.0,50,47.758538,0.0
-50.0,50,48.288613,0.0
-47.0,50,48.812577,0.0
-49.0,50,49.340682,0.0
-50.0,50,49.892837,0.0
-48.0,50,50.425042,0.0
-27.0,50,50.956571,0.0
-50.0,50,51.485032,0.0
-50.0,50,52.053771,0.0
-47.0,50,52.587978,0.0
-41.0,50,53.113625,0.0
-48.0,50,53.651145,0.0
-50.0,50,54.194146,0.0
-37.0,50,54.72187,0.0
-44.0,50,55.257889,0.0
-48.0,50,55.793045,0.0
-50.0,50,56.338717,0.0
-49.0,50,56.868496,0.0
-48.0,50,57.394857,0.0
-36.0,50,57.92066,0.0
-38.0,50,58.454247,0.0
-27.0,50,58.979144,0.0
-48.0,50,59.508163,0.0
-48.0,50,60.034908,0.0
-48.0,50,60.572401,0.0
-43.0,50,61.100559,0.0
-42.0,50,61.635027,0.0
-50.0,50,62.165768,0.0
-37.0,50,62.703411,1.0
-37.0,50,63.230801,1.0
-40.0,50,63.762297,0.0
-35.0,50,64.295839,0.0
-33.0,50,66.911528,0.0
-41.0,50,67.434031,1.0
-24.0,50,67.958507,0.0
-40.0,50,68.476829,0.0
-30.0,50,69.004715,0.0
-32.0,50,69.524071,0.0
-24.0,50,70.044213,0.0
-29.0,50,70.561357,1.0
-33.0,50,71.093553,1.0
-26.0,50,71.618971,1.0
-14.0,50,72.142776,0.0
-19.0,50,72.663893,0.0
-37.0,50,73.192509,0.0
-32.0,50,73.7191,0.0
-41.0,50,74.234761,0.0
-32.0,50,74.754649,1.0
-20.0,50,75.290991,0.0
-29.0,50,75.819201,1.0
-25.0,50,76.342548,0.0
-36.0,50,76.862384,1.0
-11.0,50,77.408293,1.0
-5.0,50,77.936034,0.0
-34.0,50,78.453369,1.0
-20.0,50,78.971023,0.0
-17.0,50,79.505875,1.0
-24.0,50,80.021944,1.0
-20.0,50,80.547418,1.0
-7.0,50,81.08265,1.0
-6.0,50,81.627394,1.0
-11.0,50,82.153181,1.0
-11.0,50,82.687355,1.0
-32.0,50,83.216128,1.0
-22.0,50,83.760611,1.0
-25.0,50,84.285158,1.0
-12.0,50,84.815595,1.0
-26.0,50,85.341507,1.0
-10.0,50,85.879339,1.0
-11.0,50,86.405114,1.0
-7.0,50,86.929537,1.0
-16.0,50,87.462666,1.0
-25.0,50,90.079205,1.0
-5.0,50,90.609577,1.0
-5.0,50,91.134193,1.0
-31.0,50,91.666643,1.0
-16.0,50,92.204638,1.0
-19.0,50,92.737945,1.0
-12.0,50,93.268039,0.0
-21.0,50,93.791763,0.0
-16.0,50,94.358073,1.0
-22.0,50,94.883185,1.0
-12.0,50,95.410388,1.0
-16.0,50,95.937048,1.0
-3.0,50,96.481326,1.0
-21.0,50,97.014247,0.0
-1.0,50,97.539113,1.0
-6.0,50,98.072696,1.0
-17.0,50,98.613647,0.0
-4.0,50,99.147661,1.0
-10.0,50,99.685833,1.0
-18.0,50,100.217207,1.0
-11.0,50,100.755203,1.0
-1.0,50,101.282523,1.0
-1.0,50,101.808667,1.0
-10.0,50,102.335822,1.0
-10.0,50,102.873636,1.0
-10.0,50,103.401794,0.0
-13.0,50,103.929751,1.0
-11.0,50,104.463946,0.0
-1.0,50,105.001887,1.0
-8.0,50,105.530133,1.0
-11.0,50,106.059581,1.0
-1.0,50,106.585814,1.0
-6.0,50,107.136749,1.0
-4.0,50,107.670301,0.0
-18.0,50,108.202155,1.0
-6.0,50,108.730841,1.0
-9.0,50,109.273692,1.0
-2.0,50,109.80386,1.0
-9.0,50,110.332296,1.0
-5.0,50,110.862031,0.0
-9.0,50,113.484239,1.0
-2.0,50,114.018566,1.0
-8.0,50,114.551199,1.0
-3.0,50,115.084557,0.0
-6.0,50,115.626989,1.0
0.0,50,116.155055,1.0
-1.0,50,116.683471,1.0
-3.0,50,117.21277,1.0
-3.0,50,117.752914,1.0
-2.0,50,118.286108,1.0
-3.0,50,118.813962,1.0
-4.0,50,119.347578,1.0
-3.0,50,119.895111,1.0
-2.0,50,120.4204,1.0
-3.0,50,120.946295,1.0
-5.0,50,121.472012,1.0
-3.0,50,122.013108,1.0
-4.0,50,122.543959,1.0
-3.0,50,123.071589,1.0
-3.0,50,123.599459,1.0
-4.0,50,124.140735,1.0
-2.0,50,124.672078,1.0
-1.0,50,125.199864,1.0
-2.0,50,125.728341,1.0
-2.0,50,126.268247,1.0
-3.0,50,126.796288,1.0
-2.0,50,127.327974,1.0
-1.0,50,127.860413,1.0
-3.0,50,128.401085,1.0
-1.0,50,128.929791,1.0
-2.0,50,129.45827,1.0
-3.0,50,129.994362,1.0
-4.0,50,130.535126,1.0
-2.0,50,131.062905,1.0
-4.0,50,131.588688,1.0
-3.0,50,132.117334,1.0
-3.0,50,132.661351,1.0
-3.0,50,133.193629,1.0
0.0,50,133.721845,1.0
-1.0,50,134.249197,1.0
-1.0,50,136.906845,1.0
-1.0,50,137.445891,1.0
-1.0,50,137.975535,1.0
-2.0,50,138.511502,1.0
-3.0,50,139.049824,1.0
-2.0,50,139.575714,1.0
-3.0,50,140.110131,1.0
0.0,50,140.636017,1.0
0.0,50,141.172515,1.0
-1.0,50,141.698081,1.0
-1.0,50,142.225213,1.0
-2.0,50,142.752919,1.0
-1.0,50,143.295763,1.0
-1.0,50,143.820136,1.0
-1.0,50,144.341783,1.0
-3.0,50,144.86404,1.0
-2.0,50,145.402591,1.0
-1.0,50,145.926858,1.0
-3.0,50,146.45825,1.0
-2.0,50,146.981789,1.0
-3.0,50,147.525681,1.0
-2.0,50,148.049787,1.0
-1.0,50,148.573386,1.0
-2.0,50,149.102725,1.0
-1.0,50,149.636945,1.0
-2.0,50,150.157814,1.0
-1.0,50,150.677234,1.0
-3.0,50,151.210744,1.0
-3.0,50,151.744453,1.0
-1.0,50,152.266218,1.0
-1.0,50,152.789187,1.0
-2.0,50,153.310609,1.0
-3.0,50,153.852602,1.0
-3.0,50,154.385957,1.0
-2.0,50,154.914681,1.0
-1.0,50,155.436113,1.0
-2.0,50,155.96851,1.0
-2.0,50,156.489711,1.0
0.0,50,157.013939,1.0
0.0,50,157.537198,1.0
-1.0,50,160.174857,1.0
0.0,50,160.697407,1.0
-1.0,50,161.218323,1.0
-2.0,50,161.73881,1.0
-2.0,50,162.272357,1.0
-4.0,50,162.802956,1.0
-2.0,50,163.325787,1.0
-3.0,50,163.858112,1.0
-1.0,50,164.390789,1.0
-2.0,50,164.913179,1.0
0.0,50,165.436112,1.0
-1.0,50,165.96016,1.0
-2.0,50,166.504395,1.0
-1.0,50,167.040254,1.0
-2.0,50,167.567138,1.0
-2.0,50,168.091692,1.0
-2.0,50,168.638464,1.0
-2.0,50,169.169298,1.0
-2.0,50,169.698457,1.0
-2.0,50,170.229531,1.0
-2.0,50,170.763088,1.0
-3.0,50,171.288404,1.0
-2.0,50,171.821507,1.0
-1.0,50,172.344371,1.0
-2.0,50,172.887064,1.0
-1.0,50,173.410729,1.0
-2.0,50,173.937843,1.0
-2.0,50,174.467574,1.0
-1.0,50,175.001012,1.0
-2.0,50,175.532424,1.0
-2.0,50,176.058837,1.0
-2.0,50,176.583916,1.0
-2.0,50,177.122752,1.0
0.0,50,177.643309,1.0
-3.0,50,178.178483,1.0
-1.0,50,178.703812,1.0
-2.0,50,179.240361,1.0
-2.0,50,179.773224,1.0
0.0,50,180.299741,1.0
-2.0,50,180.822683,1.0
0.0,50,183.438884,1.0
-2.0,50,183.966219,1.0
-2.0,50,184.489745,1.0
-2.0,50,185.011878,1.0
0.0,50,185.549377,1.0
-2.0,50,186.080402,1.0
-2.0,50,186.603211,1.0
-1.0,50,187.129281,1.0
0.0,50,187.664197,1.0
-1.0,50,188.187386,1.0
-2.0,50,188.709361,1.0
-3.0,50,189.236476,1.0
-1.0,50,189.770069,1.0
0.0,50,190.291177,1.0
-2.0,50,190.821086,1.0
-1.0,50,191.343961,1.0
-2.0,50,191.878788,1.0
-1.0,50,192.402791,1.0
0.0,50,192.9245,1.0
-2.0,50,193.46138,1.0
-2.0,50,194.004389,1.0
-2.0,50,194.526556,1.0
-2.0,50,195.058234,1.0
-1.0,50,195.588036,1.0
-1.0,50,196.124802,1.0
-2.0,50,196.658809,1.0
-2.0,50,197.193838,1.0
-1.0,50,197.718265,1.0
-1.0,50,198.252593,1.0
-3.0,50,198.787649,1.0
0.0,50,199.310506,1.0
-3.0,50,199.835,1.0
-2.0,50,200.371627,1.0
-2.0,50,200.899146,1.0
-2.0,50,201.421409,1.0
-1.0,50,201.944765,1.0
0.0,50,202.47978,1.0
-2.0,50,203.001185,1.0
0.0,50,203.529301,1.0
0.0,50,204.054234,1.0
0.0,50,206.666174,1.0
-1.0,50,207.193122,1.0
0.0,50,207.719788,1.0
0.0,50,208.245795,1.0
-3.0,50,208.787575,1.0
-2.0,50,209.317328,1.0
-3.0,50,209.842399,1.0
-1.0,50,210.367863,1.0
-1.0,50,210.903862,1.0
-2.0,50,211.436852,1.0
-2.0,50,211.962655,1.0
-1.0,50,212.485929,1.0
-2.0,50,213.023548,1.0
-3.0,50,213.555386,1.0
-1.0,50,214.081279,1.0
-3.0,50,214.607266,1.0
-2.0,50,215.141852,1.0
-1.0,50,215.666272,1.0
-2.0,50,216.197965,1.0
-1.0,50,216.720479,1.0
-1.0,50,217.260132,1.0
-3.0,50,217.795039,1.0
-2.0,50,218.319091,1.0
-2.0,50,218.84796,1.0
-1.0,50,219.382956,1.0
-3.0,50,219.906721,1.0
-1.0,50,220.431272,1.0
0.0,50,220.953198,1.0
-2.0,50,221.491986,1.0
-2.0,50,222.029387,1.0
-1.0,50,222.555221,1.0
-1.0,50,223.082157,1.0
-1.0,50,223.621055,1.0
-2.0,50,224.155532,1.0
-1.0,50,224.677299,1.0
-2.0,50,225.201521,1.0
-1.0,50,225.737616,1.0
-3.0,50,226.25891,1.0
-2.0,50,226.78225,1.0
0.0,50,227.316818,1.0
-2.0,50,229.912874,1.0
-2.0,50,230.438837,1.0
0.0,50,230.962912,1.0
-3.0,50,231.485015,1.0
-1.0,50,232.021361,1.0
-2.0,50,232.546689,1.0
-1.0,50,233.069449,1.0
-1.0,50,233.593035,1.0
0.0,50,234.127363,1.0
-3.0,50,234.651311,1.0
-3.0,50,235.183429,1.0
-3.0,50,235.708338,1.0
0.0,50,236.242251,1.0
-2.0,50,236.768079,1.0
-2.0,50,237.297991,1.0
-2.0,50,237.823093,1.0
-2.0,50,238.357523,1.0
-2.0,50,238.88909,1.0
-2.0,50,239.412486,1.0
-3.0,50,239.935871,1.0
-1.0,50,240.471092,1.0
0.0,50,240.993404,1.0
0.0,50,241.515598,1.0
-1.0,50,242.040739,1.0
-2.0,50,242.577315,1.0
0.0,50,243.101228,1.0
-3.0,50,243.623902,1.0
0.0,50,244.145965,1.0
-1.0,50,244.682168,1.0
-2.0,50,245.206787,1.0
-1.0,50,245.729022,1.0
-2.0,50,246.252064,1.0
-1.0,50,246.800031,1.0
-1.0,50,247.324844,1.0
-1.0,50,247.850403,1.0
0.0,50,248.375278,1.0
-1.0,50,248.912439,1.0
-3.0,50,249.438377,1.0
-2.0,50,249.974529,1.0
-2.0,50,250.502077,1.0
-2.0,50,253.098261,1.0
-3.0,50,253.636299,1.0
-2.0,50,254.164692,1.0
-1.0,50,254.692296,1.0
-3.0,50,255.236173,1.0
-2.0,50,255.767932,1.0
-2.0,50,256.296537,1.0
0.0,50,256.830676,1.0
-2.0,50,257.396721,1.0
-1.0,50,257.926247,1.0
-1.0,50,258.453904,1.0
-2.0,50,258.990597,1.0
-3.0,50,259.534535,1.0
-1.0,50,260.062354,1.0
-2.0,50,260.599409,1.0
-2.0,50,261.134686,1.0
-3.0,50,261.682673,1.0
-2.0,50,262.223744,1.0
-3.0,50,262.760185,1.0
-2.0,50,263.297494,1.0
0.0,50,263.837074,1.0
-3.0,50,264.372013,1.0
-3.0,50,264.89971,1.0
-3.0,50,265.435053,1.0
-2.0,50,265.976437,1.0
-3.0,50,266.506796,1.0
-4.0,50,267.034969,1.0
-3.0,50,267.564054,1.0
-1.0,50,268.10429,1.0
-2.0,50,268.632608,1.0
-2.0,50,269.160018,1.0
-2.0,50,269.688379,1.0
0.0,50,270.225513,1.0
-2.0,50,270.756291,1.0
-1.0,50,271.281297,1.0
-1.0,50,271.80415,1.0
-3.0,50,272.348322,1.0
-2.0,50,272.872362,1.0
-3.0,50,273.40426,1.0
-2.0,50,273.927333,1.0
0.0,50,276.5675,1.0
-3.0,50,277.096537,1.0
0.0,50,277.619266,1.0
-3.0,50,278.144193,1.0
0.0,50,278.678419,1.0
-2.0,50,279.21127,1.0
0.0,50,279.735308,1.0
-1.0,50,280.26254,1.0
-1.0,50,280.799249,1.0
0.0,50,281.324501,1.0
-3.0,50,281.846832,1.0
-2.0,50,282.37916,1.0
-2.0,50,282.919673,1.0
-1.0,50,283.443158,1.0
-2.0,50,283.964441,1.0
-2.0,50,284.490665,1.0
-2.0,50,285.026405,1.0
-1.0,50,285.550562,1.0
-1.0,50,286.075043,1.0
-2.0,50,286.605102,1.0
-2.0,50,287.155608,1.0
-1.0,50,287.683345,1.0
-1.0,50,288.209633,1.0
-1.0,50,288.738117,1.0
-3.0,50,289.272308,1.0
-2.0,50,289.797235,1.0
-2.0,50,290.322898,1.0
-2.0,50,290.856687,1.0
-2.0,50,291.393494,1.0
-2.0,50,291.924099,1.0
-1.0,50,292.45368,1.0
0.0,50,292.983715,1.0
0.0,50,293.524643,1.0
-2.0,50,294.062084,1.0
-1.0,50,294.591454,1.0
-1.0,50,295.120621,1.0
-2.0,50,295.670115,1.0
-2.0,50,296.199904,1.0
-2.0,50,296.729225,1.0
-1.0,50,297.260782,1.0
-1.0,50,299.907397,1.0
0.0,50,300.437011,1.0
-2.0,50,300.966543,1.0
-3.0,50,301.494988,1.0
-2.0,50,302.040515,1.0
-2.0,50,302.571163,1.0
-1.0,50,303.100855,1.0
-1.0,50,303.633529,1.0
-1.0,50,304.176812,1.0
-1.0,50,304.706886,1.0
-3.0,50,305.235412,1.0
-1.0,50,305.764194,1.0
-2.0,50,306.315565,1.0
-2.0,50,306.846552,1.0
0.0,50,307.375571,1.0
-1.0,50,307.904523,1.0
-1.0,50,308.447027,1.0
-1.0,50,308.980892,1.0
0.0,50,309.51438,1.0
-1.0,50,310.046774,1.0
-3.0,50,310.59059,1.0
-2.0,50,311.126469,1.0
-1.0,50,311.656029,1.0
-2.0,50,312.18676,1.0
-1.0,50,312.732843,1.0
-1.0,50,313.263815,1.0
-3.0,50,313.793678,1.0
-1.0,50,314.328916,1.0
0.0,50,314.887839,1.0
-2.0,50,315.419682,1.0
0.0,50,315.951889,1.0
-2.0,50,316.492466,1.0
-2.0,50,317.055054,1.0
-2.0,50,317.588709,1.0
-1.0,50,318.119911,1.0
-2.0,50,318.65192,1.0
-1.0,50,319.194455,1.0
-1.0,50,319.725543,1.0
-3.0,50,320.266389,1.0
-2.0,50,320.806866,1.0
-1.0,50,323.429195,1.0
-2.0,50,323.960433,1.0
-1.0,50,324.497647,1.0
-2.0,50,325.028639,1.0
-1.0,50,325.569483,1.0
-2.0,50,326.101816,1.0
-2.0,50,326.640373,1.0
-2.0,50,327.171025,1.0
-2.0,50,327.723248,1.0
-2.0,50,328.264018,1.0
-3.0,50,328.793818,1.0
0.0,50,329.324252,1.0
0.0,50,329.892612,1.0
-1.0,50,330.427039,1.0
-2.0,50,330.962922,1.0
-2.0,50,331.499088,1.0
-1.0,50,332.043247,1.0
-3.0,50,332.574568,1.0
-1.0,50,333.104548,1.0
-1.0,50,333.635544,1.0
-1.0,50,334.178626,1.0
-2.0,50,334.70771,1.0
-2.0,50,335.246506,1.0
-1.0,50,335.778539,1.0
-2.0,50,336.321868,1.0
-1.0,50,336.853283,1.0
-2.0,50,337.385679,1.0
-2.0,50,337.92755,1.0
-2.0,50,338.470554,1.0
0.0,50,339.000913,1.0
-1.0,50,339.53373,1.0
0.0,50,340.064019,1.0
-2.0,50,340.60882,1.0
-2.0,50,341.142547,1.0
-2.0,50,341.674767,1.0
-2.0,50,342.207281,1.0
-2.0,50,342.748771,1.0
0.0,50,343.279618,1.0
-2.0,50,343.809739,1.0
-1.0,50,344.342504,1.0
-2.0,50,346.958279,1.0
0.0,50,347.492117,1.0
-3.0,50,348.03139,1.0
-2.0,50,348.566294,1.0
0.0,50,349.11104,1.0
-3.0,50,349.641378,1.0
-2.0,50,350.178838,1.0
-2.0,50,350.712159,1.0
-3.0,50,351.258007,1.0
-1.0,50,351.79073,1.0
0.0,50,352.323775,1.0
-2.0,50,352.855419,1.0
-1.0,50,353.402441,1.0
-2.0,50,353.938806,1.0
-2.0,50,354.47283,1.0
-2.0,50,355.006051,1.0
0.0,50,355.548199,1.0
0.0,50,356.07941,1.0
-1.0,50,356.611279,1.0
-1.0,50,357.143869,1.0
-2.0,50,357.687541,1.0
-2.0,50,358.224899,1.0
-2.0,50,358.759497,1.0
-3.0,50,359.290108,1.0
-2.0,50,359.841818,1.0
-2.0,50,360.380694,1.0
-1.0,50,360.912808,1.0
-1.0,50,361.444551,1.0
-1.0,50,361.98941,1.0
-2.0,50,362.5208,1.0
-1.0,50,363.050565,1.0
-2.0,50,363.587545,1.0
-2.0,50,364.129096,1.0
-3.0,50,364.669261,1.0
-2.0,50,365.201148,1.0
-2.0,50,365.730212,1.0
-2.0,50,366.273068,1.0
-2.0,50,366.813951,1.0
-2.0,50,367.352355,1.0
-1.0,50,367.884341,1.0
-1.0,50,370.539649,1.0
-2.0,50,371.074659,1.0
-1.0,50,371.600316,1.0
-2.0,50,372.127419,1.0
-3.0,50,372.675422,1.0
-2.0,50,373.201248,1.0
-2.0,50,373.729498,1.0
-2.0,50,374.263012,1.0
0.0,50,374.802729,1.0
-1.0,50,375.328632,1.0
-1.0,50,375.854258,1.0
-2.0,50,376.380189,1.0
-2.0,50,376.941461,1.0
-1.0,50,377.469229,1.0
-1.0,50,377.994415,1.0
-1.0,50,378.519394,1.0
-2.0,50,379.056475,1.0
-2.0,50,379.590399,1.0
-1.0,50,380.116725,1.0
-2.0,50,380.646938,1.0
-1.0,50,381.188286,1.0
-1.0,50,381.717358,1.0
-1.0,50,382.244472,1.0
-1.0,50,382.770856,1.0
-2.0,50,383.323239,1.0
-2.0,50,383.854277,1.0
-2.0,50,384.394391,1.0
-2.0,50,384.934188,1.0
0.0,50,385.475347,1.0
-2.0,50,386.011621,1.0
-2.0,50,386.542051,1.0
-1.0,50,387.071133,1.0
-1.0,50,387.612344,1.0
-1.0,50,388.140755,1.0
-1.0,50,388.671827,1.0
-2.0,50,389.201046,1.0
0.0,50,389.743479,1.0
-1.0,50,390.273496,1.0
-26.0,50,390.808335,0.0
-37.0,50,391.340885,1.0
-2.0,50,394.008154,1.0
-2.0,50,394.538303,1.0
-2.0,50,395.068538,1.0
-1.0,50,395.604208,1.0
-2.0,50,396.151923,1.0
-1.0,50,396.68627,1.0
-2.0,50,397.219374,1.0
-3.0,50,397.753268,1.0
-2.0,50,398.294181,1.0
-1.0,50,398.825547,1.0
-2.0,50,399.368323,1.0
-3.0,50,399.91051,1.0
-2.0,50,400.450215,1.0
-1.0,50,400.978747,1.0
-2.0,50,401.514273,1.0
-1.0,50,402.044146,1.0
-1.0,50,402.586363,1.0
-2.0,50,403.123735,1.0
-3.0,50,403.655186,1.0
-2.0,50,404.184511,1.0
-3.0,50,404.737463,1.0
-2.0,50,405.266879,1.0
-1.0,50,405.797122,1.0
0.0,50,406.325832,1.0
-2.0,50,406.875165,1.0
-1.0,50,407.418352,1.0
-2.0,50,407.958833,1.0
-1.0,50,408.489448,1.0
-2.0,50,409.029863,1.0
-2.0,50,409.558407,1.0
-1.0,50,410.087202,1.0
-3.0,50,410.617394,1.0
-1.0,50,411.157863,1.0
-1.0,50,411.68895,1.0
-1.0,50,412.223715,1.0
-1.0,50,412.757596,1.0
-2.0,50,413.301368,1.0
-1.0,50,413.810188,1.0
-2.0,50,414.316663,1.0
-2.0,50,414.82987,1.0
-2.0,50,420.830661,1.0
-2.0,50,422.115942,1.0
-2.0,50,423.262113,1.0
-2.0,50,424.403489,1.0
-1.0,50,425.561146,1.0
-2.0,50,426.724999,1.0
-1.0,50,427.873214,1.0
0.0,50,429.015445,1.0
-2.0,50,430.178459,1.0
-2.0,50,431.337614,1.0
0.0,50,432.480291,1.0
-2.0,50,433.624644,1.0
0.0,50,434.800308,1.0
0.0,50,435.942437,1.0
-1.0,50,437.114317,1.0
-1.0,50,438.276091,1.0
-2.0,50,439.443261,1.0
-2.0,50,440.596609,1.0
-1.0,50,441.91397,1.0
-2.0,50,443.072282,1.0
-2.0,50,444.237867,1.0
-2.0,50,445.390355,1.0
-2.0,50,446.563088,1.0
-1.0,50,447.71227,1.0
-2.0,50,448.874544,1.0
-2.0,50,450.039579,1.0
-2.0,50,451.184376,1.0
-1.0,50,452.333858,1.0
0.0,50,453.489821,1.0
-3.0,50,454.630971,1.0
-1.0,50,455.790148,1.0
-2.0,50,456.944751,1.0
-3.0,50,458.123022,1.0
-3.0,50,459.265266,1.0
-2.0,50,460.408433,1.0
-3.0,50,461.57612,1.0
-1.0,50,462.738718,1.0
-2.0,50,463.884504,1.0
-1.0,50,465.034841,1.0
-2.0,50,466.182388,1.0
-2.0,50,472.186249,1.0
-1.0,50,473.329377,1.0
-1.0,50,474.474394,1.0
-2.0,50,475.645085,1.0
-2.0,50,476.819559,1.0
-2.0,50,478.006088,1.0
-2.0,50,479.178086,1.0
0.0,50,480.353388,1.0
-2.0,50,481.54361,1.0
-1.0,50,482.710419,1.0
-2.0,50,483.884593,1.0
-2.0,50,485.072224,1.0
-2.0,50,486.271415,1.0
-2.0,50,487.463455,1.0
-3.0,50,488.646904,1.0
0.0,50,489.812867,1.0
-2.0,50,491.010955,1.0
0.0,50,492.17615,1.0
-2.0,50,493.333698,1.0
-1.0,50,494.475906,1.0
-1.0,50,495.644491,1.0
-3.0,50,496.8158,1.0
-1.0,50,497.977638,1.0
-1.0,50,499.137424,1.0
-2.0,50,500.316104,1.0
-3.0,50,501.482878,1.0
-1.0,50,502.635959,1.0
-3.0,50,503.783223,1.0
-3.0,50,504.952035,1.0
0.0,50,506.096965,1.0
-2.0,50,507.250882,1.0
-1.0,50,508.400109,1.0
-2.0,50,509.589384,1.0
-2.0,50,510.733696,1.0
-2.0,50,511.901738,1.0
-2.0,50,513.059194,1.0
-3.0,50,514.258628,1.0
-3.0,50,515.436439,1.0
-1.0,50,516.6009,1.0
-2.0,50,517.775285,1.0
-2.0,50,523.877659,1.0
-2.0,50,525.03509,1.0
-2.0,50,526.180008,1.0
-2.0,50,527.342157,1.0
0.0,50,528.501095,1.0
-1.0,50,529.644542,1.0
-2.0,50,530.81075,1.0
-1.0,50,531.964798,1.0
-2.0,50,533.145735,1.0
-2.0,50,534.317046,1.0
0.0,50,535.482909,1.0
-1.0,50,536.653853,1.0
-1.0,50,537.837361,1.0
-1.0,50,539.005785,1.0
-2.0,50,540.197465,1.0
-1.0,50,541.369844,1.0
-1.0,50,542.557459,1.0
0.0,50,543.732684,1.0
-1.0,50,544.908602,1.0
-2.0,50,546.080846,1.0
-7.0,50,547.266835,1.0
-25.0,50,548.43586,1.0
-2.0,50,549.628188,1.0
-2.0,50,550.793138,1.0
-1.0,50,552.073457,1.0
-1.0,50,553.262337,1.0
-1.0,50,554.432377,1.0
-1.0,50,555.592046,1.0
0.0,50,556.771134,1.0
0.0,50,557.45967,1.0
-2.0,50,557.999729,1.0
0.0,50,558.516202,1.0
-2.0,50,559.049866,1.0
-2.0,50,559.572058,1.0
-1.0,50,560.097691,1.0
-2.0,50,560.63071,1.0
-3.0,50,561.174457,1.0
-2.0,50,561.70099,1.0
0.0,50,562.221627,1.0
-2.0,50,562.749237,1.0
-2.0,50,565.328115,1.0
-1.0,50,565.846668,1.0
-1.0,50,566.368896,1.0
-2.0,50,566.892635,1.0
-1.0,50,567.430182,1.0
-2.0,50,567.960725,1.0
-1.0,50,568.48838,1.0
-2.0,50,569.012119,1.0
-3.0,50,569.548734,1.0
-2.0,50,570.072744,1.0
-2.0,50,570.604949,1.0
0.0,50,571.128662,1.0
-2.0,50,571.676784,1.0
-1.0,50,572.201042,1.0
0.0,50,572.727183,1.0
0.0,50,573.250617,1.0
-1.0,50,573.787113,1.0
0.0,50,574.312113,1.0
-3.0,50,574.847741,1.0
0.0,50,575.369925,1.0
0.0,50,575.90441,1.0
0.0,50,576.429674,1.0
-2.0,50,576.952636,1.0
-1.0,50,577.476776,1.0
-2.0,50,578.019801,1.0
-3.0,50,578.555067,1.0
-3.0,50,579.091186,1.0
-2.0,50,579.626321,1.0
-2.0,50,580.184007,1.0
-1.0,50,580.715565,1.0
-2.0,50,581.252206,1.0
-2.0,50,581.781387,1.0
-2.0,50,582.330544,1.0
-2.0,50,582.870355,1.0
-1.0,50,583.404554,1.0
-2.0,50,583.938774,1.0
-2.0,50,584.49151,1.0
-3.0,50,585.030995,1.0
-4.0,50,585.575924,1.0
-1.0,50,586.116069,1.0
-2.0,50,588.735421,1.0
-2.0,50,589.291841,1.0
-2.0,50,589.839035,1.0
-2.0,50,590.369725,1.0
-3.0,50,590.906596,1.0
-2.0,50,591.435462,1.0
-1.0,50,591.9639,1.0
-1.0,50,592.49474,1.0
0.0,50,593.03089,1.0
-2.0,50,593.561174,1.0
-6.0,50,594.087666,0.0
-2.0,50,594.621756,1.0
-1.0,50,595.160229,1.0
-1.0,50,595.710876,1.0
0.0,50,596.24048,1.0
-2.0,50,596.781409,1.0
0.0,50,597.319393,1.0
-2.0,50,597.847322,1.0
-1.0,50,598.376584,1.0
-2.0,50,598.906533,1.0
-1.0,50,599.449051,1.0
-3.0,50,599.97729,1.0
-2.0,50,600.513033,1.0
0.0,50,601.042639,1.0
-1.0,50,601.592056,1.0
-2.0,50,602.122446,1.0
-2.0,50,602.661048,1.0
-2.0,50,603.19598,1.0
-3.0,50,603.73867,1.0
0.0,50,604.270392,1.0
-1.0,50,604.802097,1.0
-2.0,50,605.34108,1.0
0.0,50,605.88229,1.0
-1.0,50,606.410225,1.0
-2.0,50,606.938661,1.0
-3.0,50,607.476403,1.0
-2.0,50,608.02521,1.0
-1.0,50,608.555154,1.0
-1.0,50,609.085417,1.0
-2.0,50,609.614754,1.0
-1.0,50,612.265479,1.0
-2.0,50,612.803369,1.0
-2.0,50,613.335837,1.0
-2.0,50,613.865985,1.0
-2.0,50,614.411911,1.0
-1.0,50,614.940899,1.0
-2.0,50,615.468767,1.0
-1.0,50,615.998462,1.0
-3.0,50,616.539668,1.0
-2.0,50,617.080039,1.0
0.0,50,617.609044,1.0
0.0,50,618.136115,1.0
-3.0,50,618.67449,1.0
0.0,50,619.203303,1.0
-2.0,50,619.739943,1.0
-2.0,50,620.280087,1.0
-2.0,50,620.820814,1.0
-1.0,50,621.35058,1.0
-2.0,50,621.884077,1.0
-2.0,50,622.411794,1.0
-2.0,50,622.95178,1.0
0.0,50,623.480363,1.0
-2.0,50,624.008969,1.0
-2.0,50,624.543169,1.0
-2.0,50,625.091158,1.0
0.0,50,625.619803,1.0
-2.0,50,626.146935,1.0
-3.0,50,626.682931,1.0
-2.0,50,627.230639,1.0
-2.0,50,627.760797,1.0
-2.0,50,628.289768,1.0
-2.0,50,628.820765,1.0
-2.0,50,629.361639,1.0
-2.0,50,629.890569,1.0
-2.0,50,630.41809,1.0
-1.0,50,630.947882,1.0
0.0,50,631.488334,1.0
-1.0,50,632.021272,1.0
-2.0,50,632.550798,1.0
-2.0,50,633.08969,1.0
-3.0,50,635.738029,1.0
0.0,50,636.268121,1.0
-3.0,50,636.806229,1.0
-2.0,50,637.335546,1.0
-2.0,50,637.87623,1.0
-2.0,50,638.417259,1.0
-2.0,50,638.943035,1.0
-2.0,50,639.478713,1.0
-2.0,50,640.030116,1.0
0.0,50,640.560977,1.0
-3.0,50,641.089749,1.0
-2.0,50,641.620368,1.0
-1.0,50,642.162121,1.0
-1.0,50,642.692591,1.0
-1.0,50,643.223373,1.0
-2.0,50,643.761749,1.0
-2.0,50,644.305512,1.0
-2.0,50,644.833835,1.0
-2.0,50,645.366579,1.0
0.0,50,645.897437,1.0
-2.0,50,646.465147,1.0
-2.0,50,647.017071,1.0
-2.0,50,647.552053,1.0
-1.0,50,648.088017,1.0
-3.0,50,648.633708,1.0
-2.0,50,649.165398,1.0
0.0,50,649.698146,1.0
-1.0,50,650.236023,1.0
-1.0,50,650.790063,1.0
-3.0,50,651.331958,1.0
-3.0,50,651.878878,1.0
-1.0,50,652.412167,1.0
-1.0,50,652.956405,1.0
-2.0,50,653.482093,1.0
-2.0,50,654.010489,1.0
-2.0,50,654.540661,1.0
-2.0,50,655.08151,1.0
-2.0,50,655.620222,1.0
-2.0,50,656.148399,1.0
-2.0,50,656.678952,1.0
-3.0,50,659.282036,1.0
-1.0,50,659.811602,1.0
-2.0,50,660.3432,1.0
-4.0,50,660.869616,1.0
-8.0,50,661.41517,1.0
-3.0,50,661.953412,1.0
0.0,50,662.484115,1.0
-2.0,50,663.017871,1.0
-2.0,50,663.554498,1.0
-1.0,50,664.083679,1.0
-3.0,50,664.616744,1.0
-3.0,50,665.142333,1.0
-2.0,50,665.68544,1.0
-2.0,50,666.217284,1.0
-1.0,50,666.751213,1.0
-2.0,50,667.287243,1.0
0.0,50,667.827326,1.0
-1.0,50,668.358924,1.0
0.0,50,668.891972,1.0
-2.0,50,669.425233,1.0
-1.0,50,669.967981,1.0
-3.0,50,670.497161,1.0
-3.0,50,671.025498,1.0
-1.0,50,671.55657,1.0
-2.0,50,672.09717,1.0
0.0,50,672.62746,1.0
-2.0,50,673.170502,1.0
-2.0,50,673.701495,1.0
-2.0,50,674.244932,1.0
0.0,50,674.776954,1.0
-2.0,50,675.306752,1.0
-2.0,50,675.839007,1.0
-1.0,50,676.387187,1.0
-2.0,50,676.941293,1.0
0.0,50,677.471968,1.0
-2.0,50,678.003556,1.0
-1.0,50,678.550377,1.0
0.0,50,679.080505,1.0
-2.0,50,679.610133,1.0
-1.0,50,680.137088,1.0
-1.0,50,682.791852,1.0
-2.0,50,683.325298,1.0
-2.0,50,683.859583,1.0
-4.0,50,684.388625,1.0
-2.0,50,684.931299,1.0
-2.0,50,685.46022,1.0
-2.0,50,685.987127,1.0
-2.0,50,686.515687,1.0
-3.0,50,687.068419,1.0
-2.0,50,687.602237,1.0
0.0,50,688.127977,1.0
-3.0,50,688.653836,1.0
-2.0,50,689.193618,1.0
0.0,50,689.722081,1.0
-2.0,50,690.249609,1.0
-2.0,50,690.777284,1.0
-10.0,50,691.315075,1.0
-4.0,50,691.841193,1.0
-1.0,50,692.377334,1.0
-2.0,50,692.909158,1.0
-1.0,50,693.458133,1.0
-2.0,50,693.985237,1.0
-2.0,50,694.521659,1.0
-1.0,50,695.050391,1.0
-2.0,50,695.592504,1.0
-2.0,50,696.121234,1.0
-2.0,50,696.647474,1.0
-2.0,50,697.173575,1.0
0.0,50,697.712299,1.0
-2.0,50,698.248392,1.0
-3.0,50,698.775203,1.0
-3.0,50,699.303185,1.0
-2.0,50,699.847504,1.0
-3.0,50,700.389672,1.0
0.0,50,700.919711,1.0
-3.0,50,701.464384,1.0
-1.0,50,702.007191,1.0
0.0,50,702.534273,1.0
-1.0,50,703.061215,1.0
-1.0,50,703.587564,1.0
-2.0,50,706.2139,1.0
-1.0,50,706.746074,1.0
-1.0,50,707.286183,1.0
-2.0,50,707.823832,1.0
-1.0,50,708.366693,1.0
-2.0,50,708.894972,1.0
-2.0,50,709.428471,1.0
0.0,50,709.955554,1.0
-2.0,50,710.498626,1.0
-3.0,50,711.027644,1.0
-2.0,50,711.555662,1.0
-1.0,50,712.088837,1.0
-2.0,50,712.633337,1.0
0.0,50,713.163782,1.0
-3.0,50,713.704937,1.0
-2.0,50,714.232533,1.0
-2.0,50,714.7842,1.0
-2.0,50,715.32158,1.0
-3.0,50,715.860428,1.0
-1.0,50,716.39784,1.0
0.0,50,716.937481,1.0
-2.0,50,717.468322,1.0
-2.0,50,718.00038,1.0
-4.0,50,718.534411,1.0
-1.0,50,719.074202,1.0
-1.0,50,719.603695,1.0
-3.0,50,720.148262,1.0
-3.0,50,720.687485,1.0
-2.0,50,721.236534,1.0
-3.0,50,721.765407,1.0
-1.0,50,722.293348,1.0
-2.0,50,722.827208,1.0
-3.0,50,723.367316,1.0
-2.0,50,723.902468,1.0
-3.0,50,724.434331,1.0
-1.0,50,724.969989,1.0
-2.0,50,725.5083,1.0
-1.0,50,726.043507,1.0
-2.0,50,726.58478,1.0
-2.0,50,727.114542,1.0
-1.0,50,729.747635,1.0
-1.0,50,730.280385,1.0
-3.0,50,730.809302,1.0
0.0,50,731.339208,1.0
-3.0,50,731.881298,1.0
-2.0,50,732.414183,1.0
-2.0,50,732.954477,1.0
-3.0,50,733.491335,1.0
-2.0,50,734.036182,1.0
-2.0,50,734.563353,1.0
-1.0,50,735.096121,1.0
-2.0,50,735.629286,1.0
-2.0,50,736.178762,1.0
-2.0,50,736.716394,1.0
-1.0,50,737.261069,1.0
0.0,50,737.788379,1.0
-2.0,50,738.328456,1.0
-3.0,50,738.856293,1.0
-1.0,50,739.383359,1.0
-1.0,50,739.911303,1.0
-2.0,50,740.448732,1.0
0.0,50,740.975379,1.0
-3.0,50,741.508242,1.0
-2.0,50,742.034837,1.0
-3.0,50,742.58263,1.0
-2.0,50,743.117424,1.0
-2.0,50,743.651191,1.0
-3.0,50,744.1931,1.0
-2.0,50,744.743798,1.0
-2.0,50,745.278945,1.0
-2.0,50,745.815509,1.0
-3.0,50,746.355417,1.0
-2.0,50,746.912021,1.0
-2.0,50,747.451576,1.0
-1.0,50,747.988299,1.0
-2.0,50,748.530686,1.0
-2.0,50,749.080669,1.0
-2.0,50,749.616637,1.0
-1.0,50,750.155322,1.0
-1.0,50,750.694078,1.0
-2.0,50,753.342717,1.0
-1.0,50,753.880377,1.0
-3.0,50,754.424503,1.0
-2.0,50,754.951223,1.0
-1.0,50,755.495223,1.0
-1.0,50,756.023293,1.0
-1.0,50,756.549193,1.0
0.0,50,757.075191,1.0
-1.0,50,757.615931,1.0
-2.0,50,758.160697,1.0
-2.0,50,758.698275,1.0
-1.0,50,759.236715,1.0
0.0,50,759.781091,1.0
-2.0,50,760.323123,1.0
0.0,50,760.854554,1.0
-1.0,50,761.389057,1.0
-1.0,50,761.936102,1.0
-2.0,50,762.476892,1.0
0.0,50,763.008614,1.0
-1.0,50,763.542,1.0
-2.0,50,764.084336,1.0
-2.0,50,764.626395,1.0
-2.0,50,765.161422,1.0
-2.0,50,765.703447,1.0
-1.0,50,766.250169,1.0
-2.0,50,766.794945,1.0
-4.0,50,767.347728,1.0
-4.0,50,767.881411,1.0
-2.0,50,768.424956,1.0
-3.0,50,768.957714,1.0
0.0,50,769.489904,1.0
-3.0,50,770.025007,1.0
-2.0,50,770.578013,1.0
-2.0,50,771.111795,1.0
0.0,50,771.644803,1.0
-2.0,50,772.176539,1.0
-1.0,50,772.724666,1.0
-3.0,50,773.265431,1.0
-1.0,50,773.800628,1.0
-2.0,50,774.339819,1.0
-3.0,50,776.964994,1.0
-1.0,50,777.500428,1.0
-2.0,50,778.038899,1.0
-2.0,50,778.570738,1.0
-2.0,50,779.125438,1.0
-1.0,50,779.651266,1.0
-2.0,50,780.17842,1.0
-2.0,50,780.704769,1.0
-1.0,50,781.242653,1.0
-1.0,50,781.771944,1.0
-2.0,50,782.300433,1.0
-1.0,50,782.834617,1.0
-2.0,50,783.382743,1.0
0.0,50,783.911694,1.0
0.0,50,784.438418,1.0
-1.0,50,784.964674,1.0
-1.0,50,785.506728,1.0
0.0,50,786.032636,1.0
-1.0,50,786.56252,1.0
0.0,50,787.092441,1.0
-1.0,50,787.632949,1.0
0.0,50,788.158738,1.0
-2.0,50,788.693912,1.0
-1.0,50,789.22077,1.0
-1.0,50,789.776795,1.0
-2.0,50,790.302823,1.0
-1.0,50,790.838636,1.0
0.0,50,791.367497,1.0
0.0,50,791.907337,1.0
-3.0,50,792.445813,1.0
0.0,50,792.972838,1.0
-3.0,50,793.499405,1.0
-2.0,50,794.03872,1.0
-3.0,50,794.56934,1.0
-2.0,50,795.104752,1.0
0.0,50,795.632289,1.0
-2.0,50,796.177601,1.0
0.0,50,796.703866,1.0
-1.0,50,797.24945,1.0
-3.0,50,797.777186,1.0
-1.0,50,800.371664,1.0
-2.0,50,800.897596,1.0
-2.0,50,801.42417,1.0
-2.0,50,801.95816,1.0
-3.0,50,802.523463,1.0
-3.0,50,803.055323,1.0
0.0,50,803.582425,1.0
-2.0,50,804.11673,1.0
-1.0,50,804.654952,1.0
-2.0,50,805.190431,1.0
-2.0,50,805.72508,1.0
-2.0,50,806.256026,1.0
-2.0,50,806.804811,1.0
-2.0,50,807.340662,1.0
-1.0,50,807.867346,1.0
-1.0,50,808.394358,1.0
0.0,50,808.931313,1.0
-2.0,50,809.465625,1.0
-2.0,50,809.991231,1.0
-2.0,50,810.51834,1.0
0.0,50,811.058243,1.0
-1.0,50,811.585301,1.0
-1.0,50,812.113603,1.0
-2.0,50,812.64378,1.0
-1.0,50,813.186782,1.0
-3.0,50,813.718848,1.0
-3.0,50,814.253957,1.0
-1.0,50,814.785358,1.0
-3.0,50,815.333089,1.0
-3.0,50,815.877607,1.0
-2.0,50,816.408668,1.0
-3.0,50,816.936201,1.0
-2.0,50,817.475463,1.0
0.0,50,818.008864,1.0
-2.0,50,818.540468,1.0
-2.0,50,819.077557,1.0
-2.0,50,819.624158,1.0
-1.0,50,820.157448,1.0
-1.0,50,820.690566,1.0
-3.0,50,821.234627,1.0
-3.0,50,823.87565,1.0
0.0,50,824.407188,1.0
-1.0,50,824.935026,1.0
-3.0,50,825.476753,1.0
-2.0,50,826.016004,1.0
-2.0,50,826.546056,1.0
-3.0,50,827.095848,1.0
-1.0,50,827.630476,1.0
-1.0,50,828.175756,1.0
0.0,50,828.706652,1.0
-2.0,50,829.238889,1.0
-1.0,50,829.769192,1.0
-2.0,50,830.321147,1.0
-1.0,50,830.852895,1.0
-1.0,50,831.387572,1.0
-2.0,50,831.930878,1.0
-1.0,50,832.470694,1.0
-3.0,50,833.013902,1.0
-2.0,50,833.548493,1.0
-3.0,50,834.087417,1.0
-1.0,50,834.628289,1.0
-3.0,50,835.166605,1.0
-1.0,50,835.698775,1.0
-1.0,50,836.228658,1.0
-1.0,50,836.769857,1.0
-2.0,50,837.312347,1.0
-2.0,50,837.850673,1.0
-3.0,50,838.38278,1.0
-2.0,50,838.927389,1.0
-3.0,50,839.455884,1.0
0.0,50,839.988375,1.0
0.0,50,840.512937,1.0
-1.0,50,841.058851,1.0
-1.0,50,841.592821,1.0
-2.0,50,842.133449,1.0
-3.0,50,842.676741,1.0
-3.0,50,843.225642,1.0
0.0,50,843.753662,1.0
-1.0,50,844.286652,1.0
-1.0,50,844.81835,1.0
-2.0,50,847.46613,1.0
-1.0,50,847.997869,1.0
0.0,50,848.523558,1.0
-2.0,50,849.062554,1.0
-3.0,50,849.606482,1.0
-1.0,50,850.132582,1.0
-2.0,50,850.670595,1.0
-2.0,50,851.197479,1.0
-2.0,50,851.751635,1.0
-2.0,50,852.286718,1.0
-2.0,50,852.821093,1.0
-1.0,50,853.358521,1.0
-2.0,50,853.907708,1.0
-2.0,50,854.449845,1.0
-1.0,50,854.991863,1.0
-1.0,50,855.530814,1.0
-3.0,50,856.086535,1.0
-2.0,50,856.623377,1.0
-1.0,50,857.172208,1.0
0.0,50,857.713033,1.0
0.0,50,858.26164,1.0
-3.0,50,858.807818,1.0
-1.0,50,859.343066,1.0
-2.0,50,859.885489,1.0
-2.0,50,860.434221,1.0
0.0,50,860.970643,1.0
-3.0,50,861.508111,1.0
-3.0,50,862.039984,1.0
0.0,50,862.581567,1.0
-1.0,50,863.111826,1.0
-2.0,50,863.644851,1.0
0.0,50,864.174043,1.0
-1.0,50,864.722165,1.0
-1.0,50,865.257306,1.0
-2.0,50,865.791089,1.0
-2.0,50,866.32512,1.0
-2.0,50,866.877453,1.0
-2.0,50,867.418446,1.0
0.0,50,867.953162,1.0
-2.0,50,868.492182,1.0
-2.0,50,871.084602,1.0
-2.0,50,871.618604,1.0
-3.0,50,872.150903,1.0
-3.0,50,872.69404,1.0
-2.0,50,873.251191,1.0
-2.0,50,873.785884,1.0
-3.0,50,874.32442,1.0
-3.0,50,874.856683,1.0
-3.0,50,875.408789,1.0
-2.0,50,875.946813,1.0
-2.0,50,876.484508,1.0
0.0,50,877.018148,1.0
-2.0,50,877.568361,1.0
-2.0,50,878.101684,1.0
-1.0,50,878.636482,1.0
-2.0,50,879.171682,1.0
-2.0,50,879.723619,1.0
-1.0,50,880.26123,1.0
-1.0,50,880.791094,1.0
0.0,50,881.317129,1.0
-3.0,50,881.861665,1.0
-1.0,50,882.397945,1.0
-2.0,50,882.93952,1.0
-2.0,50,883.480438,1.0
-2.0,50,884.025465,1.0
0.0,50,884.558879,1.0
-2.0,50,885.09235,1.0
-2.0,50,885.630532,1.0
-3.0,50,886.17457,1.0
-3.0,50,886.714291,1.0
-2.0,50,887.259696,1.0
-2.0,50,887.789485,1.0
-1.0,50,888.33311,1.0
0.0,50,888.865227,1.0
-2.0,50,889.407362,1.0
-1.0,50,889.939633,1.0
-1.0,50,890.488568,1.0
-2.0,50,891.033231,1.0
-43.0,50,891.573368,0.0
-44.0,50,892.111724,0.0
-6.0,50,894.694127,1.0
-2.0,50,895.221215,1.0
-1.0,50,895.746902,1.0
-3.0,50,896.272496,1.0
-3.0,50,896.81531,1.0
-3.0,50,897.341542,1.0
-23.0,50,897.867858,1.0
-3.0,50,898.39582,1.0
-1.0,50,898.937545,1.0
-3.0,50,899.463967,1.0
-2.0,50,899.990186,1.0
-2.0,50,900.516197,1.0
0.0,50,901.054665,1.0
-2.0,50,901.582842,1.0
-2.0,50,902.120991,1.0
-2.0,50,902.6484,1.0
-3.0,50,903.185178,1.0
-1.0,50,903.718335,1.0
-3.0,50,904.242837,1.0
-1.0,50,904.768744,1.0
-2.0,50,905.31106,1.0
-2.0,50,905.838821,1.0
0.0,50,906.366096,1.0
-2.0,50,906.894241,1.0
-2.0,50,907.441644,1.0
-1.0,50,907.970833,1.0
-2.0,50,908.513891,1.0
-3.0,50,909.040051,1.0
-2.0,50,909.583898,1.0
-2.0,50,910.115435,1.0
-2.0,50,910.646666,1.0
-3.0,50,911.182878,1.0
-2.0,50,911.725779,1.0
-2.0,50,912.267133,1.0
0.0,50,912.795773,1.0
-1.0,50,913.323023,1.0
-3.0,50,913.868086,1.0
-2.0,50,914.394177,1.0
-1.0,50,914.920698,1.0
-2.0,50,915.45805,1.0
-2.0,50,918.052551,1.0
-2.0,50,918.582283,1.0
-1.0,50,919.108641,1.0
-3.0,50,919.645968,1.0
-3.0,50,920.187665,1.0
-1.0,50,920.721782,1.0
-1.0,50,921.256085,1.0
-1.0,50,921.790094,1.0
-2.0,50,922.33158,1.0
-3.0,50,922.873003,1.0
-3.0,50,923.404237,1.0
-2.0,50,923.93991,1.0
-2.0,50,924.482582,1.0
-1.0,50,925.013577,1.0
-2.0,50,925.54277,1.0
-1.0,50,926.073044,1.0
-1.0,50,926.614139,1.0
-2.0,50,927.145561,1.0
-1.0,50,927.674365,1.0
-2.0,50,928.204616,1.0
-3.0,50,928.753036,1.0
-2.0,50,929.282816,1.0
-3.0,50,929.820931,1.0
-2.0,50,930.358324,1.0
-2.0,50,930.900856,1.0
-1.0,50,931.432807,1.0
-1.0,50,931.961693,1.0
-3.0,50,932.500561,1.0
-2.0,50,933.047902,1.0
0.0,50,933.576545,1.0
-1.0,50,934.10941,1.0
-1.0,50,934.635895,1.0
-3.0,50,935.177468,1.0
0.0,50,935.708035,1.0
-1.0,50,936.245268,1.0
-2.0,50,936.776866,1.0
-1.0,50,937.322856,1.0
-1.0,50,937.852768,1.0
-1.0,50,938.384337,1.0
-1.0,50,938.914887,1.0
-1.0,50,941.558654,1.0
-2.0,50,942.091952,1.0
-1.0,50,942.627805,1.0
-3.0,50,943.159986,1.0
-2.0,50,943.709892,1.0
-1.0,50,944.246948,1.0
0.0,50,944.777828,1.0
-3.0,50,945.321209,1.0
-2.0,50,945.867499,1.0
-1.0,50,946.406359,1.0
-1.0,50,946.947739,1.0
-1.0,50,947.482892,1.0
-5.0,50,948.02636,1.0
-1.0,50,948.55423,1.0
-1.0,50,949.081815,1.0
-2.0,50,949.617282,1.0
-2.0,50,950.169216,1.0
-2.0,50,950.699846,1.0
-2.0,50,951.229097,1.0
-3.0,50,951.757954,1.0
-2.0,50,952.301755,1.0
-2.0,50,952.828622,1.0
-2.0,50,953.357939,1.0
-3.0,50,953.884637,1.0
-2.0,50,954.431209,1.0
-2.0,50,954.964558,1.0
0.0,50,955.493367,1.0
-3.0,50,956.02976,1.0
-2.0,50,956.573569,1.0
-1.0,50,957.107055,1.0
-3.0,50,957.640311,1.0
-2.0,50,958.16942,1.0
-1.0,50,958.710226,1.0
-3.0,50,959.241388,1.0
-1.0,50,959.772285,1.0
-1.0,50,960.30606,1.0
-2.0,50,960.860922,1.0
-1.0,50,961.392361,1.0
-3.0,50,961.922195,1.0
-2.0,50,962.459539,1.0
-1.0,50,965.100209,1.0
-1.0,50,965.631909,1.0
-3.0,50,966.169011,1.0
-1.0,50,966.700813,1.0
-2.0,50,967.252038,1.0
-2.0,50,967.781468,1.0
-6.0,50,968.313768,0.0
-11.0,50,968.845361,1.0
-2.0,50,969.403728,1.0
0.0,50,969.933929,1.0
-3.0,50,970.475063,1.0
-3.0,50,971.00787,1.0
0.0,50,971.550665,1.0
0.0,50,972.081809,1.0
0.0,50,972.609406,1.0
-2.0,50,973.137928,1.0
-1.0,50,973.683233,1.0
-1.0,50,974.214037,1.0
-3.0,50,974.741808,1.0
-2.0,50,975.271991,1.0
-3.0,50,975.817026,1.0
-3.0,50,976.344013,1.0
0.0,50,976.87607,1.0
-3.0,50,977.425986,1.0
0.0,50,977.971938,1.0
0.0,50,978.502403,1.0
-2.0,50,979.031654,1.0
-3.0,50,979.575976,1.0
-1.0,50,980.119956,1.0
-2.0,50,980.664862,1.0
-3.0,50,981.199497,1.0
-2.0,50,981.728743,1.0
-2.0,50,982.276882,1.0
-2.0,50,982.805058,1.0
-2.0,50,983.344943,1.0
0.0,50,983.874758,1.0
-3.0,50,984.418248,1.0
0.0,50,984.946893,1.0
-1.0,50,985.480016,1.0
-2.0,50,986.010021,1.0
-2.0,50,988.624908,1.0
-1.0,50,989.159896,1.0
-2.0,50,989.701444,1.0
-2.0,50,990.240295,1.0
-3.0,50,990.793262,1.0
-3.0,50,991.324041,1.0
-1.0,50,991.857916,1.0
-2.0,50,992.387987,1.0
-2.0,50,992.934974,1.0
0.0,50,993.467962,1.0
-1.0,50,993.998468,1.0
-3.0,50,994.536416,1.0
-2.0,50,995.081061,1.0
-1.0,50,995.611456,1.0
-2.0,50,996.14396,1.0
-1.0,50,996.676377,1.0
-2.0,50,997.21687,1.0
-3.0,50,997.747097,1.0
-2.0,50,998.279976,1.0
-3.0,50,998.809865,1.0
-2.0,50,999.357492,1.0
-1.0,50,999.888032,1.0
-2.0,50,1000.422041,1.0
-2.0,50,1000.956107,1.0
-2.0,50,1001.499488,1.0
-1.0,50,1002.038794,1.0
-2.0,50,1002.570139,1.0
-2.0,50,1003.105922,1.0
-3.0,50,1003.660319,1.0
-2.0,50,1004.193797,1.0
-2.0,50,1004.729338,1.0
-1.0,50,1005.257059,1.0
0.0,50,1005.800144,1.0
0.0,50,1006.331894,1.0
-2.0,50,1006.873196,1.0
-2.0,50,1007.415142,1.0
-2.0,50,1007.960776,1.0
0.0,50,1008.4908,1.0
-3.0,50,1009.022204,1.0
-2.0,50,1009.555442,1.0
-2.0,50,1012.220029,1.0
-2.0,50,1012.751783,1.0
-2.0,50,1013.287243,1.0
-2.0,50,1013.822015,1.0
-1.0,50,1014.370604,1.0
-3.0,50,1014.904353,1.0
0.0,50,1015.438074,1.0
-3.0,50,1015.968363,1.0
-2.0,50,1016.51637,1.0
-2.0,50,1017.046789,1.0
-1.0,50,1017.579371,1.0
-2.0,50,1018.118407,1.0
-1.0,50,1018.663665,1.0
-2.0,50,1019.200264,1.0
-1.0,50,1019.737397,1.0
-2.0,50,1020.271991,1.0
-2.0,50,1020.818111,1.0
-2.0,50,1021.355746,1.0
-3.0,50,1021.895976,1.0
-3.0,50,1022.427327,1.0
-3.0,50,1022.971969,1.0
0.0,50,1023.504935,1.0
-1.0,50,1024.036249,1.0
-3.0,50,1024.568457,1.0
-3.0,50,1025.124489,1.0
-2.0,50,1025.655166,1.0
-1.0,50,1026.184931,1.0
-2.0,50,1026.716217,1.0
-3.0,50,1027.253485,1.0
0.0,50,1027.779779,1.0
-2.0,50,1028.314037,1.0
-1.0,50,1028.844036,1.0
-2.0,50,1029.382452,1.0
-2.0,50,1029.904159,1.0
-3.0,50,1030.433478,1.0
-1.0,50,1030.959585,1.0
-2.0,50,1031.510379,1.0
-2.0,50,1032.038131,1.0
0.0,50,1032.566377,1.0
-3.0,50,1033.093259,1.0
-1.0,50,1035.664514,1.0
-3.0,50,1036.192104,1.0
-1.0,50,1036.720615,1.0
-2.0,50,1037.269312,1.0
-2.0,50,1037.807528,1.0
0.0,50,1038.33318,1.0
-1.0,50,1038.862051,1.0
-2.0,50,1039.391139,1.0
-2.0,50,1039.931771,1.0
-3.0,50,1040.475831,1.0
-3.0,50,1041.020792,1.0
-2.0,50,1041.559976,1.0
-1.0,50,1042.108803,1.0
-1.0,50,1042.642074,1.0
-2.0,50,1043.178563,1.0
-2.0,50,1043.705072,1.0
-1.0,50,1044.249548,1.0
0.0,50,1044.776114,1.0
-2.0,50,1045.302066,1.0
-1.0,50,1045.829444,1.0
0.0,50,1046.367379,1.0
-2.0,50,1046.894079,1.0
-1.0,50,1047.419994,1.0
-1.0,50,1047.947027,1.0
-2.0,50,1048.485489,1.0
0.0,50,1049.012105,1.0
-2.0,50,1049.53743,1.0
-3.0,50,1050.063485,1.0
-2.0,50,1050.603996,1.0
0.0,50,1051.130531,1.0
-2.0,50,1051.662571,1.0
-2.0,50,1052.197506,1.0
-3.0,50,1052.753362,1.0
-2.0,50,1053.297421,1.0
-1.0,50,1053.835774,1.0
-2.0,50,1054.370736,1.0
-1.0,50,1054.917653,1.0
-1.0,50,1055.452267,1.0
-2.0,50,1055.992603,1.0
0.0,50,1056.527109,1.0
-2.0,50,1059.133251,1.0
-3.0,50,1059.67532,1.0
-2.0,50,1060.209201,1.0
-2.0,50,1060.748306,1.0
-2.0,50,1061.29593,1.0
-1.0,50,1061.831954,1.0
-1.0,50,1062.366974,1.0
-2.0,50,1062.904156,1.0
-2.0,50,1063.452512,1.0
-2.0,50,1063.992873,1.0
-3.0,50,1064.526864,1.0
-1.0,50,1065.063399,1.0
-2.0,50,1065.608883,1.0
-2.0,50,1066.144499,1.0
-1.0,50,1066.677047,1.0
-2.0,50,1067.22592,1.0
-1.0,50,1067.775592,1.0
-2.0,50,1068.310977,1.0
-1.0,50,1068.845967,1.0
-1.0,50,1069.381738,1.0
-3.0,50,1069.93347,1.0
-2.0,50,1070.478008,1.0
0.0,50,1071.01093,1.0
-2.0,50,1071.544306,1.0
-1.0,50,1072.09409,1.0
-2.0,50,1072.630418,1.0
-2.0,50,1073.164459,1.0
-2.0,50,1073.6985,1.0
-2.0,50,1074.247145,1.0
-2.0,50,1074.781597,1.0
-2.0,50,1075.314616,1.0
-2.0,50,1075.847759,1.0
-3.0,50,1076.399149,1.0
-1.0,50,1076.938061,1.0
-2.0,50,1077.473875,1.0
-1.0,50,1078.009411,1.0
-2.0,50,1078.56244,1.0
-2.0,50,1079.108257,1.0
-1.0,50,1079.646325,1.0
-2.0,50,1080.18027,1.0
-2.0,50,1082.802239,1.0
-3.0,50,1083.339698,1.0
-1.0,50,1083.874228,1.0
-2.0,50,1084.416165,1.0
-2.0,50,1084.965748,1.0
0.0,50,1085.502594,1.0
0.0,50,1086.039687,1.0
-2.0,50,1086.576163,1.0
-2.0,50,1087.121464,1.0
-2.0,50,1087.667499,1.0
-2.0,50,1088.208133,1.0
-2.0,50,1088.746259,1.0
-2.0,50,1089.294139,1.0
-1.0,50,1089.833468,1.0
0.0,50,1090.369101,1.0
-2.0,50,1090.908934,1.0
-3.0,50,1091.464573,1.0
-1.0,50,1092.003156,1.0
-1.0,50,1092.538954,1.0
-2.0,50,1093.080209,1.0
0.0,50,1093.628946,1.0
-2.0,50,1094.164074,1.0
-2.0,50,1094.697308,1.0
0.0,50,1095.228209,1.0
-3.0,50,1095.783936,1.0
-1.0,50,1096.314292,1.0
-2.0,50,1096.861409,1.0
-2.0,50,1097.408406,1.0
-2.0,50,1097.951171,1.0
0.0,50,1098.484789,1.0
-2.0,50,1099.016254,1.0
0.0,50,1099.542885,1.0
0.0,50,1100.085209,1.0
-2.0,50,1100.618504,1.0
-1.0,50,1101.152454,1.0
-2.0,50,1101.697441,1.0
-2.0,50,1102.251564,1.0
-2.0,50,1102.783189,1.0
-2.0,50,1103.323278,1.0
-2.0,50,1103.862279,1.0
-2.0,50,1106.457132,1.0
-2.0,50,1106.988089,1.0
-2.0,50,1107.520222,1.0
-1.0,50,1108.056583,1.0
-1.0,50,1108.60151,1.0
-2.0,50,1109.141937,1.0
-2.0,50,1109.684493,1.0
-1.0,50,1110.217164,1.0
-3.0,50,1110.768736,1.0
-3.0,50,1111.311881,1.0
-1.0,50,1111.850977,1.0
-1.0,50,1112.3848,1.0
-2.0,50,1112.932336,1.0
0.0,50,1113.464899,1.0
-3.0,50,1114.003964,1.0
-2.0,50,1114.541098,1.0
0.0,50,1115.084587,1.0
-3.0,50,1115.6156,1.0
-1.0,50,1116.148501,1.0
-1.0,50,1116.684312,1.0
-2.0,50,1117.237893,1.0
-2.0,50,1117.777666,1.0
0.0,50,1118.310295,1.0
-2.0,50,1118.843846,1.0
-2.0,50,1119.389285,1.0
0.0,50,1119.92575,1.0
-2.0,50,1120.465217,1.0
-2.0,50,1121.004762,1.0
-1.0,50,1121.549297,1.0
-2.0,50,1122.097708,1.0
-1.0,50,1122.630921,1.0
-2.0,50,1123.159687,1.0
-3.0,50,1123.711315,1.0
-2.0,50,1124.24887,1.0
-2.0,50,1124.792203,1.0
-2.0,50,1125.325788,1.0
-1.0,50,1125.871033,1.0
-2.0,50,1126.41312,1.0
-2.0,50,1126.955982,1.0
-3.0,50,1127.495584,1.0
-3.0,50,1130.091182,1.0
-1.0,50,1130.624773,1.0
-1.0,50,1131.159625,1.0
-2.0,50,1131.697773,1.0
-1.0,50,1132.253485,1.0
-2.0,50,1132.791731,1.0
-3.0,50,1133.33065,1.0
-2.0,50,1133.864067,1.0
-2.0,50,1134.411972,1.0
-2.0,50,1134.942713,1.0
-1.0,50,1135.477003,1.0
-3.0,50,1136.016426,1.0
-2.0,50,1136.565915,1.0
0.0,50,1137.098025,1.0
-2.0,50,1137.633287,1.0
-2.0,50,1138.170824,1.0
-1.0,50,1138.717281,1.0
-2.0,50,1139.253005,1.0
-1.0,50,1139.789497,1.0
-2.0,50,1140.329664,1.0
-2.0,50,1140.87746,1.0
-2.0,50,1141.418575,1.0
-3.0,50,1141.960001,1.0
-2.0,50,1142.507841,1.0
-2.0,50,1143.054761,1.0
-2.0,50,1143.593607,1.0
-1.0,50,1144.129846,1.0
-3.0,50,1144.671425,1.0
-1.0,50,1145.21706,1.0
-1.0,50,1145.753479,1.0
0.0,50,1146.284523,1.0
0.0,50,1146.813836,1.0
-1.0,50,1147.362292,1.0
-2.0,50,1147.899897,1.0
0.0,50,1148.432878,1.0
-2.0,50,1148.967098,1.0
-2.0,50,1149.515456,1.0
-2.0,50,1150.056643,1.0
-2.0,50,1150.588817,1.0
-2.0,50,1151.122781,1.0
-1.0,50,1153.699347,1.0
-2.0,50,1154.234796,1.0
-2.0,50,1154.76753,1.0
-1.0,50,1155.297824,1.0
-3.0,50,1155.846605,1.0
-1.0,50,1156.376665,1.0
-3.0,50,1156.907683,1.0
-1.0,50,1157.451492,1.0
-2.0,50,1157.998038,1.0
0.0,50,1158.528989,1.0
-3.0,50,1159.072844,1.0
-1.0,50,1159.60462,1.0
-2.0,50,1160.148255,1.0
0.0,50,1160.682855,1.0
-2.0,50,1161.21888,1.0
0.0,50,1161.750052,1.0
-3.0,50,1162.290578,1.0
-2.0,50,1162.825746,1.0
-2.0,50,1163.359687,1.0
-1.0,50,1163.889902,1.0
-1.0,50,1164.430917,1.0
-2.0,50,1164.956827,1.0
0.0,50,1165.480155,1.0
-2.0,50,1166.014012,1.0
-3.0,50,1166.556759,1.0
-2.0,50,1167.08452,1.0
-1.0,50,1167.608243,1.0
-1.0,50,1168.133974,1.0
-2.0,50,1168.670584,1.0
-3.0,50,1169.195505,1.0
-1.0,50,1169.719545,1.0
0.0,50,1170.239209,1.0
-1.0,50,1170.774095,1.0
-1.0,50,1171.299584,1.0
-2.0,50,1171.829545,1.0
-2.0,50,1172.35568,1.0
-3.0,50,1172.893659,1.0
0.0,50,1173.419273,1.0
-2.0,50,1173.945307,1.0
-2.0,50,1174.470412,1.0
-2.0,50,1177.047591,1.0
-3.0,50,1177.571146,1.0
-2.0,50,1178.096819,1.0
-2.0,50,1178.619225,1.0
-1.0,50,1179.156583,1.0
-3.0,50,1179.689525,1.0
0.0,50,1180.213316,1.0
-1.0,50,1180.737846,1.0
-2.0,50,1181.276132,1.0
-2.0,50,1181.80454,1.0
-1.0,50,1182.33723,1.0
-1.0,50,1182.869691,1.0
-1.0,50,1183.416943,1.0
-2.0,50,1183.947838,1.0
-2.0,50,1184.48989,1.0
-3.0,50,1185.028083,1.0
0.0,50,1185.572492,1.0
-3.0,50,1186.105461,1.0
-2.0,50,1186.636337,1.0
-2.0,50,1187.182047,1.0
-3.0,50,1187.730011,1.0
0.0,50,1188.262975,1.0
-1.0,50,1188.79362,1.0
-1.0,50,1189.327756,1.0
-2.0,50,1189.87309,1.0
-3.0,50,1190.406214,1.0
-3.0,50,1190.938597,1.0
-3.0,50,1191.472608,1.0
-1.0,50,1192.018725,1.0
-1.0,50,1192.557755,1.0
-1.0,50,1193.091742,1.0
-1.0,50,1193.623856,1.0
-2.0,50,1194.171204,1.0
-1.0,50,1194.705714,1.0
-2.0,50,1195.237838,1.0
-2.0,50,1195.778822,1.0
-1.0,50,1196.331592,1.0
-2.0,50,1196.863959,1.0
-1.0,50,1197.392837,1.0
-1.0,50,1197.924793,1.0
0.0,50,1200.501869,1.0
-2.0,50,1201.042333,1.0
-1.0,50,1201.57456,1.0
0.0,50,1202.110854,1.0
-1.0,50,1202.656517,1.0
-2.0,50,1203.185453,1.0
0.0,50,1203.712822,1.0
-2.0,50,1204.239855,1.0
-2.0,50,1204.789691,1.0
-1.0,50,1205.314981,1.0
-2.0,50,1205.841363,1.0
-1.0,50,1206.366951,1.0
-1.0,50,1206.907811,1.0
-2.0,50,1207.433979,1.0
-2.0,50,1207.964286,1.0
-2.0,50,1208.494378,1.0
-2.0,50,1209.038259,1.0
-3.0,50,1209.567961,1.0
-2.0,50,1210.094403,1.0
-2.0,50,1210.619573,1.0
-1.0,50,1211.167442,1.0
-3.0,50,1211.701938,1.0
-2.0,50,1212.234742,1.0
-1.0,50,1212.762798,1.0
-2.0,50,1213.305132,1.0
-2.0,50,1213.833406,1.0
-1.0,50,1214.362063,1.0
-1.0,50,1214.89153,1.0
0.0,50,1215.43082,1.0
0.0,50,1215.95753,1.0
-2.0,50,1216.494089,1.0
-3.0,50,1217.033592,1.0
-2.0,50,1217.578982,1.0
-2.0,50,1218.105509,1.0
-1.0,50,1218.630812,1.0
-2.0,50,1219.160839,1.0
-2.0,50,1219.711797,1.0
-1.0,50,1220.241069,1.0
-2.0,50,1220.780056,1.0
-3.0,50,1221.314598,1.0
-10.0,50,1223.879478,0.0
-27.0,50,1224.422616,1.0
-2.0,50,1224.955707,1.0
0.0,50,1225.484291,1.0
-1.0,50,1226.025104,1.0
-1.0,50,1226.555523,1.0
-2.0,50,1227.086565,1.0
-3.0,50,1227.623992,1.0
-1.0,50,1228.170068,1.0
-3.0,50,1228.700959,1.0
-1.0,50,1229.233342,1.0
-2.0,50,1229.764533,1.0
-2.0,50,1230.31001,1.0
-3.0,50,1230.8445,1.0
-3.0,50,1231.37745,1.0
0.0,50,1231.912761,1.0
-1.0,50,1232.457378,1.0
-2.0,50,1233.00121,1.0
-1.0,50,1233.533246,1.0
-2.0,50,1234.068765,1.0
-2.0,50,1234.623472,1.0
-1.0,50,1235.153252,1.0
-3.0,50,1235.694764,1.0
-2.0,50,1236.230289,1.0
-1.0,50,1236.77616,1.0
-2.0,50,1237.309082,1.0
-1.0,50,1237.842002,1.0
0.0,50,1238.373695,1.0
-2.0,50,1238.930383,1.0
-3.0,50,1239.461161,1.0
-1.0,50,1239.994985,1.0
-2.0,50,1240.532453,1.0
-3.0,50,1241.087791,1.0
-2.0,50,1241.6164,1.0
-2.0,50,1242.151909,1.0
-3.0,50,1242.687268,1.0
-2.0,50,1243.245194,1.0
-3.0,50,1243.783686,1.0
0.0,50,1244.31563,1.0
-1.0,50,1244.849912,1.0
