#{"t_start": 1786140007.731479, "env_id": "FetchReachDense-v3"}
r,l,t,is_success
-9.363586,50,8.899976,0.0
-10.181376,50,8.974913,0.0
-7.571049,50,9.04832,0.0
-11.851087,50,9.12433,0.0
-19.350469,50,9.213563,0.0
-13.527978,50,9.289942,0.0
-13.26357,50,9.365758,0.0
-18.126958,50,9.439639,0.0
-11.159004,50,9.521141,0.0
-7.629619,50,9.599249,0.0
-4.291319,50,9.674358,0.0
-14.739996,50,9.75403,0.0
-7.976643,50,9.834229,0.0
-11.295655,50,9.911112,0.0
-11.131208,50,9.986789,0.0
-12.613463,50,10.065327,0.0
-9.219909,50,10.147161,0.0
-11.43688,50,10.22294,0.0
-11.208134,50,10.296966,0.0
-11.302011,50,10.371463,0.0
-13.409613,50,12.61887,0.0
-7.781746,50,13.129834,0.0
-15.046955,50,13.63616,0.0
-9.063328,50,14.143075,0.0
-14.998932,50,14.671459,0.0
-4.359425,50,15.178576,0.0
-8.661517,50,15.690942,0.0
-13.093916,50,16.204777,0.0
-14.372652,50,16.728199,0.0
-5.033954,50,17.236865,0.0
-11.799416,50,17.753675,0.0
-14.037211,50,18.258716,0.0
-10.304773,50,18.774639,0.0
-16.814456,50,19.281965,0.0
-11.886268,50,19.787224,0.0
-9.526521,50,20.293017,0.0
-13.162899,50,20.812014,0.0
-12.746904,50,21.321281,0.0
-11.407408,50,21.837597,0.0
-10.085383,50,22.364289,0.0
-6.743182,50,24.991609,0.0
-11.672695,50,25.511441,0.0
-14.355171,50,26.028163,0.0
-13.530853,50,26.540904,0.0
-6.260831,50,27.063438,0.0
-7.973158,50,27.578348,0.0
-7.338383,50,28.095407,0.0
-13.241846,50,28.613291,0.0
-4.684892,50,29.167619,0.0
-8.347096,50,29.701134,0.0
-9.328123,50,30.236463,0.0
-18.880096,50,30.773098,0.0
-6.698505,50,31.302939,0.0
-10.29399,50,31.820009,0.0
-8.020925,50,32.336884,0.0
-8.456565,50,32.851131,0.0
-8.139172,50,33.382284,0.0
-10.072396,50,33.897327,0.0
-6.228315,50,34.411375,0.0
-10.115465,50,34.929464,0.0
-16.150043,50,35.454434,0.0
-8.152651,50,35.969839,0.0
-6.900465,50,36.484619,0.0
-10.149163,50,36.998009,0.0
-10.161089,50,37.52335,0.0
-8.738602,50,38.039752,0.0
-9.29684,50,38.555902,1.0
-10.992683,50,39.071127,0.0
-5.128894,50,39.597605,0.0
-12.510386,50,40.115593,0.0
-6.496579,50,40.630715,0.0
-7.431294,50,41.145659,0.0
-6.495593,50,41.671864,0.0
-5.499975,50,42.190314,0.0
-7.962879,50,42.707957,0.0
-16.505798,50,43.229696,0.0
-8.229966,50,43.75861,0.0
-5.415423,50,44.276403,0.0
-3.828615,50,44.792601,0.0
-2.932104,50,45.309392,0.0
-2.830937,50,47.99172,0.0
-5.423167,50,48.506154,0.0
-3.722755,50,49.019324,0.0
-3.759342,50,49.534231,1.0
-3.31854,50,50.060363,1.0
-2.697341,50,50.571954,1.0
-3.513773,50,51.087354,1.0
-3.272801,50,51.605017,0.0
-3.69899,50,52.12646,1.0
-3.425528,50,52.638915,0.0
-2.142968,50,53.157942,1.0
-2.767609,50,53.667527,0.0
-2.269527,50,54.19724,1.0
-2.263452,50,54.711776,1.0
-2.61046,50,55.235211,1.0
-2.123188,50,55.751397,1.0
-2.433532,50,56.278904,0.0
-2.248076,50,56.796091,1.0
-1.565104,50,57.307947,1.0
-1.899562,50,57.825712,1.0
-1.950177,50,58.361211,1.0
-2.169784,50,58.873272,1.0
-2.332984,50,59.392035,1.0
-1.726441,50,59.911201,1.0
-1.773594,50,60.435717,1.0
-2.013333,50,60.953804,1.0
-1.897402,50,61.468325,1.0
-1.625347,50,61.979781,1.0
-1.869644,50,62.509435,1.0
-1.920926,50,63.027285,1.0
-1.800766,50,63.544428,1.0
-1.672697,50,64.057583,1.0
-1.457572,50,64.580066,1.0
-1.572677,50,65.089961,1.0
-1.908402,50,65.601349,1.0
-1.612843,50,66.123211,1.0
-1.599703,50,66.648426,0.0
-1.426381,50,67.169342,1.0
-1.841218,50,67.693082,1.0
-1.89671,50,68.213289,1.0
-1.825683,50,70.965714,1.0
-1.415196,50,71.494844,1.0
-1.572668,50,72.020447,1.0
-1.593279,50,72.543118,1.0
-1.549849,50,73.081324,1.0
-1.53455,50,73.605589,1.0
-1.38793,50,74.129384,1.0
-1.768238,50,74.661597,1.0
-1.520702,50,75.196753,0.0
-1.889952,50,75.725049,0.0
-1.363942,50,76.249068,1.0
-1.591162,50,76.780898,1.0
-1.807614,50,77.319219,1.0
-1.903303,50,77.842292,1.0
-1.363825,50,78.369612,1.0
-1.547023,50,78.899452,1.0
-1.630109,50,79.434947,1.0
-1.481274,50,79.965555,1.0
-1.291839,50,80.492677,1.0
-1.557869,50,81.015061,1.0
-1.710394,50,81.545557,1.0
-1.559908,50,82.06295,1.0
-1.204609,50,82.585474,1.0
-1.322778,50,83.104022,1.0
-1.792775,50,83.631952,1.0
-1.552372,50,84.145059,1.0
-1.519132,50,84.666854,1.0
-1.815696,50,85.194889,1.0
-1.572767,50,85.725811,1.0
-1.378884,50,86.244602,1.0
-1.173705,50,86.757786,1.0
-1.391328,50,87.27437,1.0
-1.88095,50,87.810272,1.0
-1.537005,50,88.334834,1.0
-1.443238,50,88.858126,1.0
-1.36781,50,89.387467,1.0
-1.070571,50,89.916638,1.0
-1.508742,50,90.435482,0.0
-1.541784,50,90.959007,1.0
-1.539132,50,91.490674,1.0
-1.361751,50,94.180129,1.0
-1.373225,50,94.699156,1.0
-1.594558,50,95.226041,1.0
-1.931962,50,95.754291,0.0
-1.599898,50,96.282682,1.0
-2.169066,50,96.80812,1.0
-1.813996,50,97.328285,1.0
-1.314002,50,97.84958,1.0
-1.510934,50,98.384508,1.0
-1.377803,50,98.903996,1.0
-0.985001,50,99.426096,1.0
-1.25998,50,99.947355,1.0
-1.262373,50,100.475456,1.0
-1.588513,50,100.99615,1.0
-1.263415,50,101.517633,1.0
-1.572692,50,102.046255,1.0
-1.38843,50,102.576873,1.0
-1.196054,50,103.094422,1.0
-1.215998,50,103.619889,1.0
-1.849682,50,104.147303,1.0
-1.378262,50,104.68135,1.0
-1.720587,50,105.197406,1.0
-1.578426,50,105.711332,1.0
-1.329003,50,106.227678,1.0
-2.103847,50,106.769386,1.0
-1.211896,50,107.284158,1.0
-2.105331,50,107.801021,1.0
-1.351472,50,108.312035,1.0
-1.304916,50,108.840448,1.0
-1.906489,50,109.362781,1.0
-1.839524,50,109.882304,0.0
-1.337926,50,110.401023,1.0
-1.552737,50,110.928599,1.0
-1.435309,50,111.450462,1.0
-1.283832,50,111.975773,1.0
-1.11828,50,112.499458,1.0
-1.143201,50,113.035169,1.0
-1.343348,50,113.568045,1.0
-1.391241,50,114.097122,1.0
-1.635401,50,114.623688,1.0
-1.249354,50,117.256823,1.0
-1.383827,50,117.782261,1.0
-1.186509,50,118.312604,1.0
-1.026013,50,118.835254,1.0
-1.335225,50,119.363493,1.0
-1.146205,50,119.896753,1.0
-1.26688,50,120.420113,1.0
-1.545263,50,120.942521,1.0
-1.13498,50,121.486669,1.0
-0.93026,50,122.009722,1.0
-1.731282,50,122.540226,1.0
-1.126651,50,123.065303,1.0
-0.878236,50,123.60751,1.0
-1.082669,50,124.131242,1.0
-1.283924,50,124.645293,1.0
-1.330825,50,125.17059,1.0
-1.341025,50,125.706134,1.0
-1.387975,50,126.229125,1.0
-1.376374,50,126.753195,1.0
-1.283158,50,127.277642,1.0
-1.457033,50,127.817433,1.0
-1.379136,50,128.327595,1.0
-1.213807,50,128.84836,1.0
-1.817889,50,129.376216,1.0
-1.094634,50,129.91366,1.0
-1.453745,50,130.442724,1.0
-1.481408,50,130.969588,1.0
-0.95572,50,131.49362,1.0
-1.201056,50,132.029355,1.0
-1.363723,50,132.556456,1.0
-1.568766,50,133.081979,1.0
-1.125129,50,133.602958,1.0
-1.888971,50,134.147304,1.0
-1.381,50,134.678617,1.0
-1.431848,50,135.20424,1.0
-1.522725,50,135.729934,1.0
-1.171616,50,136.275898,1.0
-1.065649,50,136.799622,1.0
-0.760922,50,137.322399,1.0
-1.501124,50,137.855925,1.0
-1.350891,50,140.546283,1.0
-1.152332,50,141.067298,1.0
-0.939281,50,141.587988,1.0
-1.197533,50,142.106068,1.0
-1.827613,50,142.638362,1.0
-1.348205,50,143.160385,1.0
-1.288648,50,143.682269,1.0
-0.909291,50,144.204605,1.0
-1.204286,50,144.765149,1.0
-1.497355,50,145.284417,1.0
-1.475221,50,145.814154,1.0
-1.398872,50,146.343021,1.0
-1.426267,50,146.874475,1.0
-1.499453,50,147.397184,1.0
-2.082493,50,147.933159,1.0
-1.753404,50,148.458603,1.0
-1.553967,50,148.98708,1.0
-1.190013,50,149.505056,1.0
-1.4655,50,150.019915,1.0
-1.606154,50,150.543989,1.0
-1.11933,50,151.075002,0.0
-1.25448,50,151.602942,1.0
-1.494014,50,152.12746,1.0
-1.11536,50,152.649408,1.0
-0.786631,50,153.183944,1.0
-1.231948,50,153.714894,1.0
-1.347134,50,154.239718,1.0
-1.243174,50,154.773044,1.0
-1.307454,50,155.312876,1.0
-1.624202,50,155.839021,1.0
-1.512705,50,156.363759,1.0
-1.147504,50,156.889275,1.0
-1.084283,50,157.428302,1.0
-1.005754,50,157.951008,1.0
-0.865924,50,158.47352,1.0
-0.873765,50,159.000004,1.0
-1.074544,50,159.53876,1.0
-1.178284,50,160.064034,1.0
-1.106879,50,160.586145,1.0
-0.981246,50,161.107033,1.0
-1.030666,50,163.786336,1.0
-2.088293,50,164.321949,1.0
-1.221509,50,164.850363,1.0
-1.069251,50,165.375232,1.0
-0.757107,50,165.911689,1.0
-0.88568,50,166.438111,1.0
-0.986283,50,166.971397,1.0
-0.829104,50,167.495826,1.0
-0.650361,50,168.038628,1.0
-0.928628,50,168.578836,1.0
-1.336421,50,169.115251,1.0
-1.034565,50,169.650625,1.0
-1.969725,50,170.205301,1.0
-1.251851,50,170.743616,1.0
-1.603986,50,171.270836,1.0
-1.704116,50,171.801553,1.0
-1.366529,50,172.347345,1.0
-1.182024,50,172.870877,1.0
-1.22492,50,173.394567,1.0
-1.711006,50,173.924427,1.0
-0.797904,50,174.463207,1.0
-1.157952,50,174.988155,1.0
-1.200144,50,175.510265,1.0
-1.600993,50,176.0354,1.0
-1.453483,50,176.579791,1.0
-1.746404,50,177.104093,0.0
-1.735974,50,177.627855,1.0
-1.346342,50,178.155577,1.0
-1.983391,50,178.700558,1.0
-1.381002,50,179.223427,1.0
-1.766744,50,179.755125,1.0
-1.071108,50,180.267118,1.0
-1.038443,50,180.792655,1.0
-1.549052,50,181.316489,1.0
-1.699147,50,181.831497,1.0
-1.421801,50,182.34289,1.0
-0.976237,50,182.868507,1.0
-1.596596,50,183.386175,1.0
-1.983772,50,183.898437,1.0
-2.369186,50,184.415491,0.0
-1.897654,50,187.039357,1.0
-1.014295,50,187.549565,1.0
-1.58903,50,188.066464,1.0
-1.442038,50,188.578145,1.0
-1.107645,50,189.106216,1.0
-1.281983,50,189.625432,1.0
-1.279107,50,190.142687,1.0
-0.824381,50,190.666307,1.0
-0.884273,50,191.19747,1.0
-1.463159,50,191.729486,1.0
-1.283819,50,192.254287,1.0
-1.490706,50,192.782221,1.0
-1.643541,50,193.320606,1.0
-1.375556,50,193.843662,1.0
-1.907918,50,194.366127,1.0
-1.144321,50,194.892779,1.0
-1.112565,50,195.433526,1.0
-1.162898,50,195.956404,1.0
-1.486693,50,196.480724,1.0
-1.040906,50,197.006279,1.0
-1.187792,50,197.550049,1.0
-0.817265,50,198.082803,1.0
-0.735481,50,198.617387,1.0
-1.399218,50,199.157193,1.0
-1.714192,50,199.699419,1.0
-1.476227,50,200.226237,1.0
-1.199852,50,200.753697,1.0
-1.707678,50,201.282321,1.0
-1.86369,50,201.825196,0.0
-1.90911,50,202.363581,1.0
-1.424534,50,202.900617,1.0
-1.362927,50,203.446642,1.0
-0.67024,50,203.988256,1.0
-0.51415,50,204.524107,1.0
-1.433423,50,205.050188,1.0
-1.045025,50,205.586381,1.0
-0.712531,50,206.126183,1.0
-1.202656,50,206.64841,1.0
-1.491134,50,207.176098,1.0
-2.55412,50,207.700592,1.0
-1.280707,50,210.413373,1.0
-1.313711,50,210.936599,1.0
-1.891018,50,211.467688,1.0
-1.079831,50,211.983651,1.0
-1.179588,50,212.517871,1.0
-1.980296,50,213.035556,1.0
-0.934677,50,213.550566,1.0
-1.271682,50,214.069187,1.0
-1.33191,50,214.595439,1.0
-1.157793,50,215.110551,1.0
-1.229234,50,215.627557,1.0
-1.219758,50,216.14555,1.0
-1.874218,50,216.675983,1.0
-1.673956,50,217.193901,1.0
-1.39845,50,217.716549,1.0
-1.149084,50,218.242517,1.0
-2.2003,50,218.782723,1.0
-1.239766,50,219.299604,1.0
-1.002049,50,219.820616,1.0
-0.612123,50,220.339572,1.0
-0.92106,50,220.867949,1.0
-1.358945,50,221.384213,1.0
-1.570594,50,221.905982,1.0
-1.172836,50,222.423772,1.0
-1.158144,50,222.951675,1.0
-1.494011,50,223.470786,1.0
-1.095488,50,223.990841,1.0
-0.891438,50,224.509624,1.0
-1.077829,50,225.037988,1.0
-1.460207,50,225.554585,1.0
-1.282809,50,226.077123,1.0
-1.675083,50,226.600302,1.0
-0.804007,50,227.128485,1.0
-0.844163,50,227.646059,1.0
-1.3196,50,228.16858,1.0
-0.959897,50,228.691263,1.0
-0.831205,50,229.2216,1.0
-1.054753,50,229.739768,1.0
-0.965299,50,230.269075,1.0
-0.790061,50,230.786858,1.0
-0.79186,50,233.474287,1.0
-0.941903,50,233.995029,1.0
-1.159192,50,234.517035,1.0
-1.009881,50,235.036814,1.0
-1.540509,50,235.567892,1.0
-1.702065,50,236.088195,1.0
-1.005962,50,236.605537,1.0
-1.211758,50,237.135595,1.0
-1.080548,50,237.67781,1.0
-0.873525,50,238.204175,1.0
-0.949437,50,238.732779,1.0
-0.964477,50,239.257281,1.0
-1.368774,50,239.791342,1.0
-1.39303,50,240.31712,1.0
-0.912223,50,240.848245,1.0
-1.169831,50,241.370921,1.0
-1.146682,50,241.9025,1.0
-0.873745,50,242.429373,1.0
-0.940956,50,242.955698,1.0
-1.338605,50,243.472172,1.0
-1.319253,50,244.002459,1.0
-0.974969,50,244.51982,1.0
-1.038899,50,245.041293,1.0
-1.082586,50,245.570686,1.0
-1.573205,50,246.10475,1.0
-1.344117,50,246.62644,1.0
-0.889392,50,247.144366,1.0
-1.055441,50,247.662583,1.0
-1.341087,50,248.195993,1.0
-1.145685,50,248.720344,1.0
-1.132673,50,249.243617,1.0
-1.237537,50,249.761986,1.0
-1.379404,50,250.308816,1.0
-1.073023,50,250.826834,1.0
-0.97224,50,251.345996,1.0
-1.290112,50,251.868745,1.0
-1.225289,50,252.405126,1.0
-1.155052,50,252.926549,1.0
-1.377392,50,253.444777,1.0
-1.052223,50,253.969927,1.0
-1.15559,50,256.663583,1.0
-1.299367,50,257.184541,1.0
-1.340131,50,257.711551,1.0
-0.909554,50,258.243265,1.0
-0.884404,50,258.789854,1.0
-1.451508,50,259.323686,1.0
-1.09978,50,259.858006,1.0
-1.117619,50,260.387466,1.0
-1.124776,50,260.919097,1.0
-1.022719,50,261.451608,1.0
-1.058075,50,261.986134,1.0
-1.210183,50,262.516795,1.0
-0.777912,50,263.052932,1.0
-1.149729,50,263.582223,1.0
-1.820432,50,264.1147,1.0
-1.207005,50,264.639302,1.0
-0.756788,50,265.175441,1.0
-1.049198,50,265.710267,1.0
-0.877431,50,266.24014,1.0
-0.779704,50,266.766102,1.0
-0.845511,50,267.30356,1.0
-1.110479,50,267.828842,1.0
-0.920874,50,268.35695,1.0
-0.970507,50,268.887293,1.0
-1.050064,50,269.425748,1.0
-0.987985,50,269.956265,1.0
-1.318955,50,270.484594,1.0
-1.160967,50,271.008288,1.0
-1.107506,50,271.550548,1.0
-1.404787,50,272.078546,1.0
-1.446414,50,272.606549,1.0
-1.026331,50,273.136934,1.0
-1.254906,50,273.673997,1.0
-1.749219,50,274.19857,1.0
-0.997614,50,274.738441,1.0
-1.352964,50,275.26684,1.0
-0.79037,50,275.808653,1.0
-0.953041,50,276.33464,1.0
-1.078372,50,276.857699,1.0
-1.361121,50,277.38413,1.0
-1.369513,50,280.044765,1.0
-1.120799,50,280.569231,1.0
-1.744295,50,281.094544,1.0
-0.497611,50,281.615119,1.0
-0.607677,50,282.15371,1.0
-0.694076,50,282.682519,1.0
-0.65584,50,283.206175,1.0
-1.348558,50,283.734753,1.0
-1.059186,50,284.265405,1.0
-1.067597,50,284.786833,1.0
-1.273884,50,285.305871,1.0
-0.763975,50,285.830207,1.0
-1.120784,50,286.374492,1.0
-1.22173,50,286.893727,1.0
-0.967273,50,287.425354,1.0
-1.007398,50,287.948887,1.0
-0.957009,50,288.478619,1.0
-1.233998,50,289.004116,1.0
-0.766761,50,289.536019,1.0
-0.859928,50,290.06233,1.0
-0.769776,50,290.59807,1.0
-1.161799,50,291.136181,1.0
-1.040722,50,291.664693,1.0
-0.985478,50,292.191403,1.0
-0.794874,50,292.731512,1.0
-1.234635,50,293.262589,1.0
-1.314733,50,293.788052,1.0
-0.937885,50,294.314872,1.0
-1.788601,50,294.857919,1.0
-0.859673,50,295.387823,1.0
-1.463206,50,295.924516,1.0
-1.671433,50,296.454022,1.0
-1.197843,50,297.014809,1.0
-1.234934,50,297.546832,1.0
-1.198883,50,298.07647,1.0
-0.959936,50,298.605971,1.0
-0.664187,50,299.14086,1.0
-0.74634,50,299.672634,1.0
-1.301981,50,300.198516,1.0
-0.923795,50,300.731616,1.0
-0.950825,50,303.401524,1.0
-1.055518,50,303.924007,1.0
-1.042353,50,304.446332,1.0
-1.419705,50,304.987787,1.0
-0.973128,50,305.522693,1.0
-1.188613,50,306.061201,1.0
-1.181487,50,306.586608,1.0
-1.031931,50,307.114435,1.0
-0.858146,50,307.656617,1.0
-1.594032,50,308.197233,1.0
-1.336122,50,308.730099,1.0
-1.20085,50,309.258397,1.0
-1.701427,50,309.7932,1.0
-1.337712,50,310.315384,1.0
-0.847646,50,310.836469,1.0
-1.313855,50,311.358864,1.0
-1.086835,50,311.889907,1.0
-1.318145,50,312.41412,1.0
-0.776188,50,312.932057,1.0
-0.951816,50,313.451926,1.0
-1.093649,50,313.989015,1.0
-1.369519,50,314.514152,1.0
-1.152353,50,315.031517,1.0
-1.32759,50,315.567207,1.0
-1.066935,50,316.103126,1.0
-0.937856,50,316.62798,1.0
-1.281618,50,317.148976,1.0
-1.039631,50,317.673094,1.0
-1.262894,50,318.212028,1.0
-0.801293,50,318.745129,1.0
-1.224322,50,319.263321,1.0
-1.326588,50,319.78003,1.0
-1.057967,50,320.32345,1.0
-1.034017,50,320.840997,1.0
-1.245312,50,321.364687,1.0
-0.835719,50,321.893599,1.0
-0.791352,50,322.424484,1.0
-0.98695,50,322.951978,1.0
-0.864243,50,323.484009,1.0
-1.105884,50,324.000151,1.0
-0.926967,50,326.701179,1.0
-0.975995,50,327.222128,1.0
-1.085598,50,327.747128,1.0
-1.108904,50,328.275922,1.0
-1.061249,50,328.816992,1.0
-0.867351,50,329.348592,1.0
-1.01647,50,329.868133,1.0
-0.863679,50,330.392017,1.0
-1.067521,50,330.930019,1.0
-1.113937,50,331.446911,1.0
-0.999704,50,331.979919,1.0
-1.157308,50,332.502924,1.0
-1.029489,50,333.035759,1.0
-1.594877,50,333.554926,1.0
-1.049155,50,334.079957,1.0
-1.505846,50,334.60185,1.0
-1.304826,50,335.14646,1.0
-0.758001,50,335.672443,1.0
-0.919353,50,336.191468,1.0
-1.000263,50,336.71354,1.0
-0.828037,50,337.251291,1.0
-1.356199,50,337.771283,1.0
-1.40545,50,338.288437,1.0
-1.021178,50,338.809635,1.0
-1.385865,50,339.335744,1.0
-0.916012,50,339.863571,1.0
-1.112292,50,340.383952,1.0
-0.793953,50,340.905037,1.0
-1.442015,50,341.440386,1.0
-0.872179,50,341.961172,1.0
-1.178545,50,342.476814,1.0
-1.106758,50,342.994339,1.0
-0.80138,50,343.527379,1.0
-1.095607,50,344.052972,1.0
-1.075491,50,344.567703,1.0
-0.989235,50,345.087936,1.0
-1.061729,50,345.620147,1.0
-0.943328,50,346.153483,1.0
-0.942235,50,346.693866,1.0
-0.871565,50,347.224429,1.0
-0.822162,50,349.91254,1.0
-0.754218,50,350.445392,1.0
-0.898298,50,350.993347,1.0
-1.108348,50,351.5281,1.0
-0.998639,50,352.083477,1.0
-0.907296,50,352.624191,1.0
-0.848314,50,353.156591,1.0
-0.781116,50,353.688868,1.0
-0.955714,50,354.234025,1.0
-1.012082,50,354.775091,1.0
-1.239584,50,355.296803,1.0
-1.10422,50,355.824574,1.0
-0.854127,50,356.368006,1.0
-0.904794,50,356.893386,1.0
-1.440395,50,357.43133,1.0
-1.06314,50,357.964667,1.0
-0.835515,50,358.525268,1.0
-0.707092,50,359.060324,1.0
-0.889646,50,359.593233,1.0
-0.912964,50,360.117473,1.0
-0.962652,50,360.654549,1.0
-1.173067,50,361.184065,1.0
-0.830898,50,361.709257,1.0
-0.985229,50,362.234712,1.0
-0.981609,50,362.779016,1.0
-0.983627,50,363.309694,1.0
-1.076311,50,363.838473,1.0
-0.837306,50,364.363106,1.0
-0.764189,50,364.901901,1.0
-1.043268,50,365.424332,1.0
-1.31917,50,365.944326,1.0
-1.019679,50,366.471951,1.0
-0.679643,50,367.003727,1.0
-0.897969,50,367.526366,1.0
-1.635161,50,368.053572,1.0
-0.731244,50,368.572182,1.0
-0.884669,50,369.103601,1.0
-1.012656,50,369.630518,1.0
-0.946998,50,370.163061,1.0
-1.421288,50,370.696915,1.0
-0.773766,50,373.397857,1.0
-0.784818,50,373.91677,1.0
-0.971636,50,374.441458,1.0
-0.663021,50,374.967315,1.0
-0.648752,50,375.495953,1.0
-0.608578,50,376.016506,1.0
-0.984793,50,376.537319,1.0
-0.591751,50,377.060121,1.0
-0.82674,50,377.591916,1.0
-0.89564,50,378.111269,1.0
-1.052669,50,378.634843,1.0
-1.171031,50,379.155958,1.0
-0.775779,50,379.691824,1.0
-0.729699,50,380.209322,1.0
-1.012498,50,380.729068,1.0
-0.964698,50,381.249189,1.0
-0.846346,50,381.789522,1.0
-0.994505,50,382.312251,1.0
-0.920654,50,382.833126,1.0
-0.560942,50,383.367199,1.0
-1.060297,50,383.901498,1.0
-0.727572,50,384.420853,1.0
-1.511714,50,384.945121,1.0
-0.945157,50,385.467846,1.0
-1.718649,50,386.010178,1.0
-0.974741,50,386.533863,1.0
-0.916411,50,387.05488,1.0
-0.785844,50,387.577646,1.0
-1.03889,50,388.124788,1.0
-1.026076,50,388.656901,1.0
-1.493909,50,389.188261,1.0
-1.051495,50,389.719727,1.0
-1.089012,50,390.254607,1.0
-1.000465,50,390.773114,1.0
-1.26903,50,391.302075,1.0
-0.681594,50,391.827944,1.0
-1.12448,50,392.358895,1.0
-0.692212,50,392.879674,1.0
-0.812009,50,393.408146,1.0
-0.989093,50,393.926795,1.0
-0.787914,50,396.587015,1.0
-1.095232,50,397.106533,1.0
-0.833562,50,397.629089,1.0
-0.902528,50,398.148675,1.0
-0.559007,50,398.683442,1.0
-0.631317,50,399.212128,1.0
-1.114817,50,399.738152,1.0
-1.187859,50,400.254878,1.0
-0.878432,50,400.782885,1.0
-0.94705,50,401.300611,1.0
-1.104388,50,401.824084,1.0
-0.904674,50,402.350299,1.0
-0.8137,50,402.893105,1.0
-0.909953,50,403.43693,1.0
-0.854875,50,403.977906,1.0
-1.104194,50,404.509962,1.0
-0.977561,50,405.059539,1.0
-1.063035,50,405.593053,1.0
-1.170762,50,406.125834,1.0
-0.716862,50,406.664024,1.0
-0.919856,50,407.212855,1.0
-0.650609,50,407.74548,1.0
-1.743456,50,408.290119,1.0
-0.831631,50,408.8269,1.0
-1.337601,50,409.384489,1.0
-0.797288,50,409.917186,1.0
-0.868725,50,410.457371,1.0
-0.785188,50,410.998834,1.0
-0.952322,50,411.560251,1.0
-1.821716,50,412.10805,1.0
-0.67577,50,412.639148,1.0
-0.995496,50,413.173195,1.0
-0.862929,50,413.722661,1.0
-0.828036,50,414.258267,1.0
-0.73933,50,414.792609,1.0
-0.704505,50,415.328563,1.0
-0.686264,50,415.883083,1.0
-0.850196,50,416.424837,1.0
-1.926186,50,416.969109,1.0
-1.291604,50,417.512956,1.0
-0.734654,50,420.21107,1.0
-0.670096,50,420.745414,1.0
-0.933614,50,421.293771,1.0
-0.596182,50,421.831387,1.0
-0.870173,50,422.38645,1.0
-0.967912,50,422.924959,1.0
-0.839797,50,423.466153,1.0
-0.924078,50,423.998366,1.0
-0.907597,50,424.552068,1.0
-0.629778,50,425.091096,1.0
-1.012256,50,425.625237,1.0
-0.54767,50,426.167326,1.0
-1.291133,50,426.717146,1.0
-0.864518,50,427.257175,1.0
-0.656888,50,427.795379,1.0
-1.367804,50,428.345719,1.0
-0.734327,50,428.894444,1.0
-0.708704,50,429.433939,1.0
-0.836206,50,429.970669,1.0
-0.762741,50,430.503095,1.0
-0.916484,50,431.058127,1.0
-0.638552,50,431.589766,1.0
-1.01284,50,432.1232,1.0
-0.812695,50,432.656894,1.0
-0.830847,50,433.199483,1.0
-0.785735,50,433.737069,1.0
-0.732157,50,434.272151,1.0
-0.817311,50,434.806757,1.0
-0.922942,50,435.35612,1.0
-0.724759,50,435.892282,1.0
-0.808303,50,436.431283,1.0
-1.125431,50,436.96563,1.0
-0.996848,50,437.509448,1.0
-0.590998,50,438.044132,1.0
-0.699113,50,438.574434,1.0
-0.950627,50,439.108949,1.0
-0.633071,50,439.665468,1.0
-0.670344,50,440.201988,1.0
-0.752917,50,440.739672,1.0
-0.837841,50,441.284727,1.0
-0.669321,50,444.00455,1.0
-0.824065,50,444.553971,1.0
-0.70177,50,445.095672,1.0
-0.60727,50,445.632427,1.0
-0.872333,50,446.190208,1.0
-0.899044,50,446.728378,1.0
-0.884848,50,447.263941,1.0
-0.628125,50,447.806911,1.0
-0.920312,50,448.360569,1.0
-0.80602,50,448.890809,1.0
-0.848196,50,449.421585,1.0
-0.962597,50,449.943438,1.0
-0.651523,50,450.481199,1.0
-0.88998,50,451.009889,1.0
-0.620134,50,451.542429,1.0
-0.907407,50,452.071606,1.0
-0.688518,50,452.618102,1.0
-0.93934,50,453.149033,1.0
-0.951953,50,453.668967,1.0
-0.610788,50,454.190002,1.0
-0.650246,50,454.743125,1.0
-1.258346,50,455.288632,1.0
-1.623306,50,455.832941,1.0
-0.885673,50,456.381852,1.0
-0.895657,50,456.928405,1.0
-0.740305,50,457.464442,1.0
-0.792277,50,457.997064,1.0
-1.049657,50,458.531462,1.0
-0.655641,50,459.076398,1.0
-0.69527,50,459.611002,1.0
-0.810786,50,460.147936,1.0
-0.639597,50,460.685365,1.0
-0.783077,50,461.241248,1.0
-0.877239,50,461.775679,1.0
-1.178213,50,462.322163,1.0
-0.910946,50,462.855161,1.0
-0.727792,50,463.40462,1.0
-0.908877,50,463.942205,1.0
-1.067867,50,464.486943,1.0
-0.615392,50,465.024806,1.0
-0.57699,50,467.733267,1.0
-1.054551,50,468.267525,1.0
-0.737603,50,468.801598,1.0
-0.684486,50,469.33329,1.0
-0.870966,50,469.877892,1.0
-1.077651,50,470.422598,1.0
-0.820092,50,470.958799,1.0
-0.832968,50,471.49081,1.0
-0.847051,50,472.051884,1.0
-0.837217,50,472.588972,1.0
-0.855571,50,473.121396,1.0
-0.924896,50,473.65784,1.0
-0.675149,50,474.204712,1.0
-0.582083,50,474.739986,1.0
-1.042455,50,475.275302,1.0
-0.745278,50,475.81534,1.0
-0.602688,50,476.360253,1.0
-0.964056,50,476.90007,1.0
-0.614354,50,477.431859,1.0
-0.940398,50,477.980981,1.0
-0.752226,50,478.532037,1.0
-0.896161,50,479.069228,1.0
-0.634837,50,479.606343,1.0
-0.717705,50,480.15207,1.0
-0.818451,50,480.713083,1.0
-0.841286,50,481.261884,1.0
-0.445552,50,481.80099,1.0
-0.839083,50,482.339811,1.0
-0.926294,50,482.898149,1.0
-0.78396,50,483.437744,1.0
-0.536599,50,483.974072,1.0
-0.895292,50,484.511362,1.0
-0.804508,50,485.061413,1.0
-1.019456,50,485.601044,1.0
-0.93833,50,486.139592,1.0
-0.734686,50,486.686985,1.0
-0.982299,50,487.23495,1.0
-0.996255,50,487.775122,1.0
-0.700821,50,488.321077,1.0
-0.759361,50,488.859215,1.0
-1.649867,50,491.580283,1.0
-0.959181,50,492.113516,1.0
-0.901224,50,492.653036,1.0
-0.796806,50,493.187258,1.0
-0.747279,50,493.731309,1.0
-0.860922,50,494.266368,1.0
-1.133634,50,494.797143,1.0
-0.824155,50,495.326854,1.0
-0.800898,50,495.878303,1.0
-1.052683,50,496.41106,1.0
-0.634821,50,496.947214,1.0
-0.563816,50,497.490185,1.0
-0.716181,50,498.037714,1.0
-0.801206,50,498.570912,1.0
-0.721558,50,499.110785,1.0
-1.172235,50,499.65837,1.0
-0.833085,50,500.205301,1.0
-0.786182,50,500.739338,1.0
-0.78499,50,501.276019,1.0
-0.780819,50,501.82238,1.0
-0.819602,50,502.396019,1.0
-0.683798,50,502.939665,1.0
-0.732502,50,503.475837,1.0
-1.073021,50,504.020494,1.0
-0.763352,50,504.565333,1.0
-0.71899,50,505.10433,1.0
-0.862182,50,505.639209,1.0
-0.77266,50,506.171011,1.0
-0.878947,50,506.720004,1.0
-0.724352,50,507.252944,1.0
-0.768958,50,507.786421,1.0
-0.53796,50,508.330632,1.0
-0.828851,50,508.875311,1.0
-1.033917,50,509.419615,1.0
-0.821526,50,509.953517,1.0
-1.435062,50,510.497754,1.0
-0.704158,50,511.04264,1.0
-1.019451,50,511.584785,1.0
-0.881882,50,512.127371,1.0
-0.898152,50,512.671434,1.0
-0.795231,50,515.340843,1.0
-0.678733,50,515.873449,1.0
-0.784973,50,516.403103,1.0
-0.899416,50,516.939496,1.0
-0.718595,50,517.483167,1.0
-0.937619,50,518.016991,1.0
-0.66704,50,518.552109,1.0
-1.461706,50,519.094991,1.0
-0.796919,50,519.644783,1.0
-0.941292,50,520.177722,1.0
-0.802274,50,520.708387,1.0
-0.719824,50,521.238977,1.0
-0.522715,50,521.781765,1.0
-0.777667,50,522.315535,1.0
-0.814128,50,522.851605,1.0
-0.829985,50,523.392658,1.0
-0.746298,50,523.939596,1.0
-0.926141,50,524.481802,1.0
-0.928343,50,525.014035,1.0
-0.907658,50,525.558707,1.0
-0.772704,50,526.105898,1.0
-0.711584,50,526.652727,1.0
-0.802565,50,527.186641,1.0
-0.691192,50,527.720039,1.0
-0.695305,50,528.264958,1.0
-0.917682,50,528.806746,1.0
-0.624646,50,529.339938,1.0
-0.89414,50,529.884104,1.0
-0.601258,50,530.428917,1.0
-0.636847,50,530.965935,1.0
-0.950171,50,531.50571,1.0
-0.813564,50,532.048846,1.0
-0.944074,50,532.597557,1.0
-0.820458,50,533.140158,1.0
-1.118499,50,533.683843,1.0
-0.701575,50,534.219144,1.0
-1.365122,50,534.776846,1.0
-0.761641,50,535.310871,1.0
-0.636886,50,535.84493,1.0
-0.693846,50,536.37917,1.0
-0.880634,50,539.066758,1.0
-0.789297,50,539.602741,1.0
-0.834751,50,540.140633,1.0
-0.648508,50,540.674711,1.0
-0.799869,50,541.220766,1.0
-0.742708,50,541.763817,1.0
-0.744214,50,542.299244,1.0
-0.677962,50,542.848822,1.0
-0.715521,50,543.398234,1.0
-0.969784,50,543.944653,1.0
-0.903213,50,544.47884,1.0
-0.786756,50,545.009775,1.0
-0.872119,50,545.557012,1.0
-0.839391,50,546.089647,1.0
-0.892925,50,546.623323,1.0
-0.834474,50,547.158258,1.0
-0.733502,50,547.704142,1.0
-0.701792,50,548.235232,1.0
-0.913273,50,548.771204,1.0
-0.94991,50,549.305779,1.0
-1.449364,50,549.857913,1.0
-0.759392,50,550.381574,1.0
-0.576269,50,550.914109,1.0
-0.85737,50,551.436301,1.0
-0.751607,50,551.970003,1.0
-1.476278,50,552.501499,1.0
-0.657292,50,553.025021,1.0
-0.781157,50,553.54838,1.0
-0.61295,50,554.084694,1.0
-0.90229,50,554.606868,1.0
-0.761197,50,555.131867,1.0
-0.612266,50,555.663374,1.0
-1.133889,50,556.208054,1.0
-0.907191,50,556.742968,1.0
-0.929827,50,557.277195,1.0
-0.915711,50,557.806889,1.0
-0.827917,50,558.341508,1.0
-0.457487,50,558.864098,1.0
-0.806696,50,559.393,1.0
-0.830727,50,559.91668,1.0
-0.887034,50,562.572014,1.0
-0.722028,50,563.092191,1.0
-0.7386,50,563.611936,1.0
-0.623809,50,564.134743,1.0
-0.833272,50,564.669441,1.0
-0.9383,50,565.191262,1.0
-1.780196,50,565.72295,1.0
-0.776071,50,566.244482,1.0
-0.651632,50,566.778086,1.0
-0.707563,50,567.301066,1.0
-0.801773,50,567.830998,1.0
-0.68368,50,568.362659,1.0
-0.912804,50,568.894766,1.0
-0.692363,50,569.414491,1.0
-0.610162,50,569.938703,1.0
-0.612022,50,570.471385,1.0
-0.694979,50,571.018947,1.0
-0.788689,50,571.551163,1.0
-0.656248,50,572.083904,1.0
-1.395004,50,572.631386,1.0
-0.575235,50,573.176056,1.0
-0.685043,50,573.709857,1.0
-0.96935,50,574.240905,1.0
-0.623066,50,574.783495,1.0
-0.945514,50,575.33048,1.0
-0.730476,50,575.86418,1.0
-0.659405,50,576.40039,1.0
-0.606927,50,576.93616,1.0
-0.733153,50,577.48653,1.0
-0.740046,50,578.020237,1.0
-0.585124,50,578.555342,1.0
-0.556887,50,579.089977,1.0
-0.825025,50,579.635622,1.0
-0.721316,50,580.175361,1.0
-0.602851,50,580.709236,1.0
-0.766509,50,581.243342,1.0
-0.579726,50,581.789294,1.0
-0.655256,50,582.322275,1.0
-0.943071,50,582.855577,1.0
-0.716572,50,583.387154,1.0
-0.682266,50,586.099442,1.0
-0.915042,50,586.629168,1.0
-0.787165,50,587.169067,1.0
-0.540064,50,587.701746,1.0
-0.850749,50,588.235898,1.0
-0.720979,50,588.760766,1.0
-0.814082,50,589.282295,1.0
-0.734921,50,589.805992,1.0
-0.813787,50,590.33801,1.0
-0.856624,50,590.861527,1.0
-0.61328,50,591.382062,1.0
-0.900461,50,591.903445,1.0
-0.684601,50,592.440632,1.0
-1.772713,50,592.973967,1.0
-0.840919,50,593.4976,1.0
-1.345754,50,594.033049,1.0
-0.622049,50,594.5689,1.0
-0.637607,50,595.093509,1.0
-0.688485,50,595.616487,1.0
-0.859703,50,596.140776,1.0
-0.916373,50,596.678669,1.0
-0.693752,50,597.204142,1.0
-0.690764,50,597.73498,1.0
-0.79444,50,598.267583,1.0
-0.783672,50,598.805672,1.0
-0.643766,50,599.322586,1.0
-0.712138,50,599.842876,1.0
-0.665179,50,600.368411,1.0
-0.613626,50,600.903562,1.0
-0.926297,50,601.423033,1.0
-0.82406,50,601.940299,1.0
-0.810842,50,602.46166,1.0
-0.656663,50,602.990875,1.0
-0.827682,50,603.508635,1.0
-0.729572,50,604.028721,1.0
-0.826759,50,604.548333,1.0
-0.692708,50,605.080565,1.0
-0.748323,50,605.597447,1.0
-0.690891,50,606.117674,1.0
-0.673878,50,606.637002,1.0
-0.688215,50,609.295086,1.0
-1.078878,50,609.814136,1.0
-0.826493,50,610.331522,1.0
-0.873904,50,610.85258,1.0
-0.619179,50,611.383123,1.0
-1.826396,50,611.909877,1.0
-0.988643,50,612.435553,1.0
-0.453907,50,612.979698,1.0
-0.797705,50,613.520528,1.0
-0.737466,50,614.063724,1.0
-0.996837,50,614.589926,1.0
-1.672844,50,615.129689,1.0
-0.791857,50,615.680654,1.0
-0.654714,50,616.221064,1.0
-0.759559,50,616.763951,1.0
-0.38876,50,617.294901,1.0
-0.696216,50,617.832878,1.0
-0.668295,50,618.362148,1.0
-0.749124,50,618.895819,1.0
-0.706188,50,619.421273,1.0
-0.747025,50,619.951649,1.0
-0.708847,50,620.472525,1.0
-0.701149,50,620.992308,1.0
-1.225827,50,621.523004,1.0
-0.751479,50,622.052916,1.0
-0.683555,50,622.583418,1.0
-0.710993,50,623.101812,1.0
-0.641791,50,623.619846,1.0
-0.560876,50,624.150702,1.0
-0.656847,50,624.681219,1.0
-0.663718,50,625.199038,1.0
-0.857193,50,625.715441,1.0
-0.863246,50,626.250573,1.0
-1.122158,50,626.769906,1.0
-0.715884,50,627.293434,1.0
-0.574186,50,627.818944,1.0
-0.79652,50,628.351586,1.0
-0.830573,50,628.875765,1.0
-0.523426,50,629.392009,1.0
-0.784186,50,629.911332,1.0
-0.453185,50,632.541932,1.0
-0.798263,50,633.061516,1.0
-0.712844,50,633.576611,1.0
-0.866094,50,634.10026,1.0
-0.813681,50,634.631998,1.0
-0.629162,50,635.149398,1.0
-0.764005,50,635.667,1.0
-0.805563,50,636.182245,1.0
-0.68875,50,636.710216,1.0
-0.736714,50,637.231871,1.0
-0.605725,50,637.754444,1.0
-0.96323,50,638.278806,1.0
-0.638314,50,638.80585,1.0
-0.713605,50,639.320118,1.0
-0.748894,50,639.836655,1.0
-0.832039,50,640.354079,1.0
-0.706792,50,640.880327,1.0
-0.836681,50,641.39734,1.0
-0.6003,50,641.914464,1.0
-0.690467,50,642.431127,1.0
-0.648945,50,642.957431,1.0
-1.266036,50,643.482006,1.0
-0.634927,50,644.006277,1.0
-1.608062,50,644.534773,1.0
-0.744007,50,645.061999,1.0
-0.853732,50,645.59265,1.0
-0.803898,50,646.122652,1.0
-0.876003,50,646.654335,1.0
-0.510996,50,647.189551,1.0
-0.667201,50,647.718084,1.0
-0.501248,50,648.243321,1.0
-0.751988,50,648.777159,1.0
-0.76182,50,649.318587,1.0
-0.719117,50,649.841652,1.0
-0.742181,50,650.372149,1.0
-0.846405,50,650.897614,1.0
-0.857115,50,651.444139,1.0
-0.694691,50,651.96932,1.0
-0.44721,50,652.493964,1.0
-0.720452,50,653.022128,1.0
-0.81104,50,655.6712,1.0
-0.782553,50,656.19057,1.0
-0.534374,50,656.721607,1.0
-0.938756,50,657.242359,1.0
-0.574329,50,657.782173,1.0
-0.717623,50,658.307145,1.0
-0.877791,50,658.828999,1.0
-0.834635,50,659.353758,1.0
-0.677043,50,659.889541,1.0
-0.945774,50,660.407636,1.0
-0.731896,50,660.927926,1.0
-0.717205,50,661.45585,1.0
-0.76279,50,661.986396,1.0
-0.702862,50,662.504436,1.0
-0.679989,50,663.029516,1.0
-0.993829,50,663.545359,1.0
-0.695109,50,664.080154,1.0
-0.680861,50,664.608511,1.0
-0.5875,50,665.128467,1.0
-0.832388,50,665.646791,1.0
-0.782593,50,666.177782,1.0
-1.558317,50,666.707679,1.0
-0.77032,50,667.232124,1.0
-0.748076,50,667.758228,1.0
-0.834742,50,668.288206,1.0
-0.646829,50,668.809285,1.0
-0.952929,50,669.327542,1.0
-0.840735,50,669.850588,1.0
-1.044796,50,670.39513,1.0
-0.508665,50,670.917364,1.0
-0.872618,50,671.444002,1.0
-1.642714,50,671.979727,1.0
-0.519398,50,672.511935,1.0
-0.876222,50,673.032572,1.0
-0.755638,50,673.54863,1.0
-0.656898,50,674.067477,1.0
-0.960818,50,674.595331,1.0
-1.133503,50,675.126622,1.0
-0.606729,50,675.654,1.0
-1.667406,50,676.188297,1.0
-0.731253,50,678.843989,1.0
-0.500348,50,679.371516,1.0
-0.511499,50,679.896631,1.0
-0.730508,50,680.428441,1.0
-0.694896,50,680.962903,1.0
-0.696042,50,681.483198,1.0
-0.689326,50,682.009932,1.0
-0.759959,50,682.53475,1.0
-0.586177,50,683.06606,1.0
-0.602314,50,683.589979,1.0
-0.774937,50,684.126416,1.0
-0.932478,50,684.655567,1.0
-0.739963,50,685.197678,1.0
-0.845394,50,685.735653,1.0
-0.761624,50,686.259058,1.0
-0.810478,50,686.781253,1.0
-0.616004,50,687.318027,1.0
-0.807219,50,687.850149,1.0
-0.809324,50,688.384692,1.0
-0.634069,50,688.907749,1.0
-0.704594,50,689.447886,1.0
-0.568534,50,689.981907,1.0
-0.776386,50,690.512053,1.0
-0.928511,50,691.037043,1.0
-0.670808,50,691.572367,1.0
-0.764846,50,692.096365,1.0
-0.919753,50,692.619899,1.0
-0.921597,50,693.14284,1.0
-0.822812,50,693.678116,1.0
-0.825986,50,694.202861,1.0
-1.665967,50,694.730841,1.0
-0.750137,50,695.25442,1.0
-0.655794,50,695.791808,1.0
-0.74069,50,696.320251,1.0
-0.783976,50,696.843465,1.0
-1.311717,50,697.373599,1.0
-0.837207,50,697.906627,1.0
-0.897205,50,698.428992,1.0
-0.675647,50,698.952596,1.0
-0.486372,50,699.475112,1.0
-0.829095,50,702.113908,1.0
-0.96592,50,702.642801,1.0
-1.787815,50,703.174105,1.0
-0.555977,50,703.692676,1.0
-0.793714,50,704.230023,1.0
-0.676024,50,704.755769,1.0
-0.754143,50,705.279855,1.0
-0.797174,50,705.814286,1.0
-0.764001,50,706.34576,1.0
-0.642375,50,706.862685,1.0
-0.90661,50,707.385451,1.0
-0.668528,50,707.913105,1.0
-0.664469,50,708.450188,1.0
-0.794039,50,708.97986,1.0
-0.827585,50,709.506532,1.0
-0.827883,50,710.036016,1.0
-0.823402,50,710.5772,1.0
-0.702462,50,711.103302,1.0
-0.713549,50,711.632241,1.0
-0.8687,50,712.168592,1.0
-0.74689,50,712.708073,1.0
-0.637299,50,713.234086,1.0
-0.971328,50,713.755886,1.0
-0.755205,50,714.280239,1.0
-0.712018,50,714.817867,1.0
-1.138807,50,715.355405,1.0
-0.677842,50,715.881857,1.0
-0.875676,50,716.409034,1.0
-0.787357,50,716.94922,1.0
-0.777844,50,717.479598,1.0
-1.105027,50,718.004047,1.0
-0.637667,50,718.533171,1.0
-0.536042,50,719.065816,1.0
-1.025984,50,719.594121,1.0
-0.592935,50,720.11807,1.0
-0.602071,50,720.65219,1.0
-0.624591,50,721.188987,1.0
-0.834413,50,721.714432,1.0
-0.658872,50,722.235207,1.0
-0.794122,50,722.756515,1.0
-0.802581,50,725.405431,1.0
-0.806666,50,725.935843,1.0
-0.7695,50,726.467774,1.0
-0.741164,50,726.990858,1.0
-0.70811,50,727.526958,1.0
-0.833209,50,728.052609,1.0
-0.73033,50,728.574403,1.0
-0.79739,50,729.099238,1.0
-0.500345,50,729.645848,1.0
-0.755869,50,730.168755,1.0
-0.679274,50,730.689482,1.0
-0.880301,50,731.215107,1.0
-0.686076,50,731.750955,1.0
-0.79003,50,732.277096,1.0
-0.939034,50,732.810498,1.0
-0.761582,50,733.349502,1.0
-0.866026,50,733.903391,1.0
-1.120795,50,734.432644,1.0
-0.64553,50,734.967476,1.0
-0.660529,50,735.505278,1.0
-0.828667,50,736.065485,1.0
-1.637577,50,736.614389,1.0
-0.724004,50,737.145096,1.0
-0.853713,50,737.685467,1.0
-0.74937,50,738.240885,1.0
-0.75652,50,738.770242,1.0
-0.518274,50,739.302838,1.0
-0.746151,50,739.834055,1.0
-0.839043,50,740.376377,1.0
-0.900294,50,740.907155,1.0
-0.640256,50,741.443099,1.0
-0.746776,50,741.981403,1.0
-1.033588,50,742.521574,1.0
-0.836131,50,743.057408,1.0
-0.866448,50,743.59236,1.0
-0.866008,50,744.135547,1.0
-0.730419,50,744.683616,1.0
-0.883278,50,745.215984,1.0
-0.68016,50,745.751687,1.0
-0.915328,50,746.28269,1.0
-0.688049,50,748.979317,1.0
-0.770143,50,749.512852,1.0
-0.70648,50,750.05576,1.0
-0.821634,50,750.597765,1.0
-0.447464,50,751.142817,1.0
-0.654703,50,751.688969,1.0
-0.887829,50,752.224637,1.0
-0.978431,50,752.759714,1.0
-0.990393,50,753.306991,1.0
-0.859806,50,753.840802,1.0
-1.720962,50,754.392882,1.0
-0.709345,50,754.927945,1.0
-0.637101,50,755.470413,1.0
-0.826352,50,756.010787,1.0
-0.864826,50,756.547817,1.0
-0.455192,50,757.089279,1.0
-0.57563,50,757.648561,1.0
-0.785716,50,758.186853,1.0
-0.710666,50,758.726021,1.0
-1.010447,50,759.267622,1.0
-0.754978,50,759.81779,1.0
-0.663515,50,760.359762,1.0
-0.630858,50,760.898748,1.0
-0.730218,50,761.437509,1.0
-0.923866,50,761.996365,1.0
-0.772865,50,762.536021,1.0
-0.776263,50,763.080551,1.0
-0.75241,50,763.615984,1.0
-0.702828,50,764.161971,1.0
-1.696556,50,764.703617,1.0
-0.619366,50,765.248493,1.0
-0.636633,50,765.785709,1.0
-0.773948,50,766.335542,1.0
-0.7026,50,766.871136,1.0
-0.635184,50,767.416057,1.0
-0.860552,50,767.95876,1.0
-0.79815,50,768.507436,1.0
-0.843231,50,769.051461,1.0
-1.921808,50,769.602282,1.0
-0.908581,50,770.136652,1.0
-0.5064,50,772.807159,1.0
-0.677377,50,773.344419,1.0
-0.682024,50,773.877123,1.0
-0.886939,50,774.416659,1.0
-1.102218,50,774.962326,1.0
-0.634072,50,775.49697,1.0
-0.997836,50,776.031573,1.0
-0.693682,50,776.56921,1.0
-0.839426,50,777.106152,1.0
-0.846441,50,777.636584,1.0
-0.816136,50,778.165999,1.0
-0.900715,50,778.688128,1.0
-0.799982,50,779.224279,1.0
-0.909649,50,779.749089,1.0
-0.766189,50,780.277823,1.0
-1.552451,50,780.805469,1.0
-0.731119,50,781.339878,1.0
-1.317233,50,781.878132,1.0
-0.832799,50,782.416623,1.0
-0.98189,50,782.952298,1.0
-0.813662,50,783.505649,1.0
-0.943177,50,784.045991,1.0
-0.772201,50,784.581227,1.0
-1.082019,50,785.122024,1.0
-0.591835,50,785.66931,1.0
-0.559573,50,786.219916,1.0
-0.852869,50,786.75185,1.0
-0.784651,50,787.279614,1.0
-0.968191,50,787.830728,1.0
-0.876447,50,788.363834,1.0
-0.918272,50,788.903747,1.0
-0.715597,50,789.438716,1.0
-0.727141,50,789.992159,1.0
-0.943437,50,790.541573,1.0
-0.891823,50,791.074214,1.0
-0.822587,50,791.601744,1.0
-0.987913,50,792.144916,1.0
-0.706374,50,792.670659,1.0
-0.834754,50,793.19101,1.0
-0.817057,50,793.719233,1.0
-0.598546,50,796.41979,1.0
-0.55037,50,796.948139,1.0
-0.943112,50,797.481657,1.0
-0.883995,50,798.005519,1.0
-0.838283,50,798.546379,1.0
-0.780525,50,799.072528,1.0
-0.76794,50,799.594561,1.0
-1.646068,50,800.128974,1.0
-0.735829,50,800.668802,1.0
-0.777202,50,801.202482,1.0
-0.853807,50,801.725273,1.0
-0.529519,50,802.252856,1.0
-0.918598,50,802.791779,1.0
-0.545661,50,803.329091,1.0
-0.862147,50,803.852618,1.0
-0.811449,50,804.376063,1.0
-0.741233,50,804.918831,1.0
-0.537705,50,805.445122,1.0
-0.662278,50,805.968641,1.0
-0.906687,50,806.492588,1.0
-0.703771,50,807.026009,1.0
-0.445727,50,807.564245,1.0
-0.982412,50,808.09288,1.0
-1.283723,50,808.626093,1.0
-0.908411,50,809.157969,1.0
-0.510854,50,809.687986,1.0
-0.717917,50,810.211777,1.0
-0.856969,50,810.739362,1.0
-0.814967,50,811.270212,1.0
-0.756717,50,811.789021,1.0
-0.796688,50,812.311108,1.0
-0.869726,50,812.835383,1.0
-0.81748,50,813.368139,1.0
-0.599674,50,813.886464,1.0
-1.020421,50,814.40739,1.0
-0.917841,50,814.929545,1.0
-0.96654,50,815.46403,1.0
-0.943698,50,815.991788,1.0
-0.565854,50,816.5205,1.0
-0.721119,50,817.041461,1.0
-0.9263,50,819.725476,1.0
-0.901618,50,820.249407,1.0
-0.791108,50,820.773634,1.0
-0.872127,50,821.290114,1.0
-0.731634,50,821.821338,1.0
-0.712866,50,822.341209,1.0
-0.657659,50,822.859241,1.0
-0.807114,50,823.385456,1.0
-0.477974,50,823.91607,1.0
-1.024499,50,824.437973,1.0
-1.445084,50,824.971725,1.0
-0.522177,50,825.491645,1.0
-0.796727,50,826.023434,1.0
-0.765424,50,826.558763,1.0
-0.505327,50,827.078379,1.0
-0.923982,50,827.60457,1.0
-1.309869,50,828.14836,1.0
-1.027051,50,828.668942,1.0
-0.681368,50,829.194281,1.0
-1.062256,50,829.728132,1.0
-0.871116,50,830.260519,1.0
-0.846131,50,830.785354,1.0
-0.977379,50,831.306873,1.0
-0.912889,50,831.837013,1.0
-0.973131,50,832.373817,1.0
-0.654571,50,832.900888,1.0
-0.709982,50,833.440899,1.0
-0.65261,50,833.9665,1.0
-0.788865,50,834.525888,1.0
-0.650739,50,835.054307,1.0
-0.634392,50,835.586073,1.0
-0.776208,50,836.12138,1.0
-1.146674,50,836.667711,1.0
-0.535729,50,837.199968,1.0
-0.671355,50,837.738301,1.0
-0.620864,50,838.272363,1.0
-0.758108,50,838.80842,1.0
-0.916964,50,839.337498,1.0
-1.368797,50,839.88436,1.0
-0.648968,50,840.419413,1.0
-0.835781,50,843.095496,1.0
-0.697633,50,843.617314,1.0
-0.632537,50,844.150065,1.0
-1.739058,50,844.689478,1.0
-0.882789,50,845.219862,1.0
-1.025253,50,845.762998,1.0
-0.850548,50,846.293867,1.0
-0.981135,50,846.820043,1.0
-0.93604,50,847.353832,1.0
-0.766443,50,847.877024,1.0
-0.733927,50,848.404217,1.0
-0.616851,50,848.941776,1.0
-1.041042,50,849.481123,1.0
-0.832115,50,850.004133,1.0
-0.651338,50,850.530597,1.0
-0.701264,50,851.058642,1.0
-1.029284,50,851.602131,1.0
-0.820594,50,852.138916,1.0
-1.384758,50,852.678632,1.0
-0.807678,50,853.210484,1.0
-0.851187,50,853.750211,1.0
-0.764088,50,854.28407,1.0
-0.837709,50,854.816564,1.0
-0.508842,50,855.344421,1.0
-0.895765,50,855.88677,1.0
-0.758805,50,856.42159,1.0
-0.938909,50,856.949504,1.0
-0.829901,50,857.475829,1.0
-0.96881,50,858.008508,1.0
-0.73803,50,858.529162,1.0
-0.830599,50,859.055127,1.0
-0.869079,50,859.581082,1.0
-0.898726,50,860.118627,1.0
-0.810509,50,860.648832,1.0
-0.829827,50,861.175026,1.0
-0.723335,50,861.706746,1.0
-0.649068,50,862.245986,1.0
-0.951866,50,862.770512,1.0
-0.877854,50,863.300297,1.0
-0.673241,50,863.83044,1.0
-0.822937,50,866.53425,1.0
-0.815236,50,867.065057,1.0
-0.847164,50,867.596752,1.0
-1.162891,50,868.138224,1.0
-0.712829,50,868.675905,1.0
-0.762445,50,869.201049,1.0
-0.982037,50,869.731661,1.0
-0.669387,50,870.26482,1.0
-0.641888,50,870.803813,1.0
-0.734606,50,871.340138,1.0
-0.871712,50,871.873377,1.0
-0.700813,50,872.397927,1.0
-0.845186,50,872.940121,1.0
-0.940837,50,873.477216,1.0
-0.93957,50,874.017477,1.0
-0.633631,50,874.545061,1.0
-0.865664,50,875.080361,1.0
-0.959363,50,875.606681,1.0
-0.688365,50,876.131912,1.0
-0.768159,50,876.657195,1.0
-0.698138,50,877.201799,1.0
-0.586302,50,877.728805,1.0
-0.900414,50,878.249795,1.0
-1.225825,50,878.770312,1.0
-0.772019,50,879.306822,1.0
-0.777382,50,879.833243,1.0
-1.385965,50,880.36537,1.0
-0.842095,50,880.888003,1.0
-0.877603,50,881.431337,1.0
-0.932606,50,881.957898,1.0
-0.767946,50,882.480961,1.0
-0.683765,50,883.002985,1.0
-0.613777,50,883.53756,1.0
-0.874463,50,884.064127,1.0
-0.88362,50,884.597045,1.0
-0.886577,50,885.122138,1.0
-0.884459,50,885.664229,1.0
-1.111527,50,886.188448,1.0
-0.688514,50,886.71531,1.0
-0.742313,50,887.240684,1.0
-0.769682,50,889.898131,1.0
-0.86927,50,890.423149,1.0
-0.640103,50,890.953517,1.0
-0.745555,50,891.480436,1.0
-0.948655,50,892.027259,1.0
-0.843788,50,892.566982,1.0
-0.961622,50,893.09045,1.0
-0.876459,50,893.615169,1.0
-0.705339,50,894.155855,1.0
-0.789037,50,894.684861,1.0
-0.835819,50,895.213972,1.0
-0.831828,50,895.750885,1.0
-0.744029,50,896.296479,1.0
-0.863553,50,896.818405,1.0
-0.795455,50,897.347491,1.0
-1.19686,50,897.874864,1.0
-0.766911,50,898.417883,1.0
-0.898596,50,898.940227,1.0
-0.632113,50,899.474057,1.0
-0.970517,50,900.004527,1.0
-0.823547,50,900.541992,1.0
-0.795929,50,901.065971,1.0
-1.584627,50,901.601488,1.0
-0.916676,50,902.126029,1.0
-0.93215,50,902.665135,1.0
-0.901676,50,903.186512,1.0
-0.864947,50,903.714719,1.0
-0.429095,50,904.249451,1.0
-0.580569,50,904.79051,1.0
-0.856239,50,905.320956,1.0
-0.91464,50,905.849327,1.0
-0.673918,50,906.375883,1.0
-0.954349,50,906.917409,1.0
-1.058095,50,907.441252,1.0
-0.825851,50,907.96872,1.0
-0.856894,50,908.493082,1.0
-0.991078,50,909.038613,1.0
-0.993813,50,909.562358,1.0
-0.951405,50,910.087665,1.0
-0.792529,50,910.615366,1.0
-0.802864,50,913.252983,1.0
-1.073326,50,913.782705,1.0
-1.794592,50,914.323072,1.0
-1.498479,50,914.854492,1.0
-0.929517,50,915.392971,1.0
-0.759979,50,915.919976,1.0
-1.659492,50,916.459944,1.0
-0.80753,50,916.985389,1.0
-0.727728,50,917.523924,1.0
-0.892659,50,918.050371,1.0
-0.678657,50,918.575394,1.0
-0.92964,50,919.10417,1.0
-0.979585,50,919.650566,1.0
-0.727034,50,920.1846,1.0
-0.713177,50,920.71095,1.0
-1.900214,50,921.245589,1.0
-0.900585,50,921.817625,1.0
-1.597106,50,922.354673,1.0
-0.586749,50,922.88276,1.0
-0.59934,50,923.412053,1.0
-1.022211,50,923.95884,1.0
-0.90726,50,924.493827,1.0
-0.541831,50,925.024945,1.0
-0.832546,50,925.565706,1.0
-0.739947,50,926.104048,1.0
-0.850898,50,926.630139,1.0
-0.808171,50,927.166604,1.0
-0.979101,50,927.705755,1.0
-0.905983,50,928.269626,1.0
-0.89437,50,928.818959,1.0
-0.866501,50,929.346172,1.0
-0.97277,50,929.879077,1.0
-0.827471,50,930.424047,1.0
-0.896892,50,930.956493,1.0
-0.889888,50,931.495681,1.0
-1.085948,50,932.034574,1.0
-1.472371,50,932.591769,1.0
-0.914043,50,933.123629,1.0
-0.705834,50,933.655929,1.0
-0.832447,50,934.183163,1.0
-0.911417,50,936.921909,1.0
-0.816248,50,937.448165,1.0
-0.986911,50,937.990771,1.0
-1.110985,50,938.520429,1.0
-0.715698,50,939.06348,1.0
-1.708103,50,939.604345,1.0
-0.747717,50,940.132315,1.0
-0.820068,50,940.657867,1.0
-1.0992,50,941.200049,1.0
-0.760698,50,941.729055,1.0
-0.552755,50,942.257669,1.0
-1.00701,50,942.782813,1.0
-0.797092,50,943.330772,1.0
-0.83581,50,943.859409,1.0
-0.896158,50,944.385941,1.0
-1.135562,50,944.92036,1.0
-0.999572,50,945.468163,1.0
-0.931125,50,945.99901,1.0
-0.816628,50,946.526961,1.0
-1.072747,50,947.058173,1.0
-0.907309,50,947.602874,1.0
-0.705812,50,948.131521,1.0
-0.812,50,948.659301,1.0
-0.885286,50,949.194208,1.0
-1.12034,50,949.732126,1.0
-0.951476,50,950.259953,1.0
-0.817632,50,950.799215,1.0
-0.78143,50,951.333984,1.0
-1.14049,50,951.88933,1.0
-0.585205,50,952.426198,1.0
-0.725785,50,952.955308,1.0
-0.663831,50,953.493158,1.0
-1.151877,50,954.033306,1.0
-0.818611,50,954.568375,1.0
-0.592052,50,955.096956,1.0
-0.939913,50,955.6255,1.0
-0.704551,50,956.173072,1.0
-0.869739,50,956.697303,1.0
-0.862393,50,957.241372,1.0
-0.649382,50,957.788096,1.0
-0.884842,50,960.499224,1.0
-0.579008,50,961.027519,1.0
-0.728585,50,961.573207,1.0
-1.228264,50,962.108653,1.0
-1.128333,50,962.651435,1.0
-1.731342,50,963.193198,1.0
-0.68975,50,963.728046,1.0
-0.811841,50,964.261239,1.0
-1.205001,50,964.818466,1.0
-1.156096,50,965.350401,1.0
-0.919079,50,965.882115,1.0
-0.850321,50,966.420815,1.0
-0.849905,50,966.97963,1.0
-1.673811,50,967.520533,1.0
-0.762417,50,968.060445,1.0
-1.147674,50,968.597665,1.0
-0.957359,50,969.139191,1.0
-1.144056,50,969.666801,1.0
-0.979161,50,970.19399,1.0
-0.94459,50,970.729258,1.0
-0.870027,50,971.272024,1.0
-1.008143,50,971.808339,1.0
-0.875963,50,972.332437,1.0
-0.738371,50,972.859441,1.0
-1.157781,50,973.39965,1.0
-0.837017,50,973.926183,1.0
-1.02097,50,974.44452,1.0
-1.100349,50,974.965651,1.0
-0.769119,50,975.509559,1.0
-0.959524,50,976.03254,1.0
-0.945418,50,976.553275,1.0
-0.935114,50,977.081039,1.0
-0.988409,50,977.614035,1.0
-0.915875,50,978.145468,1.0
-0.995678,50,978.672362,1.0
-0.996233,50,979.201201,1.0
-0.81719,50,979.751677,1.0
-1.024115,50,980.281226,1.0
-1.10662,50,980.809468,1.0
-0.622438,50,981.340649,1.0
-0.94094,50,984.003455,1.0
-1.000418,50,984.530175,1.0
-0.947612,50,985.06577,1.0
-1.153635,50,985.597091,1.0
-0.817514,50,986.137851,1.0
-1.081875,50,986.670226,1.0
-0.746002,50,987.204366,1.0
-0.57182,50,987.744521,1.0
-1.12795,50,988.298992,1.0
-0.901233,50,988.828594,1.0
-1.145535,50,989.363793,1.0
-1.049764,50,989.903893,1.0
-1.064107,50,990.448323,1.0
-0.848399,50,990.986002,1.0
-0.764353,50,991.508911,1.0
-1.031406,50,992.041833,1.0
-0.632429,50,992.59024,1.0
-0.687491,50,993.119316,1.0
-1.029653,50,993.654492,1.0
-1.166848,50,994.188557,1.0
-1.146623,50,994.738636,1.0
-1.118553,50,995.264544,1.0
-0.957088,50,995.789463,1.0
-1.060224,50,996.313822,1.0
-1.646561,50,996.860895,1.0
-0.735912,50,997.38998,1.0
-1.204929,50,997.910087,1.0
-1.743293,50,998.443357,1.0
-0.767387,50,998.985446,1.0
-0.925025,50,999.512913,1.0
-0.853006,50,1000.044646,1.0
-0.642935,50,1000.571183,1.0
-0.709629,50,1001.113571,1.0
-0.745288,50,1001.640947,1.0
-0.919331,50,1002.168192,1.0
-1.18519,50,1002.693988,1.0
-1.146563,50,1003.231339,1.0
-1.037104,50,1003.764592,1.0
-0.742088,50,1004.28935,1.0
-0.914129,50,1004.814171,1.0
-0.735057,50,1007.463751,1.0
-0.926995,50,1007.991973,1.0
-0.730598,50,1008.514015,1.0
-1.002899,50,1009.036821,1.0
-0.812291,50,1009.577578,1.0
-0.792724,50,1010.114545,1.0
-0.668827,50,1010.654483,1.0
-1.074461,50,1011.192011,1.0
-0.559941,50,1011.732624,1.0
-0.762272,50,1012.260395,1.0
-0.727997,50,1012.7908,1.0
-0.915972,50,1013.319506,1.0
-0.971851,50,1013.859807,1.0
-0.933046,50,1014.392865,1.0
-0.943466,50,1014.927362,1.0
-0.851155,50,1015.459289,1.0
-0.680971,50,1016.001776,1.0
-0.978568,50,1016.538496,1.0
-0.979715,50,1017.067207,1.0
-0.754641,50,1017.596538,1.0
-0.763467,50,1018.140339,1.0
-0.805282,50,1018.669451,1.0
-0.828651,50,1019.195983,1.0
-0.83148,50,1019.728054,1.0
-0.946684,50,1020.266587,1.0
-1.010185,50,1020.806006,1.0
-0.829468,50,1021.336722,1.0
-0.596718,50,1021.864312,1.0
-0.610959,50,1022.407855,1.0
-0.688188,50,1022.938045,1.0
-0.808038,50,1023.46701,1.0
-0.923601,50,1023.997752,1.0
-0.915464,50,1024.542575,1.0
-1.094652,50,1025.07315,1.0
-1.036719,50,1025.599168,1.0
-0.986854,50,1026.130154,1.0
-0.871197,50,1026.665108,1.0
-0.760908,50,1027.185338,1.0
-1.363341,50,1027.713892,1.0
-0.779116,50,1028.237119,1.0
-1.213053,50,1030.909574,1.0
-0.973805,50,1031.442953,1.0
-0.796135,50,1031.979425,1.0
-0.803069,50,1032.503169,1.0
-0.806103,50,1033.036344,1.0
-1.13191,50,1033.563105,1.0
-0.768102,50,1034.087783,1.0
-0.799626,50,1034.608085,1.0
-0.931226,50,1035.147808,1.0
-0.894165,50,1035.675555,1.0
-0.652058,50,1036.205303,1.0
-1.589258,50,1036.743728,1.0
-0.714432,50,1037.286042,1.0
-0.932989,50,1037.814568,1.0
-0.962915,50,1038.337313,1.0
-0.92192,50,1038.86352,1.0
-1.107924,50,1039.40162,1.0
-1.184133,50,1039.928367,1.0
-0.927963,50,1040.457118,1.0
-0.98741,50,1040.992769,1.0
-1.01323,50,1041.532689,1.0
-1.288838,50,1042.069698,1.0
-1.091362,50,1042.610458,1.0
-0.827098,50,1043.14041,1.0
-1.742767,50,1043.687301,1.0
-0.837469,50,1044.216728,1.0
-0.918262,50,1044.744545,1.0
-0.967219,50,1045.271125,1.0
-0.896058,50,1045.803976,1.0
-0.758587,50,1046.326431,1.0
-1.026484,50,1046.85036,1.0
-0.76093,50,1047.37206,1.0
-0.832269,50,1047.909297,1.0
-0.953449,50,1048.439374,1.0
-0.564117,50,1048.967292,1.0
-1.070606,50,1049.487584,1.0
-0.703427,50,1050.018416,1.0
-0.763721,50,1050.537756,1.0
-0.832642,50,1051.062756,1.0
-0.696011,50,1051.589215,1.0
-0.922548,50,1054.257016,1.0
-0.721666,50,1054.78057,1.0
-1.197121,50,1055.316744,1.0
-0.75802,50,1055.842267,1.0
-0.809022,50,1056.379401,1.0
-0.604272,50,1056.915707,1.0
-0.917678,50,1057.451286,1.0
-1.017786,50,1057.987846,1.0
-0.804124,50,1058.52263,1.0
-1.181858,50,1059.047683,1.0
-0.90637,50,1059.573236,1.0
-0.7832,50,1060.100315,1.0
-0.779539,50,1060.646909,1.0
-0.771316,50,1061.17949,1.0
-0.980764,50,1061.70127,1.0
-0.891032,50,1062.235065,1.0
-0.697712,50,1062.77503,1.0
-0.887155,50,1063.299401,1.0
-1.17721,50,1063.825273,1.0
-0.739108,50,1064.355707,1.0
-1.149693,50,1064.899581,1.0
-0.801262,50,1065.427361,1.0
-0.837277,50,1065.947399,1.0
-0.876347,50,1066.469963,1.0
-1.129245,50,1067.000808,1.0
-0.689478,50,1067.519671,1.0
-1.763406,50,1068.050656,1.0
-0.834747,50,1068.572484,1.0
-0.88494,50,1069.104928,1.0
-0.852917,50,1069.63404,1.0
-1.064618,50,1070.157302,1.0
-1.139281,50,1070.687434,1.0
-0.731673,50,1071.221032,1.0
-0.674824,50,1071.745644,1.0
-0.773801,50,1072.271277,1.0
-0.7496,50,1072.799008,1.0
-0.620045,50,1073.331215,1.0
-0.748383,50,1073.852624,1.0
-0.94448,50,1074.378584,1.0
-1.090105,50,1074.901072,1.0
-1.434727,50,1077.530257,1.0
-0.951502,50,1078.054349,1.0
-1.967902,50,1078.588714,1.0
-0.727616,50,1079.109179,1.0
-1.066234,50,1079.640346,1.0
-1.011048,50,1080.166028,1.0
-0.892893,50,1080.693723,1.0
-0.980496,50,1081.213551,1.0
-0.82591,50,1081.747361,1.0
-0.713575,50,1082.267111,1.0
-1.727487,50,1082.795827,1.0
-1.262968,50,1083.318518,1.0
-0.892104,50,1083.859446,1.0
-1.238506,50,1084.378132,1.0
-0.824544,50,1084.900844,1.0
-0.682756,50,1085.419708,1.0
-0.732855,50,1085.953411,1.0
-0.722324,50,1086.474816,1.0
-0.715539,50,1086.996692,1.0
-0.798544,50,1087.515495,1.0
-0.625058,50,1088.048081,1.0
-0.574401,50,1088.56986,1.0
-0.85046,50,1089.091049,1.0
-0.719077,50,1089.619183,1.0
-0.639456,50,1090.15232,1.0
-0.992032,50,1090.673259,1.0
-1.090747,50,1091.194393,1.0
-0.637373,50,1091.715947,1.0
-1.145685,50,1092.246925,1.0
-0.807071,50,1092.766758,1.0
-0.691283,50,1093.285569,1.0
-0.698197,50,1093.806086,1.0
-0.914133,50,1094.337302,1.0
-1.03383,50,1094.860337,1.0
-0.936557,50,1095.389893,1.0
-0.78469,50,1095.912057,1.0
-0.736661,50,1096.446589,1.0
-0.950041,50,1096.970196,1.0
-1.140322,50,1097.490382,1.0
-0.933574,50,1098.02121,1.0
-0.902035,50,1100.677348,1.0
-0.603688,50,1101.206933,1.0
-0.704949,50,1101.729852,1.0
-0.844729,50,1102.251481,1.0
-0.609975,50,1102.787387,1.0
-0.694055,50,1103.307333,1.0
-1.006751,50,1103.830941,1.0
-0.887203,50,1104.3629,1.0
-1.798109,50,1104.905682,1.0
-1.072897,50,1105.42727,1.0
-0.81496,50,1105.949606,1.0
-0.697293,50,1106.478847,1.0
-0.877358,50,1107.013469,1.0
-0.512679,50,1107.541484,1.0
-0.90249,50,1108.077855,1.0
-0.984098,50,1108.619703,1.0
-0.588503,50,1109.158844,1.0
-0.739209,50,1109.686494,1.0
-1.082904,50,1110.216347,1.0
-0.47875,50,1110.754999,1.0
-0.493511,50,1111.30227,1.0
-0.917167,50,1111.834386,1.0
-0.869138,50,1112.370728,1.0
-0.949286,50,1112.900495,1.0
-0.474393,50,1113.448419,1.0
-0.877832,50,1113.97562,1.0
-0.712924,50,1114.505178,1.0
-1.170511,50,1115.043243,1.0
-0.717871,50,1115.581984,1.0
-0.751402,50,1116.109225,1.0
-0.732234,50,1116.636451,1.0
-0.534088,50,1117.165069,1.0
-0.950816,50,1117.715242,1.0
-1.022627,50,1118.24401,1.0
-1.115253,50,1118.784183,1.0
-0.815792,50,1119.31614,1.0
-0.687276,50,1119.854966,1.0
-1.055836,50,1120.385033,1.0
-0.730119,50,1120.912029,1.0
-1.569975,50,1121.455348,1.0
-1.087406,50,1124.109208,1.0
-0.723213,50,1124.636299,1.0
-0.780878,50,1125.161773,1.0
-0.726749,50,1125.689716,1.0
-0.644248,50,1126.225441,1.0
-0.784632,50,1126.745941,1.0
-0.829472,50,1127.265378,1.0
-0.858356,50,1127.791285,1.0
-1.002474,50,1128.336052,1.0
-0.669612,50,1128.870674,1.0
-0.907489,50,1129.390809,1.0
-0.922286,50,1129.915339,1.0
-0.789254,50,1130.452557,1.0
-0.755849,50,1130.984754,1.0
-0.726601,50,1131.517056,1.0
-0.727006,50,1132.050354,1.0
-0.815985,50,1132.59532,1.0
-0.626208,50,1133.127084,1.0
-0.646379,50,1133.669441,1.0
-1.001187,50,1134.209386,1.0
-0.739641,50,1134.752404,1.0
-0.758541,50,1135.286092,1.0
-0.851753,50,1135.818171,1.0
-0.774802,50,1136.349163,1.0
-0.968578,50,1136.898439,1.0
-0.637934,50,1137.430998,1.0
-0.923389,50,1137.980384,1.0
-1.814487,50,1138.531649,1.0
-0.806455,50,1139.078308,1.0
-0.874554,50,1139.612034,1.0
-1.688502,50,1140.155307,1.0
-0.716967,50,1140.690769,1.0
-1.455289,50,1141.2498,1.0
-0.690106,50,1141.785933,1.0
-0.772418,50,1142.323467,1.0
-0.686747,50,1142.866694,1.0
-0.858945,50,1143.409974,1.0
-0.8188,50,1143.948813,1.0
-0.56956,50,1144.480893,1.0
-0.721074,50,1145.015346,1.0
-0.804528,50,1147.720691,1.0
-0.682435,50,1148.267873,1.0
-0.774762,50,1148.802552,1.0
-0.692885,50,1149.343604,1.0
-0.71266,50,1149.889418,1.0
-0.935235,50,1150.422966,1.0
-0.755085,50,1150.966603,1.0
-0.859778,50,1151.497641,1.0
-0.634094,50,1152.044001,1.0
-0.634511,50,1152.577895,1.0
-0.860564,50,1153.108984,1.0
-0.678027,50,1153.64483,1.0
-0.731117,50,1154.188325,1.0
-0.645186,50,1154.723113,1.0
-0.599526,50,1155.26009,1.0
-0.822352,50,1155.786599,1.0
-0.623917,50,1156.326257,1.0
-0.648276,50,1156.866138,1.0
-1.059973,50,1157.394163,1.0
-0.862557,50,1157.920122,1.0
-0.763191,50,1158.460231,1.0
-1.505402,50,1158.995066,1.0
-0.999288,50,1159.52741,1.0
-0.627215,50,1160.052536,1.0
-0.382583,50,1160.591444,1.0
-0.882536,50,1161.118428,1.0
-0.64045,50,1161.646211,1.0
-0.660154,50,1162.173483,1.0
-0.751752,50,1162.721272,1.0
-0.647962,50,1163.249871,1.0
-0.819604,50,1163.784666,1.0
-0.780431,50,1164.319149,1.0
-0.472106,50,1164.858342,1.0
-0.535536,50,1165.38731,1.0
-0.766638,50,1165.92123,1.0
-0.715205,50,1166.449276,1.0
-0.674533,50,1166.988314,1.0
-0.970723,50,1167.518298,1.0
-0.682168,50,1168.050855,1.0
-0.810843,50,1168.581418,1.0
