#{"t_start": 1786138767.1378062, "env_id": "FetchReach-v3"}
r,l,t,is_success
-42.0,50,4.352677,0.0
-50.0,50,4.432878,0.0
-50.0,50,4.510695,0.0
-50.0,50,4.592358,0.0
-50.0,50,4.681321,0.0
-50.0,50,4.765401,0.0
-50.0,50,4.847175,0.0
-50.0,50,4.924943,0.0
-50.0,50,5.009066,0.0
-50.0,50,5.09112,0.0
-47.0,50,5.17092,0.0
-50.0,50,5.257405,0.0
-50.0,50,5.344446,0.0
-50.0,50,5.425071,0.0
-50.0,50,5.505023,0.0
-50.0,50,5.589053,0.0
-50.0,50,5.675571,0.0
-50.0,50,5.755121,0.0
-50.0,50,5.833669,0.0
-50.0,50,5.911894,0.0
-50.0,50,6.672063,0.0
-50.0,50,7.188954,0.0
-50.0,50,7.706397,0.0
-50.0,50,8.260526,0.0
-50.0,50,8.798815,0.0
-46.0,50,9.320152,0.0
-50.0,50,9.829183,0.0
-50.0,50,10.349702,0.0
-50.0,50,10.88377,0.0
-43.0,50,11.592227,0.0
-50.0,50,12.098463,0.0
-50.0,50,12.60015,0.0
-50.0,50,13.125161,0.0
-50.0,50,13.626104,0.0
-50.0,50,14.135298,0.0
-50.0,50,14.693982,0.0
-50.0,50,15.211565,0.0
-50.0,50,15.71703,0.0
-50.0,50,16.22073,0.0
-50.0,50,16.737628,0.0
-49.0,50,19.358022,0.0
-50.0,50,19.881312,0.0
-50.0,50,20.423682,0.0
-50.0,50,20.91961,0.0
-43.0,50,21.438073,0.0
-50.0,50,21.938078,0.0
-50.0,50,22.448728,0.0
-50.0,50,23.018919,0.0
-41.0,50,23.542345,0.0
-50.0,50,24.053561,0.0
-48.0,50,24.555775,1.0
-50.0,50,25.069541,0.0
-46.0,50,25.593276,0.0
-50.0,50,26.145217,0.0
-50.0,50,26.658369,0.0
-50.0,50,27.156559,0.0
-50.0,50,27.676114,0.0
-50.0,50,28.174244,0.0
-49.0,50,28.677386,0.0
-50.0,50,29.205584,0.0
-50.0,50,29.766546,0.0
-45.0,50,30.279304,0.0
-49.0,50,30.784442,0.0
-50.0,50,31.295824,0.0
-46.0,50,31.805138,1.0
-50.0,50,32.31363,0.0
-50.0,50,32.881369,0.0
-50.0,50,33.397133,0.0
-50.0,50,33.930458,0.0
-50.0,50,34.452162,0.0
-50.0,50,34.962151,0.0
-45.0,50,35.465734,0.0
-50.0,50,36.053275,0.0
-50.0,50,36.561488,0.0
-50.0,50,37.071622,0.0
-50.0,50,37.59704,0.0
-50.0,50,38.152653,0.0
-50.0,50,38.651216,0.0
-50.0,50,39.15471,0.0
-44.0,50,39.663282,0.0
-46.0,50,42.356369,0.0
-50.0,50,42.852881,0.0
-50.0,50,43.363241,0.0
-50.0,50,43.869633,0.0
-50.0,50,44.406933,0.0
-50.0,50,44.956259,0.0
-50.0,50,45.468928,0.0
-50.0,50,45.980398,0.0
-50.0,50,46.494994,0.0
-50.0,50,47.006609,0.0
-50.0,50,47.560623,0.0
-50.0,50,48.069425,0.0
-50.0,50,48.584339,0.0
-50.0,50,49.09945,0.0
-50.0,50,49.600656,0.0
-50.0,50,50.102798,0.0
-50.0,50,50.622111,0.0
-50.0,50,51.173358,0.0
-48.0,50,51.693092,0.0
-50.0,50,52.199603,0.0
-50.0,50,52.730264,0.0
-50.0,50,53.259008,0.0
-50.0,50,53.765687,0.0
-50.0,50,54.324406,0.0
-50.0,50,54.852432,0.0
-50.0,50,55.359396,0.0
-50.0,50,55.875497,0.0
-50.0,50,56.408281,0.0
-50.0,50,56.950782,0.0
-50.0,50,57.450489,0.0
-50.0,50,57.965896,0.0
-48.0,50,58.487417,0.0
-50.0,50,59.035182,0.0
-50.0,50,59.604673,0.0
-50.0,50,60.123877,0.0
-50.0,50,60.6279,0.0
-50.0,50,61.14679,0.0
-50.0,50,61.663807,0.0
-50.0,50,62.180659,0.0
-50.0,50,62.727506,0.0
-50.0,50,65.575033,0.0
-50.0,50,66.164687,0.0
-50.0,50,66.684893,0.0
-50.0,50,67.205087,0.0
-50.0,50,67.738415,0.0
-50.0,50,68.244962,0.0
-50.0,50,68.747361,0.0
-50.0,50,69.277622,0.0
-50.0,50,69.85388,0.0
-50.0,50,70.374934,0.0
-50.0,50,70.882278,0.0
-32.0,50,71.40967,0.0
-50.0,50,71.952249,0.0
-50.0,50,72.458227,0.0
-50.0,50,73.025796,0.0
-50.0,50,73.54397,0.0
-50.0,50,74.067919,0.0
-41.0,50,74.592267,0.0
-50.0,50,75.165051,0.0
-50.0,50,75.69303,0.0
-50.0,50,76.220905,0.0
-50.0,50,76.747264,0.0
-50.0,50,77.270535,0.0
-50.0,50,77.791034,0.0
-50.0,50,78.359895,0.0
-50.0,50,78.887081,0.0
-50.0,50,79.396699,0.0
-50.0,50,79.907367,0.0
-48.0,50,80.458029,0.0
-50.0,50,80.98082,0.0
-45.0,50,81.542247,0.0
-50.0,50,82.064524,0.0
-50.0,50,82.605115,0.0
-50.0,50,83.118676,0.0
-50.0,50,83.628322,0.0
-50.0,50,84.151759,0.0
-35.0,50,84.720947,0.0
-50.0,50,85.238471,0.0
-44.0,50,85.752142,0.0
-50.0,50,86.271779,0.0
-46.0,50,88.95802,0.0
-45.0,50,89.481922,0.0
-50.0,50,89.986947,0.0
-50.0,50,90.489856,0.0
-50.0,50,91.016837,0.0
-50.0,50,91.572774,0.0
-50.0,50,92.09077,0.0
-50.0,50,92.605364,0.0
-50.0,50,93.188919,0.0
-50.0,50,93.715562,0.0
-50.0,50,94.218106,0.0
-42.0,50,94.735885,0.0
-39.0,50,95.257898,0.0
-50.0,50,95.776507,0.0
-34.0,50,96.330526,0.0
-37.0,50,96.84588,1.0
-23.0,50,97.359406,1.0
-32.0,50,97.859447,0.0
-33.0,50,98.372657,1.0
-32.0,50,98.888256,0.0
-43.0,50,99.46656,0.0
-50.0,50,99.97863,0.0
-47.0,50,100.496603,0.0
-46.0,50,100.999045,0.0
-50.0,50,101.533086,0.0
-32.0,50,102.05706,0.0
-48.0,50,102.582237,0.0
-40.0,50,103.141412,1.0
-26.0,50,103.679522,0.0
-43.0,50,104.202842,0.0
-29.0,50,104.731774,0.0
-46.0,50,105.243626,1.0
-28.0,50,105.783629,0.0
-32.0,50,106.345897,0.0
-41.0,50,106.859889,0.0
-31.0,50,107.376086,1.0
-40.0,50,107.905384,0.0
-29.0,50,108.435558,1.0
-30.0,50,108.944974,0.0
-26.0,50,109.49141,0.0
-15.0,50,112.182561,1.0
-10.0,50,112.685546,1.0
-9.0,50,113.199861,1.0
-6.0,50,113.717974,1.0
-2.0,50,114.262759,1.0
-17.0,50,114.822945,1.0
-15.0,50,115.33291,1.0
-6.0,50,115.829863,1.0
-8.0,50,116.342797,1.0
-6.0,50,116.847793,1.0
-17.0,50,117.363378,1.0
-10.0,50,117.882769,1.0
-7.0,50,118.451941,1.0
-12.0,50,118.969712,1.0
-6.0,50,119.484425,1.0
-14.0,50,119.993479,1.0
-24.0,50,120.523124,1.0
-2.0,50,121.039657,1.0
-7.0,50,121.597737,1.0
-6.0,50,122.117816,1.0
-9.0,50,122.658219,1.0
-6.0,50,123.177853,1.0
-2.0,50,123.693952,1.0
-6.0,50,124.223559,1.0
-2.0,50,124.754925,1.0
-3.0,50,125.323073,1.0
-8.0,50,125.848457,0.0
-2.0,50,126.372339,1.0
-1.0,50,126.910141,1.0
-7.0,50,127.428752,1.0
-5.0,50,127.946786,1.0
-4.0,50,128.494317,1.0
-4.0,50,129.028384,1.0
-4.0,50,129.555957,1.0
-2.0,50,130.113729,1.0
-4.0,50,130.63447,1.0
-6.0,50,131.155295,1.0
-1.0,50,131.677566,1.0
-1.0,50,132.193285,1.0
-2.0,50,132.712108,1.0
-3.0,50,135.499683,1.0
-2.0,50,136.034389,1.0
-3.0,50,136.569051,1.0
-4.0,50,137.090834,1.0
-2.0,50,137.607142,1.0
0.0,50,138.115674,1.0
-1.0,50,138.640157,1.0
-1.0,50,139.159791,1.0
-2.0,50,139.726738,1.0
-2.0,50,140.24297,1.0
-2.0,50,140.76979,1.0
-5.0,50,141.283856,1.0
-3.0,50,141.799054,1.0
-4.0,50,142.314219,1.0
-4.0,50,142.874807,1.0
-4.0,50,143.394136,1.0
-3.0,50,143.917738,1.0
-6.0,50,144.433035,1.0
-3.0,50,144.966306,1.0
-2.0,50,145.482554,1.0
0.0,50,146.058784,1.0
-1.0,50,146.571952,1.0
-2.0,50,147.07979,1.0
0.0,50,147.590263,1.0
0.0,50,148.146628,1.0
-3.0,50,148.667202,1.0
-4.0,50,149.170887,1.0
-2.0,50,149.689352,1.0
-2.0,50,150.216942,1.0
-3.0,50,150.737199,1.0
-3.0,50,151.276925,1.0
-3.0,50,151.804922,1.0
-2.0,50,152.32454,1.0
-2.0,50,152.842748,1.0
-2.0,50,153.353618,1.0
-1.0,50,153.877908,1.0
-1.0,50,154.444788,1.0
-1.0,50,154.958825,1.0
-3.0,50,155.476266,1.0
-2.0,50,155.982034,1.0
-2.0,50,158.693636,1.0
-3.0,50,159.220541,1.0
0.0,50,159.724231,1.0
-1.0,50,160.227846,1.0
0.0,50,160.765182,1.0
-2.0,50,161.320991,1.0
-2.0,50,161.842065,1.0
-2.0,50,162.354302,1.0
-1.0,50,162.877412,1.0
-1.0,50,163.395288,1.0
-4.0,50,163.897055,1.0
-1.0,50,164.448317,1.0
-2.0,50,164.973716,1.0
-1.0,50,165.48415,1.0
0.0,50,165.997891,1.0
-2.0,50,166.541757,1.0
-1.0,50,167.068843,1.0
-2.0,50,167.570235,1.0
0.0,50,168.093138,1.0
-3.0,50,168.623449,1.0
-2.0,50,169.177152,1.0
-3.0,50,169.689924,1.0
-4.0,50,170.193972,1.0
-2.0,50,170.696976,1.0
-3.0,50,171.222231,1.0
-2.0,50,171.748132,1.0
-3.0,50,172.262011,1.0
-2.0,50,172.819626,1.0
-2.0,50,173.349514,1.0
-2.0,50,173.860834,1.0
-3.0,50,174.368351,1.0
0.0,50,174.879812,1.0
-1.0,50,175.4195,1.0
-2.0,50,175.976537,1.0
-3.0,50,176.498758,1.0
-1.0,50,177.014703,1.0
-1.0,50,177.541369,1.0
-2.0,50,178.049719,1.0
-3.0,50,178.563454,1.0
-1.0,50,179.121957,1.0
-3.0,50,181.763816,1.0
-2.0,50,182.316056,1.0
-1.0,50,182.833731,1.0
0.0,50,183.357376,1.0
-2.0,50,183.938194,1.0
-3.0,50,184.468045,1.0
-3.0,50,184.963845,1.0
-4.0,50,185.476033,1.0
-2.0,50,186.001034,1.0
-4.0,50,186.524594,1.0
-2.0,50,187.082044,1.0
-3.0,50,187.611066,1.0
-3.0,50,188.136009,1.0
-1.0,50,188.644303,1.0
-3.0,50,189.152726,1.0
-1.0,50,189.67022,1.0
-2.0,50,190.205461,1.0
-1.0,50,190.761909,1.0
-3.0,50,191.291703,1.0
-2.0,50,191.812502,1.0
-3.0,50,192.335876,1.0
-2.0,50,192.855205,1.0
0.0,50,193.373393,1.0
-3.0,50,193.927353,1.0
-3.0,50,194.452438,1.0
-2.0,50,194.966958,1.0
-3.0,50,195.492385,1.0
-3.0,50,196.001977,1.0
-1.0,50,196.531217,1.0
-1.0,50,197.080928,1.0
-2.0,50,197.600858,1.0
-3.0,50,198.116669,1.0
-2.0,50,198.657319,1.0
-2.0,50,199.19047,1.0
-2.0,50,199.697212,1.0
-2.0,50,200.267143,1.0
0.0,50,200.804898,1.0
-2.0,50,201.320223,1.0
-2.0,50,201.837747,1.0
-3.0,50,202.35226,1.0
0.0,50,205.077283,1.0
-1.0,50,205.620975,1.0
-3.0,50,206.156719,1.0
-3.0,50,206.684026,1.0
-1.0,50,207.211892,1.0
-3.0,50,207.741534,1.0
0.0,50,208.253929,1.0
-2.0,50,208.804737,1.0
0.0,50,209.331779,1.0
-3.0,50,209.839399,1.0
-2.0,50,210.357966,1.0
-2.0,50,210.862757,1.0
-1.0,50,211.405095,1.0
0.0,50,211.922552,1.0
-2.0,50,212.481495,1.0
-2.0,50,213.009086,1.0
-3.0,50,213.559214,1.0
-2.0,50,214.090512,1.0
-2.0,50,214.601873,1.0
-1.0,50,215.133984,1.0
-2.0,50,215.71638,1.0
-3.0,50,216.226867,1.0
0.0,50,216.740969,1.0
-1.0,50,217.259207,1.0
-2.0,50,217.793707,1.0
-2.0,50,218.292234,1.0
-2.0,50,218.847875,1.0
0.0,50,219.365919,1.0
-1.0,50,219.897389,1.0
-2.0,50,220.412309,1.0
-2.0,50,220.965726,1.0
-3.0,50,221.481326,1.0
-1.0,50,221.995701,1.0
0.0,50,222.51323,1.0
-1.0,50,223.033967,1.0
0.0,50,223.557053,1.0
-1.0,50,224.125435,1.0
-1.0,50,224.648954,1.0
-3.0,50,225.170621,1.0
0.0,50,225.67529,1.0
-2.0,50,228.405985,1.0
-3.0,50,228.908999,1.0
-3.0,50,229.426779,1.0
-1.0,50,229.946975,1.0
-3.0,50,230.519558,1.0
-3.0,50,231.04259,1.0
-1.0,50,231.560877,1.0
-3.0,50,232.075365,1.0
-2.0,50,232.59951,1.0
-1.0,50,233.112379,1.0
-3.0,50,233.671904,1.0
0.0,50,234.189781,1.0
-2.0,50,234.719773,1.0
-3.0,50,235.244737,1.0
-2.0,50,235.755273,1.0
-1.0,50,236.259571,1.0
-1.0,50,236.822306,1.0
-2.0,50,237.342018,1.0
-2.0,50,237.854907,1.0
-3.0,50,238.367882,1.0
0.0,50,238.931262,1.0
-2.0,50,239.443903,1.0
-3.0,50,239.943453,1.0
-2.0,50,240.46728,1.0
-2.0,50,240.995566,1.0
-3.0,50,241.526828,1.0
0.0,50,242.055699,1.0
-1.0,50,242.562284,1.0
-2.0,50,243.074166,1.0
-2.0,50,243.574083,1.0
0.0,50,244.097295,1.0
-1.0,50,244.612182,1.0
-2.0,50,245.192558,1.0
-2.0,50,245.701894,1.0
-2.0,50,246.210302,1.0
-3.0,50,246.711133,1.0
-2.0,50,247.227041,1.0
-1.0,50,247.745289,1.0
0.0,50,248.25824,1.0
-2.0,50,248.811455,1.0
-1.0,50,251.498328,1.0
-2.0,50,252.046069,1.0
-3.0,50,252.566995,1.0
-2.0,50,253.085001,1.0
-2.0,50,253.621865,1.0
-3.0,50,254.125479,1.0
-2.0,50,254.635382,1.0
0.0,50,255.181773,1.0
-2.0,50,255.708132,1.0
-2.0,50,256.225547,1.0
-2.0,50,256.762705,1.0
-1.0,50,257.2945,1.0
-2.0,50,257.812344,1.0
-2.0,50,258.320492,1.0
-3.0,50,258.84175,1.0
-3.0,50,259.357319,1.0
-1.0,50,259.902519,1.0
-3.0,50,260.448358,1.0
0.0,50,260.955079,1.0
-1.0,50,261.452391,1.0
-1.0,50,261.958221,1.0
-2.0,50,262.456927,1.0
0.0,50,262.967134,1.0
-2.0,50,263.523073,1.0
-2.0,50,264.044546,1.0
-1.0,50,264.560148,1.0
-2.0,50,265.061664,1.0
-2.0,50,265.557789,1.0
-3.0,50,266.07634,1.0
-2.0,50,266.579626,1.0
-3.0,50,267.100721,1.0
0.0,50,267.639976,1.0
-2.0,50,268.16535,1.0
-2.0,50,268.679676,1.0
-2.0,50,269.192463,1.0
-2.0,50,269.69326,1.0
-1.0,50,270.218704,1.0
-3.0,50,270.768419,1.0
-1.0,50,271.283746,1.0
-2.0,50,271.797343,1.0
-3.0,50,274.490107,1.0
-2.0,50,274.999886,1.0
-3.0,50,275.526059,1.0
-2.0,50,276.093264,1.0
0.0,50,276.609885,1.0
-2.0,50,277.113082,1.0
-1.0,50,277.612725,1.0
-2.0,50,278.125159,1.0
-2.0,50,278.645881,1.0
-2.0,50,279.206591,1.0
-1.0,50,279.730704,1.0
-1.0,50,280.236908,1.0
-2.0,50,280.753614,1.0
-3.0,50,281.257966,1.0
-2.0,50,281.775327,1.0
0.0,50,282.289353,1.0
-1.0,50,282.846914,1.0
-1.0,50,283.361365,1.0
-2.0,50,283.87687,1.0
0.0,50,284.381442,1.0
0.0,50,284.892212,1.0
-3.0,50,285.418864,1.0
-1.0,50,285.970466,1.0
-1.0,50,286.491823,1.0
-3.0,50,287.024129,1.0
-3.0,50,287.542937,1.0
-3.0,50,288.045596,1.0
-2.0,50,288.54946,1.0
-3.0,50,289.086154,1.0
-2.0,50,289.62654,1.0
-2.0,50,290.13805,1.0
-2.0,50,290.652257,1.0
-1.0,50,291.191909,1.0
-2.0,50,291.69454,1.0
-1.0,50,292.192847,1.0
-2.0,50,292.718245,1.0
-1.0,50,293.254914,1.0
-2.0,50,293.771523,1.0
-1.0,50,294.285193,1.0
-2.0,50,294.841804,1.0
-2.0,50,297.535251,1.0
-1.0,50,298.078479,1.0
-2.0,50,298.603714,1.0
-3.0,50,299.117278,1.0
-2.0,50,299.641591,1.0
-3.0,50,300.158822,1.0
-3.0,50,300.673845,1.0
0.0,50,301.227776,1.0
-2.0,50,301.759998,1.0
-3.0,50,302.285708,1.0
-1.0,50,302.793591,1.0
-2.0,50,303.294945,1.0
-1.0,50,303.830763,1.0
-2.0,50,304.343632,1.0
0.0,50,304.893778,1.0
-3.0,50,305.410801,1.0
-1.0,50,305.943894,1.0
-2.0,50,306.45547,1.0
-2.0,50,306.960445,1.0
0.0,50,307.478052,1.0
-2.0,50,308.047712,1.0
-3.0,50,308.580456,1.0
-1.0,50,309.094724,1.0
-3.0,50,309.633194,1.0
-1.0,50,310.151723,1.0
-2.0,50,310.658709,1.0
-2.0,50,311.214745,1.0
-2.0,50,311.747823,1.0
-1.0,50,312.298873,1.0
-2.0,50,312.863861,1.0
-2.0,50,313.397145,1.0
-3.0,50,313.907412,1.0
-3.0,50,314.447676,1.0
-3.0,50,314.972473,1.0
-2.0,50,315.495155,1.0
-2.0,50,316.031448,1.0
0.0,50,316.599556,1.0
-3.0,50,317.136439,1.0
-2.0,50,317.656074,1.0
-2.0,50,318.172425,1.0
-2.0,50,320.886463,1.0
-1.0,50,321.390963,1.0
-3.0,50,321.8898,1.0
-3.0,50,322.398667,1.0
-3.0,50,322.925465,1.0
-2.0,50,323.471859,1.0
-3.0,50,323.982826,1.0
-1.0,50,324.50707,1.0
-3.0,50,325.036831,1.0
-1.0,50,325.544749,1.0
-3.0,50,326.072998,1.0
-2.0,50,326.61387,1.0
-3.0,50,327.14036,1.0
-1.0,50,327.648664,1.0
-1.0,50,328.175319,1.0
-2.0,50,328.684045,1.0
-3.0,50,329.206718,1.0
-2.0,50,329.755689,1.0
-1.0,50,330.264276,1.0
-2.0,50,330.77798,1.0
-2.0,50,331.305201,1.0
-2.0,50,331.853329,1.0
-3.0,50,332.351556,1.0
-1.0,50,332.858851,1.0
-3.0,50,333.386991,1.0
-3.0,50,333.921007,1.0
-3.0,50,334.432346,1.0
-1.0,50,334.981888,1.0
-2.0,50,335.507351,1.0
-1.0,50,336.02098,1.0
-3.0,50,336.524824,1.0
-3.0,50,337.046679,1.0
-2.0,50,337.580992,1.0
-3.0,50,338.123106,1.0
-3.0,50,338.630521,1.0
-1.0,50,339.146707,1.0
-2.0,50,339.674053,1.0
-1.0,50,340.187172,1.0
-2.0,50,340.699059,1.0
-2.0,50,341.227963,1.0
-1.0,50,343.885879,1.0
-1.0,50,344.393536,1.0
-2.0,50,344.946285,1.0
0.0,50,345.453715,1.0
-2.0,50,345.990705,1.0
-2.0,50,346.508889,1.0
-1.0,50,347.029857,1.0
-2.0,50,347.548734,1.0
-2.0,50,348.10394,1.0
-2.0,50,348.613625,1.0
-2.0,50,349.127822,1.0
-3.0,50,349.677105,1.0
-3.0,50,350.213728,1.0
-1.0,50,350.728118,1.0
-2.0,50,351.259325,1.0
-3.0,50,351.793278,1.0
-3.0,50,352.336472,1.0
-1.0,50,352.883889,1.0
-2.0,50,353.405713,1.0
-2.0,50,353.91115,1.0
-2.0,50,354.428961,1.0
-1.0,50,354.934202,1.0
-2.0,50,355.454929,1.0
-2.0,50,355.979375,1.0
-2.0,50,356.54108,1.0
-2.0,50,357.055783,1.0
-3.0,50,357.582777,1.0
0.0,50,358.091693,1.0
-1.0,50,358.607666,1.0
-2.0,50,359.132452,1.0
-3.0,50,359.65044,1.0
-2.0,50,360.207841,1.0
-1.0,50,360.729218,1.0
-1.0,50,361.244132,1.0
-3.0,50,361.773853,1.0
-1.0,50,362.280353,1.0
-3.0,50,362.80687,1.0
-3.0,50,363.356339,1.0
-3.0,50,363.899603,1.0
-3.0,50,364.419777,1.0
0.0,50,367.166476,1.0
0.0,50,367.690286,1.0
-1.0,50,368.200321,1.0
0.0,50,368.739268,1.0
0.0,50,369.272892,1.0
0.0,50,369.772986,1.0
-2.0,50,370.296127,1.0
-1.0,50,370.810237,1.0
-1.0,50,371.344787,1.0
-1.0,50,371.892056,1.0
-1.0,50,372.406121,1.0
-1.0,50,372.922229,1.0
-1.0,50,373.446084,1.0
0.0,50,373.955005,1.0
-2.0,50,374.477129,1.0
-3.0,50,375.011182,1.0
-3.0,50,375.533206,1.0
-2.0,50,376.038804,1.0
-2.0,50,376.558805,1.0
-2.0,50,377.068345,1.0
-3.0,50,377.57776,1.0
-1.0,50,378.078925,1.0
-3.0,50,378.583829,1.0
0.0,50,379.086233,1.0
-3.0,50,379.603034,1.0
-2.0,50,380.097917,1.0
-1.0,50,380.59882,1.0
-1.0,50,381.099867,1.0
-3.0,50,381.624995,1.0
-2.0,50,382.135893,1.0
-3.0,50,382.664463,1.0
-3.0,50,383.191518,1.0
-2.0,50,383.712656,1.0
-2.0,50,384.216105,1.0
-3.0,50,384.729347,1.0
-1.0,50,385.233671,1.0
-2.0,50,385.752284,1.0
-1.0,50,386.258275,1.0
-2.0,50,386.776226,1.0
-1.0,50,387.285313,1.0
-2.0,50,389.923175,1.0
0.0,50,390.433924,1.0
-3.0,50,390.946765,1.0
-1.0,50,391.464055,1.0
-1.0,50,391.987876,1.0
-1.0,50,392.497673,1.0
-3.0,50,393.0163,1.0
-2.0,50,393.528681,1.0
-3.0,50,394.066662,1.0
-2.0,50,394.590144,1.0
-2.0,50,395.094682,1.0
-3.0,50,395.613515,1.0
-1.0,50,396.135306,1.0
-3.0,50,396.643059,1.0
-3.0,50,397.156328,1.0
-2.0,50,397.658839,1.0
-1.0,50,398.175787,1.0
-3.0,50,398.68226,1.0
-1.0,50,399.198396,1.0
-2.0,50,399.701349,1.0
-2.0,50,400.222485,1.0
-1.0,50,400.730755,1.0
-3.0,50,401.242182,1.0
-1.0,50,401.746243,1.0
-3.0,50,402.280211,1.0
-2.0,50,402.791221,1.0
-2.0,50,403.295953,1.0
-1.0,50,403.809277,1.0
-3.0,50,404.334421,1.0
-3.0,50,404.847343,1.0
-1.0,50,405.355977,1.0
-2.0,50,405.870456,1.0
0.0,50,406.391083,1.0
-2.0,50,406.893149,1.0
-1.0,50,407.401655,1.0
-1.0,50,407.907111,1.0
-2.0,50,408.430752,1.0
-2.0,50,408.94753,1.0
-3.0,50,409.461467,1.0
-2.0,50,409.974848,1.0
-1.0,50,412.65404,1.0
-1.0,50,413.161083,1.0
-2.0,50,413.674395,1.0
0.0,50,414.181583,1.0
-3.0,50,414.719388,1.0
-3.0,50,415.232105,1.0
-3.0,50,415.752438,1.0
-2.0,50,416.26334,1.0
-3.0,50,416.784834,1.0
-1.0,50,417.291039,1.0
-1.0,50,417.79703,1.0
-1.0,50,418.325926,1.0
-2.0,50,418.846994,1.0
-3.0,50,419.354598,1.0
-1.0,50,419.867016,1.0
-3.0,50,420.395135,1.0
-2.0,50,420.913893,1.0
-1.0,50,421.418483,1.0
-2.0,50,421.930213,1.0
-2.0,50,422.435927,1.0
-3.0,50,422.964684,1.0
0.0,50,423.482261,1.0
-1.0,50,424.009403,1.0
-2.0,50,424.520872,1.0
0.0,50,425.036029,1.0
-2.0,50,425.548455,1.0
-1.0,50,426.069114,1.0
-2.0,50,426.5813,1.0
-2.0,50,427.105312,1.0
-1.0,50,427.619484,1.0
-2.0,50,428.128418,1.0
-1.0,50,428.6405,1.0
-3.0,50,429.167315,1.0
0.0,50,429.692243,1.0
-5.0,50,430.211159,1.0
-2.0,50,430.718871,1.0
-2.0,50,431.264064,1.0
-1.0,50,431.775511,1.0
-1.0,50,432.29156,1.0
-3.0,50,432.817348,1.0
-1.0,50,435.486838,1.0
-2.0,50,436.006336,1.0
-2.0,50,436.520043,1.0
0.0,50,437.030127,1.0
-1.0,50,437.559432,1.0
-2.0,50,438.075338,1.0
-1.0,50,438.596362,1.0
-1.0,50,439.110137,1.0
-3.0,50,439.643853,1.0
-1.0,50,440.158659,1.0
-2.0,50,440.675507,1.0
-3.0,50,441.18442,1.0
0.0,50,441.718047,1.0
-2.0,50,442.232349,1.0
-2.0,50,442.751075,1.0
-2.0,50,443.25889,1.0
-2.0,50,443.789926,1.0
-2.0,50,444.319201,1.0
-2.0,50,444.828466,1.0
-1.0,50,445.34597,1.0
-1.0,50,445.870736,1.0
-3.0,50,446.39944,1.0
-2.0,50,446.925223,1.0
-2.0,50,447.447687,1.0
-2.0,50,447.96559,1.0
-1.0,50,448.474818,1.0
-2.0,50,448.991559,1.0
-3.0,50,449.504009,1.0
0.0,50,450.030894,1.0
-2.0,50,450.55715,1.0
-2.0,50,451.07659,1.0
-1.0,50,451.591294,1.0
-2.0,50,452.134139,1.0
-2.0,50,452.643561,1.0
-3.0,50,453.167973,1.0
-2.0,50,453.685436,1.0
-2.0,50,454.221306,1.0
-2.0,50,454.732564,1.0
-3.0,50,455.257918,1.0
-1.0,50,455.775057,1.0
-1.0,50,458.449492,1.0
-2.0,50,458.963346,1.0
-2.0,50,459.49035,1.0
-1.0,50,460.001376,1.0
-1.0,50,460.52247,1.0
-2.0,50,461.044991,1.0
-2.0,50,461.565767,1.0
0.0,50,462.080656,1.0
-2.0,50,462.601904,1.0
-2.0,50,463.122902,1.0
-2.0,50,463.62898,1.0
-3.0,50,464.137118,1.0
-1.0,50,464.658316,1.0
0.0,50,465.169574,1.0
-2.0,50,465.681401,1.0
-2.0,50,466.187221,1.0
-1.0,50,466.708055,1.0
-3.0,50,467.215039,1.0
0.0,50,467.715614,1.0
-2.0,50,468.23949,1.0
-1.0,50,468.761899,1.0
-2.0,50,469.273777,1.0
-1.0,50,469.77415,1.0
-1.0,50,470.294558,1.0
-3.0,50,470.819657,1.0
-3.0,50,471.32832,1.0
-1.0,50,471.836008,1.0
-3.0,50,472.347272,1.0
-3.0,50,472.871211,1.0
-2.0,50,473.381344,1.0
0.0,50,473.891685,1.0
-3.0,50,474.40092,1.0
-2.0,50,474.920249,1.0
-4.0,50,475.439752,1.0
-2.0,50,475.95222,1.0
-2.0,50,476.465835,1.0
-2.0,50,476.989493,1.0
-2.0,50,477.506299,1.0
-2.0,50,478.024426,1.0
-2.0,50,478.522152,1.0
-3.0,50,481.189142,1.0
-1.0,50,481.702232,1.0
-2.0,50,482.212433,1.0
-2.0,50,482.727539,1.0
-2.0,50,483.260614,1.0
-2.0,50,483.795966,1.0
-1.0,50,484.309031,1.0
-2.0,50,484.819354,1.0
-2.0,50,485.361596,1.0
-4.0,50,485.867223,1.0
0.0,50,486.375451,1.0
-2.0,50,486.900478,1.0
0.0,50,487.43853,1.0
-2.0,50,487.954183,1.0
-2.0,50,488.477428,1.0
-3.0,50,489.006726,1.0
-2.0,50,489.530868,1.0
-2.0,50,490.041544,1.0
-1.0,50,490.555683,1.0
-2.0,50,491.074676,1.0
-1.0,50,491.60362,1.0
-2.0,50,492.125343,1.0
-2.0,50,492.637395,1.0
-2.0,50,493.160602,1.0
-1.0,50,493.672329,1.0
-1.0,50,494.204226,1.0
0.0,50,494.70799,1.0
-2.0,50,495.214732,1.0
-2.0,50,495.747059,1.0
-2.0,50,496.257863,1.0
-2.0,50,496.770195,1.0
-1.0,50,497.269774,1.0
-1.0,50,497.78984,1.0
-3.0,50,498.308403,1.0
-3.0,50,498.819904,1.0
-3.0,50,499.34623,1.0
-1.0,50,499.865361,1.0
-3.0,50,500.384034,1.0
-2.0,50,500.894175,1.0
-3.0,50,501.412088,1.0
-3.0,50,504.087575,1.0
0.0,50,504.590016,1.0
-2.0,50,505.107974,1.0
-2.0,50,505.631045,1.0
-1.0,50,506.182825,1.0
-3.0,50,506.702383,1.0
-1.0,50,507.228277,1.0
-3.0,50,507.766452,1.0
-2.0,50,508.295196,1.0
-2.0,50,508.814385,1.0
-1.0,50,509.345115,1.0
-1.0,50,509.852628,1.0
0.0,50,510.375195,1.0
0.0,50,510.89207,1.0
-2.0,50,511.413918,1.0
-2.0,50,511.936298,1.0
-3.0,50,512.463573,1.0
-3.0,50,512.993014,1.0
-3.0,50,513.505361,1.0
-2.0,50,514.054752,1.0
-1.0,50,514.583776,1.0
-2.0,50,515.11222,1.0
-2.0,50,515.614845,1.0
-1.0,50,516.123877,1.0
-2.0,50,516.645657,1.0
-2.0,50,517.159909,1.0
0.0,50,517.674539,1.0
-2.0,50,518.195746,1.0
0.0,50,518.72179,1.0
-1.0,50,519.228173,1.0
-3.0,50,519.749699,1.0
-3.0,50,520.279028,1.0
-2.0,50,520.81306,1.0
-2.0,50,521.33391,1.0
-2.0,50,521.858037,1.0
-1.0,50,522.371511,1.0
-3.0,50,522.90669,1.0
-2.0,50,523.426273,1.0
-1.0,50,523.953066,1.0
-1.0,50,524.48459,1.0
-3.0,50,527.174029,1.0
-3.0,50,527.699962,1.0
-2.0,50,528.222101,1.0
-1.0,50,528.741144,1.0
-2.0,50,529.286159,1.0
-1.0,50,529.818852,1.0
-1.0,50,530.33394,1.0
-3.0,50,530.87523,1.0
-1.0,50,531.409251,1.0
-2.0,50,531.943678,1.0
-4.0,50,532.472131,1.0
-2.0,50,532.997113,1.0
-2.0,50,533.527758,1.0
-1.0,50,534.037395,1.0
-2.0,50,534.561858,1.0
-3.0,50,535.087197,1.0
-1.0,50,535.630901,1.0
0.0,50,536.14994,1.0
-3.0,50,536.659951,1.0
-2.0,50,537.170764,1.0
-3.0,50,537.713062,1.0
-2.0,50,538.233113,1.0
-2.0,50,538.766329,1.0
-3.0,50,539.293935,1.0
0.0,50,539.827078,1.0
-2.0,50,540.35384,1.0
-1.0,50,540.860893,1.0
-2.0,50,541.367474,1.0
-1.0,50,541.905531,1.0
-3.0,50,542.430427,1.0
-2.0,50,542.963226,1.0
0.0,50,543.489847,1.0
-3.0,50,544.053801,1.0
-3.0,50,544.568571,1.0
-3.0,50,545.079923,1.0
-4.0,50,545.596353,1.0
-1.0,50,546.1326,1.0
0.0,50,546.653737,1.0
-2.0,50,547.190841,1.0
-2.0,50,547.721384,1.0
-1.0,50,550.434983,1.0
-2.0,50,550.959008,1.0
0.0,50,551.471242,1.0
-1.0,50,551.977131,1.0
-1.0,50,552.495614,1.0
-3.0,50,553.010565,1.0
-3.0,50,553.536636,1.0
-1.0,50,554.05468,1.0
0.0,50,554.582736,1.0
-1.0,50,555.093944,1.0
-2.0,50,555.60463,1.0
-2.0,50,556.116707,1.0
-3.0,50,556.642607,1.0
-2.0,50,557.158895,1.0
-1.0,50,557.675428,1.0
-1.0,50,558.190871,1.0
-1.0,50,558.707004,1.0
-2.0,50,559.211779,1.0
-2.0,50,559.713733,1.0
-3.0,50,560.231698,1.0
0.0,50,560.762446,1.0
-1.0,50,561.275803,1.0
-3.0,50,561.791756,1.0
-2.0,50,562.303904,1.0
-3.0,50,562.81892,1.0
-2.0,50,563.318609,1.0
-1.0,50,563.83505,1.0
-1.0,50,564.365942,1.0
-2.0,50,564.895201,1.0
-2.0,50,565.410301,1.0
-1.0,50,565.940133,1.0
0.0,50,566.45208,1.0
-3.0,50,566.978858,1.0
-3.0,50,567.50584,1.0
-1.0,50,568.020027,1.0
-1.0,50,568.52971,1.0
-1.0,50,569.076967,1.0
-1.0,50,569.590601,1.0
-2.0,50,570.089581,1.0
-1.0,50,570.592662,1.0
-1.0,50,573.263815,1.0
-2.0,50,573.769137,1.0
-2.0,50,574.282572,1.0
-1.0,50,574.7988,1.0
-2.0,50,575.324172,1.0
-2.0,50,575.846557,1.0
-3.0,50,576.357652,1.0
-2.0,50,576.875452,1.0
-2.0,50,577.394122,1.0
-2.0,50,577.901722,1.0
-1.0,50,578.411489,1.0
-2.0,50,578.918843,1.0
-1.0,50,579.461567,1.0
-3.0,50,579.987897,1.0
-1.0,50,580.504095,1.0
-3.0,50,581.021268,1.0
0.0,50,581.541409,1.0
-1.0,50,582.049116,1.0
0.0,50,582.57321,1.0
-2.0,50,583.086658,1.0
-2.0,50,583.612765,1.0
-2.0,50,584.134612,1.0
-2.0,50,584.654008,1.0
-1.0,50,585.164291,1.0
-2.0,50,585.704121,1.0
-1.0,50,586.218725,1.0
-2.0,50,586.73551,1.0
-2.0,50,587.266954,1.0
-2.0,50,587.814468,1.0
-1.0,50,588.327383,1.0
-3.0,50,588.82631,1.0
-1.0,50,589.34712,1.0
0.0,50,589.877569,1.0
-2.0,50,590.393711,1.0
-2.0,50,590.906476,1.0
-3.0,50,591.426366,1.0
-2.0,50,591.955683,1.0
0.0,50,592.463914,1.0
-2.0,50,592.974528,1.0
-1.0,50,593.485896,1.0
-2.0,50,596.133139,1.0
-3.0,50,596.636089,1.0
-2.0,50,597.14409,1.0
-2.0,50,597.668777,1.0
-1.0,50,598.192367,1.0
-3.0,50,598.718269,1.0
0.0,50,599.237173,1.0
-1.0,50,599.752598,1.0
-1.0,50,600.275721,1.0
-2.0,50,600.802506,1.0
-3.0,50,601.319216,1.0
-3.0,50,601.836401,1.0
-2.0,50,602.378592,1.0
-2.0,50,602.909938,1.0
-2.0,50,603.420678,1.0
0.0,50,603.931916,1.0
-2.0,50,604.45906,1.0
0.0,50,604.964889,1.0
-2.0,50,605.481783,1.0
-1.0,50,605.995949,1.0
-2.0,50,606.525758,1.0
-1.0,50,607.04614,1.0
-1.0,50,607.549288,1.0
-2.0,50,608.0749,1.0
-2.0,50,608.598816,1.0
-2.0,50,609.117046,1.0
-1.0,50,609.625728,1.0
-1.0,50,610.137923,1.0
0.0,50,610.699693,1.0
-2.0,50,611.218241,1.0
-1.0,50,611.725437,1.0
-3.0,50,612.233388,1.0
-3.0,50,612.760191,1.0
-3.0,50,613.276218,1.0
-2.0,50,613.78692,1.0
-1.0,50,614.299599,1.0
-3.0,50,614.811453,1.0
-2.0,50,615.325698,1.0
0.0,50,615.842355,1.0
-2.0,50,616.359107,1.0
-2.0,50,619.022445,1.0
-2.0,50,619.534873,1.0
-2.0,50,620.047168,1.0
-2.0,50,620.565935,1.0
-2.0,50,621.102029,1.0
0.0,50,621.625299,1.0
-2.0,50,622.132126,1.0
-2.0,50,622.641156,1.0
0.0,50,623.184602,1.0
-2.0,50,623.706127,1.0
-2.0,50,624.230309,1.0
-3.0,50,624.762718,1.0
-1.0,50,625.278825,1.0
-2.0,50,625.784688,1.0
-3.0,50,626.295949,1.0
0.0,50,626.814124,1.0
-1.0,50,627.347496,1.0
-2.0,50,627.873707,1.0
0.0,50,628.392021,1.0
-1.0,50,628.896611,1.0
0.0,50,629.414176,1.0
-2.0,50,629.931482,1.0
-2.0,50,630.458912,1.0
-3.0,50,630.993754,1.0
-1.0,50,631.524853,1.0
-3.0,50,632.049915,1.0
-2.0,50,632.566173,1.0
-3.0,50,633.089393,1.0
0.0,50,633.615177,1.0
-2.0,50,634.141958,1.0
0.0,50,634.636878,1.0
-2.0,50,635.134637,1.0
-2.0,50,635.647254,1.0
-1.0,50,636.142945,1.0
-2.0,50,636.64328,1.0
-2.0,50,637.1436,1.0
-2.0,50,637.666001,1.0
0.0,50,638.163781,1.0
0.0,50,638.662877,1.0
0.0,50,639.163929,1.0
-3.0,50,641.850478,1.0
-2.0,50,642.35098,1.0
-2.0,50,642.861552,1.0
-3.0,50,643.361967,1.0
-2.0,50,643.878844,1.0
-2.0,50,644.379944,1.0
-3.0,50,644.881009,1.0
-3.0,50,645.383551,1.0
-2.0,50,645.90095,1.0
-1.0,50,646.400952,1.0
-3.0,50,646.89409,1.0
-2.0,50,647.399419,1.0
-2.0,50,647.911033,1.0
-1.0,50,648.409752,1.0
-1.0,50,648.910458,1.0
-2.0,50,649.409871,1.0
-2.0,50,649.922332,1.0
-2.0,50,650.426438,1.0
-1.0,50,650.926874,1.0
-3.0,50,651.427831,1.0
-1.0,50,651.940904,1.0
-3.0,50,652.451366,1.0
-2.0,50,652.951928,1.0
-1.0,50,653.4545,1.0
-2.0,50,653.965914,1.0
-1.0,50,654.466865,1.0
-4.0,50,654.964887,1.0
-2.0,50,655.46588,1.0
-2.0,50,655.980033,1.0
0.0,50,656.480956,1.0
-2.0,50,656.984553,1.0
-3.0,50,657.496086,1.0
0.0,50,658.007014,1.0
-2.0,50,658.508005,1.0
-2.0,50,659.006868,1.0
-2.0,50,659.473792,1.0
-2.0,50,659.936831,1.0
-3.0,50,660.401994,1.0
0.0,50,660.853793,1.0
-3.0,50,661.483012,1.0
0.0,50,667.558837,1.0
-2.0,50,668.687454,1.0
0.0,50,669.745538,1.0
-2.0,50,670.811859,1.0
-1.0,50,671.889204,1.0
-2.0,50,672.944071,1.0
0.0,50,674.001343,1.0
-5.0,50,675.058342,1.0
0.0,50,676.127403,1.0
0.0,50,677.187188,1.0
-3.0,50,678.266358,1.0
-2.0,50,679.330103,1.0
-3.0,50,680.426465,1.0
-2.0,50,681.51127,1.0
-2.0,50,682.568795,1.0
-1.0,50,683.631698,1.0
-1.0,50,684.704761,1.0
-2.0,50,685.75905,1.0
-1.0,50,686.82178,1.0
0.0,50,687.878375,1.0
-1.0,50,688.953155,1.0
-2.0,50,690.025699,1.0
-3.0,50,691.093073,1.0
-1.0,50,692.148455,1.0
-2.0,50,693.22327,1.0
-1.0,50,694.300362,1.0
-3.0,50,695.372897,1.0
-2.0,50,696.437061,1.0
-1.0,50,697.517444,1.0
-3.0,50,698.585817,1.0
-3.0,50,699.666236,1.0
-2.0,50,700.72918,1.0
-1.0,50,701.810882,1.0
-1.0,50,702.880728,1.0
-5.0,50,703.944046,1.0
-4.0,50,705.057719,1.0
-1.0,50,706.161078,1.0
-2.0,50,707.240881,1.0
-2.0,50,708.323815,1.0
0.0,50,709.403422,1.0
-3.0,50,715.342255,1.0
-2.0,50,716.449502,1.0
-3.0,50,717.560921,1.0
-1.0,50,718.647431,1.0
-3.0,50,719.747222,1.0
-1.0,50,720.828892,1.0
-2.0,50,721.909727,1.0
-2.0,50,723.011043,1.0
-1.0,50,724.111999,1.0
0.0,50,725.168882,1.0
-2.0,50,726.236701,1.0
-1.0,50,727.298858,1.0
-1.0,50,728.374843,1.0
-2.0,50,729.437868,1.0
-2.0,50,730.50586,1.0
-2.0,50,731.57944,1.0
-4.0,50,732.672042,1.0
-3.0,50,733.755159,1.0
-2.0,50,734.838811,1.0
-2.0,50,735.933836,1.0
-2.0,50,737.030719,1.0
-2.0,50,738.126261,1.0
-3.0,50,739.207085,1.0
-2.0,50,740.280108,1.0
-2.0,50,741.349591,1.0
-2.0,50,742.436172,1.0
-2.0,50,743.497747,1.0
-3.0,50,744.579518,1.0
-2.0,50,745.676705,1.0
-2.0,50,746.76747,1.0
-2.0,50,747.84597,1.0
-1.0,50,748.929446,1.0
0.0,50,750.02241,1.0
-2.0,50,751.106165,1.0
-1.0,50,752.185611,1.0
-2.0,50,753.294103,1.0
-1.0,50,754.411724,1.0
-2.0,50,755.494274,1.0
-3.0,50,756.576096,1.0
-3.0,50,757.654432,1.0
-1.0,50,763.618084,1.0
-5.0,50,764.721565,0.0
-2.0,50,765.823498,1.0
-1.0,50,766.908412,1.0
-1.0,50,768.007273,1.0
-4.0,50,769.103721,1.0
0.0,50,770.187407,1.0
-1.0,50,771.270331,1.0
-2.0,50,772.384555,1.0
-2.0,50,773.469563,1.0
0.0,50,774.552481,1.0
-1.0,50,775.632347,1.0
-2.0,50,776.708147,1.0
-1.0,50,777.773319,1.0
-2.0,50,778.846612,1.0
-2.0,50,779.913053,1.0
-2.0,50,781.007063,1.0
-3.0,50,782.063133,1.0
0.0,50,783.12709,1.0
0.0,50,784.204835,1.0
-2.0,50,785.304977,1.0
-2.0,50,786.38785,1.0
-3.0,50,787.448362,1.0
-3.0,50,788.529923,1.0
-1.0,50,789.608388,1.0
-3.0,50,790.664331,1.0
-1.0,50,791.728005,1.0
-1.0,50,792.786094,1.0
-2.0,50,793.85932,1.0
-2.0,50,794.915607,1.0
0.0,50,795.972461,1.0
-2.0,50,797.033181,1.0
-3.0,50,798.105837,1.0
-3.0,50,799.165937,1.0
-2.0,50,800.22415,1.0
-3.0,50,801.292284,1.0
-2.0,50,802.372441,1.0
-2.0,50,803.432978,1.0
-2.0,50,804.491142,1.0
-2.0,50,805.545229,1.0
-2.0,50,811.501081,1.0
-2.0,50,812.563993,1.0
-1.0,50,813.630859,1.0
-2.0,50,814.70658,1.0
0.0,50,815.776892,1.0
-2.0,50,816.858999,1.0
-3.0,50,817.918176,1.0
-3.0,50,818.975502,1.0
-3.0,50,820.052162,1.0
-1.0,50,820.603524,1.0
-3.0,50,821.100921,1.0
-1.0,50,821.586923,1.0
0.0,50,822.082565,1.0
-2.0,50,822.581885,1.0
-2.0,50,823.07826,1.0
0.0,50,823.569574,1.0
-1.0,50,824.081435,1.0
-2.0,50,824.577543,1.0
-1.0,50,825.074493,1.0
-4.0,50,825.569926,1.0
-2.0,50,826.075637,1.0
-1.0,50,826.566674,1.0
0.0,50,827.056433,1.0
-2.0,50,827.548507,1.0
-3.0,50,828.054719,1.0
-3.0,50,828.548568,1.0
-2.0,50,829.042592,1.0
-2.0,50,829.535483,1.0
0.0,50,830.033758,1.0
-3.0,50,830.524752,1.0
-1.0,50,831.010773,1.0
-2.0,50,831.49772,1.0
-1.0,50,831.992559,1.0
0.0,50,832.475024,1.0
-2.0,50,832.9683,1.0
-3.0,50,833.467031,1.0
-2.0,50,833.965064,1.0
-2.0,50,834.452538,1.0
-3.0,50,834.949424,1.0
-3.0,50,835.436096,1.0
-1.0,50,838.053554,1.0
-2.0,50,838.545779,1.0
0.0,50,839.031595,1.0
-2.0,50,839.524964,1.0
-3.0,50,840.024187,1.0
-1.0,50,840.510969,1.0
-1.0,50,841.000637,1.0
-3.0,50,841.49866,1.0
-1.0,50,841.990825,1.0
-4.0,50,842.473686,1.0
0.0,50,842.953521,1.0
-1.0,50,843.443394,1.0
-1.0,50,843.960541,1.0
-2.0,50,844.453831,1.0
-2.0,50,844.950805,1.0
-3.0,50,845.448731,1.0
-1.0,50,845.970543,1.0
-3.0,50,846.472862,1.0
-1.0,50,846.962438,1.0
-3.0,50,847.452946,1.0
-2.0,50,847.951938,1.0
-2.0,50,848.440089,1.0
-2.0,50,848.924498,1.0
-2.0,50,849.408438,1.0
0.0,50,849.909265,1.0
-2.0,50,850.408892,1.0
-2.0,50,850.895335,1.0
-1.0,50,851.378128,1.0
-3.0,50,851.881756,1.0
-3.0,50,852.389595,1.0
-2.0,50,852.892357,1.0
-2.0,50,853.372793,1.0
-2.0,50,853.883849,1.0
-3.0,50,854.382548,1.0
-2.0,50,854.88177,1.0
-2.0,50,855.37373,1.0
-2.0,50,855.884781,1.0
-1.0,50,856.38457,1.0
0.0,50,856.880715,1.0
-3.0,50,857.378232,1.0
-2.0,50,860.011925,1.0
0.0,50,860.507237,1.0
-3.0,50,861.007724,1.0
-2.0,50,861.498549,1.0
-3.0,50,861.991421,1.0
-3.0,50,862.470301,1.0
0.0,50,862.950687,1.0
-3.0,50,863.441453,1.0
-1.0,50,863.934621,1.0
-2.0,50,864.423066,1.0
-1.0,50,864.904121,1.0
-1.0,50,865.389566,1.0
-4.0,50,865.882544,1.0
-2.0,50,866.37372,1.0
-1.0,50,866.855995,1.0
-2.0,50,867.336775,1.0
-1.0,50,867.831946,1.0
-1.0,50,868.312509,1.0
-2.0,50,868.794862,1.0
-1.0,50,869.274609,1.0
-1.0,50,869.76636,1.0
-2.0,50,870.257874,1.0
-2.0,50,870.744093,1.0
-3.0,50,871.238363,1.0
-3.0,50,871.730877,1.0
-2.0,50,872.221811,1.0
-2.0,50,872.70538,1.0
-3.0,50,873.198968,1.0
-1.0,50,873.698298,1.0
-2.0,50,874.189473,1.0
-2.0,50,874.67162,1.0
-1.0,50,875.1533,1.0
0.0,50,875.644815,1.0
0.0,50,876.126411,1.0
-3.0,50,876.607656,1.0
-6.0,50,877.087603,1.0
-2.0,50,877.602704,1.0
-2.0,50,878.102935,1.0
-2.0,50,878.601076,1.0
0.0,50,879.090904,1.0
-3.0,50,881.736782,1.0
-2.0,50,882.229125,1.0
-1.0,50,882.71663,1.0
-2.0,50,883.200723,1.0
-1.0,50,883.696385,1.0
0.0,50,884.181582,1.0
0.0,50,884.664738,1.0
-2.0,50,885.15825,1.0
0.0,50,885.656781,1.0
-2.0,50,886.138619,1.0
-3.0,50,886.629476,1.0
0.0,50,887.107375,1.0
-2.0,50,887.597879,1.0
-2.0,50,888.088786,1.0
0.0,50,888.568902,1.0
-2.0,50,889.055448,1.0
-3.0,50,889.558594,1.0
-3.0,50,890.039581,1.0
0.0,50,890.514483,1.0
-2.0,50,891.005221,1.0
-2.0,50,891.495146,1.0
-2.0,50,891.977952,1.0
-2.0,50,892.459151,1.0
-3.0,50,892.942769,1.0
-3.0,50,893.432834,1.0
-2.0,50,893.918896,1.0
-3.0,50,894.415833,1.0
-2.0,50,894.900798,1.0
-1.0,50,895.419612,1.0
0.0,50,895.90002,1.0
0.0,50,896.381509,1.0
-2.0,50,896.863953,1.0
-3.0,50,897.359794,1.0
0.0,50,897.84314,1.0
0.0,50,898.327318,1.0
0.0,50,898.814914,1.0
-1.0,50,899.314918,1.0
-2.0,50,899.803913,1.0
-3.0,50,900.304372,1.0
-1.0,50,900.795384,1.0
-2.0,50,903.405574,1.0
-1.0,50,903.894706,1.0
-1.0,50,904.372159,1.0
-3.0,50,904.86203,1.0
-2.0,50,905.373386,1.0
-2.0,50,905.873052,1.0
-2.0,50,906.365124,1.0
-3.0,50,906.851425,1.0
-2.0,50,907.349281,1.0
-2.0,50,907.837168,1.0
-1.0,50,908.3264,1.0
-1.0,50,908.824808,1.0
-3.0,50,909.322481,1.0
-2.0,50,909.809156,1.0
-1.0,50,910.296305,1.0
-1.0,50,910.784372,1.0
-1.0,50,911.284976,1.0
-2.0,50,911.776411,1.0
-3.0,50,912.267398,1.0
-1.0,50,912.750209,1.0
-2.0,50,913.243873,1.0
-2.0,50,913.743382,1.0
-2.0,50,914.238921,1.0
0.0,50,914.730358,1.0
-2.0,50,915.237564,1.0
-3.0,50,915.739069,1.0
-3.0,50,916.232714,1.0
-2.0,50,916.725401,1.0
-2.0,50,917.228779,1.0
-2.0,50,917.720784,1.0
-1.0,50,918.218907,1.0
-2.0,50,918.717085,1.0
-2.0,50,919.222917,1.0
-2.0,50,919.722934,1.0
-2.0,50,920.214171,1.0
-1.0,50,920.71395,1.0
0.0,50,921.221408,1.0
-2.0,50,921.714761,1.0
-1.0,50,922.212017,1.0
-2.0,50,922.708794,1.0
-2.0,50,925.32426,1.0
-3.0,50,925.823457,1.0
-2.0,50,926.316465,1.0
-3.0,50,926.818283,1.0
-2.0,50,927.319726,1.0
-1.0,50,927.81089,1.0
-2.0,50,928.303184,1.0
0.0,50,928.799005,1.0
-2.0,50,929.305378,1.0
-2.0,50,929.799074,1.0
-2.0,50,930.288897,1.0
-2.0,50,930.772244,1.0
-2.0,50,931.272987,1.0
-3.0,50,931.766104,1.0
-2.0,50,932.261984,1.0
-1.0,50,932.747482,1.0
-2.0,50,933.246718,1.0
-3.0,50,933.742957,1.0
-1.0,50,934.229778,1.0
-2.0,50,934.715855,1.0
-3.0,50,935.221014,1.0
-1.0,50,935.708514,1.0
-3.0,50,936.192747,1.0
-3.0,50,936.675911,1.0
-4.0,50,937.175284,1.0
-1.0,50,937.657812,1.0
-3.0,50,938.154992,1.0
-2.0,50,938.639187,1.0
-1.0,50,939.140977,1.0
-2.0,50,939.625429,1.0
-1.0,50,940.110042,1.0
-1.0,50,940.594704,1.0
0.0,50,941.090362,1.0
-2.0,50,941.580805,1.0
-3.0,50,942.078985,1.0
-2.0,50,942.566955,1.0
-3.0,50,943.076203,1.0
-3.0,50,943.560991,1.0
-1.0,50,944.042382,1.0
-2.0,50,944.526006,1.0
-1.0,50,947.151503,1.0
-1.0,50,947.642851,1.0
-1.0,50,948.135345,1.0
-1.0,50,948.626106,1.0
-2.0,50,949.131287,1.0
-3.0,50,949.632513,1.0
-4.0,50,950.111927,1.0
-2.0,50,950.597008,1.0
-1.0,50,951.099146,1.0
-2.0,50,951.589184,1.0
-2.0,50,952.075935,1.0
-2.0,50,952.566313,1.0
-3.0,50,953.070748,1.0
-2.0,50,953.553288,1.0
-2.0,50,954.041183,1.0
-3.0,50,954.526014,1.0
-1.0,50,955.021473,1.0
-3.0,50,955.501175,1.0
-2.0,50,955.994672,1.0
-1.0,50,956.478936,1.0
-2.0,50,956.97898,1.0
-2.0,50,957.460162,1.0
-3.0,50,957.953998,1.0
0.0,50,958.435825,1.0
-2.0,50,958.933003,1.0
-3.0,50,959.413274,1.0
-6.0,50,959.904565,1.0
-2.0,50,960.392361,1.0
-1.0,50,960.886932,1.0
-2.0,50,961.373787,1.0
-1.0,50,961.855856,1.0
-1.0,50,962.339148,1.0
-2.0,50,962.840026,1.0
-3.0,50,963.330204,1.0
-2.0,50,963.840677,1.0
-2.0,50,964.328603,1.0
-10.0,50,964.83922,1.0
-8.0,50,965.329427,1.0
-3.0,50,965.820737,1.0
-1.0,50,966.313079,1.0
-2.0,50,968.912091,1.0
-2.0,50,969.406587,1.0
-3.0,50,969.906347,1.0
-2.0,50,970.404493,1.0
-2.0,50,970.902637,1.0
-1.0,50,971.394014,1.0
-3.0,50,971.893836,1.0
-3.0,50,972.385669,1.0
0.0,50,972.884677,1.0
-1.0,50,973.372054,1.0
-2.0,50,973.860957,1.0
-2.0,50,974.351679,1.0
-1.0,50,974.851064,1.0
-2.0,50,975.34698,1.0
-1.0,50,975.83426,1.0
-3.0,50,976.334205,1.0
-1.0,50,976.833271,1.0
-3.0,50,977.332279,1.0
0.0,50,977.821589,1.0
-1.0,50,978.312683,1.0
-2.0,50,978.825251,1.0
-2.0,50,979.31942,1.0
-1.0,50,979.808598,1.0
-2.0,50,980.302281,1.0
-2.0,50,980.796469,1.0
-1.0,50,981.27983,1.0
-2.0,50,981.768137,1.0
-2.0,50,982.257742,1.0
-2.0,50,982.763156,1.0
-2.0,50,983.259263,1.0
-2.0,50,983.739263,1.0
-2.0,50,984.223773,1.0
-3.0,50,984.714972,1.0
-2.0,50,985.197618,1.0
-3.0,50,985.687961,1.0
-1.0,50,986.173331,1.0
-3.0,50,986.675128,1.0
-2.0,50,987.154974,1.0
-1.0,50,987.637847,1.0
-2.0,50,988.116993,1.0
-2.0,50,990.751579,1.0
-2.0,50,991.233231,1.0
-3.0,50,991.724847,1.0
-2.0,50,992.205317,1.0
-1.0,50,992.703212,1.0
-3.0,50,993.200749,1.0
-5.0,50,993.692787,1.0
-4.0,50,994.172679,1.0
-2.0,50,994.664729,1.0
0.0,50,995.146471,1.0
0.0,50,995.625212,1.0
-2.0,50,996.104288,1.0
-1.0,50,996.596896,1.0
-1.0,50,997.076479,1.0
-3.0,50,997.556539,1.0
-3.0,50,998.045851,1.0
-1.0,50,998.543972,1.0
-3.0,50,999.025604,1.0
-3.0,50,999.506414,1.0
-2.0,50,999.989876,1.0
-1.0,50,1000.48081,1.0
-1.0,50,1000.962432,1.0
0.0,50,1001.441429,1.0
-3.0,50,1001.927354,1.0
-2.0,50,1002.41675,1.0
-3.0,50,1002.897378,1.0
-2.0,50,1003.388193,1.0
-2.0,50,1003.87734,1.0
-3.0,50,1004.380586,1.0
-2.0,50,1004.865464,1.0
-2.0,50,1005.343999,1.0
-1.0,50,1005.829261,1.0
-3.0,50,1006.320423,1.0
-2.0,50,1006.803559,1.0
0.0,50,1007.282949,1.0
-2.0,50,1007.763719,1.0
-2.0,50,1008.262738,1.0
-2.0,50,1008.741631,1.0
-2.0,50,1009.233349,1.0
-2.0,50,1009.723489,1.0
-2.0,50,1012.379434,1.0
0.0,50,1012.859607,1.0
-4.0,50,1013.351902,1.0
-3.0,50,1013.841665,1.0
-2.0,50,1014.353508,1.0
-3.0,50,1014.845857,1.0
0.0,50,1015.328664,1.0
0.0,50,1015.8084,1.0
-2.0,50,1016.316254,1.0
-2.0,50,1016.795746,1.0
-3.0,50,1017.281083,1.0
-1.0,50,1017.766856,1.0
-2.0,50,1018.272152,1.0
-3.0,50,1018.762314,1.0
-2.0,50,1019.254665,1.0
-3.0,50,1019.746755,1.0
-2.0,50,1020.239639,1.0
-2.0,50,1020.727062,1.0
-3.0,50,1021.214294,1.0
-1.0,50,1021.703207,1.0
-1.0,50,1022.203751,1.0
-3.0,50,1022.701103,1.0
-1.0,50,1023.190537,1.0
-1.0,50,1023.682611,1.0
-2.0,50,1024.191162,1.0
-1.0,50,1024.681186,1.0
-1.0,50,1025.170288,1.0
0.0,50,1025.658807,1.0
-2.0,50,1026.168206,1.0
-2.0,50,1026.657226,1.0
-1.0,50,1027.146753,1.0
-2.0,50,1027.645212,1.0
-2.0,50,1028.142792,1.0
-1.0,50,1028.635238,1.0
-1.0,50,1029.122589,1.0
-5.0,50,1029.610412,1.0
-2.0,50,1030.120434,1.0
-2.0,50,1030.60359,1.0
-2.0,50,1031.084471,1.0
-1.0,50,1031.567826,1.0
-2.0,50,1034.210308,1.0
-1.0,50,1034.690851,1.0
-2.0,50,1035.174499,1.0
-2.0,50,1035.65746,1.0
-1.0,50,1036.148724,1.0
-2.0,50,1036.630018,1.0
-3.0,50,1037.110759,1.0
-1.0,50,1037.592155,1.0
-2.0,50,1038.095571,1.0
-2.0,50,1038.576968,1.0
-3.0,50,1039.059488,1.0
-2.0,50,1039.544616,1.0
-2.0,50,1040.036853,1.0
-2.0,50,1040.525451,1.0
0.0,50,1041.006104,1.0
-2.0,50,1041.49007,1.0
-2.0,50,1041.989761,1.0
0.0,50,1042.471055,1.0
-2.0,50,1042.955334,1.0
-2.0,50,1043.438871,1.0
-3.0,50,1043.93992,1.0
-2.0,50,1044.419139,1.0
-2.0,50,1044.903452,1.0
-3.0,50,1045.398365,1.0
-3.0,50,1045.907795,1.0
-3.0,50,1046.398002,1.0
-2.0,50,1046.88601,1.0
-3.0,50,1047.385372,1.0
-2.0,50,1047.886606,1.0
-2.0,50,1048.376246,1.0
-3.0,50,1048.873693,1.0
-1.0,50,1049.363474,1.0
-2.0,50,1049.878584,1.0
0.0,50,1050.367025,1.0
0.0,50,1050.853369,1.0
-2.0,50,1051.342145,1.0
-3.0,50,1051.843963,1.0
-3.0,50,1052.341434,1.0
-2.0,50,1052.829746,1.0
-1.0,50,1053.322039,1.0
-1.0,50,1055.966104,1.0
-2.0,50,1056.460676,1.0
-2.0,50,1056.951345,1.0
-2.0,50,1057.438765,1.0
-1.0,50,1057.937985,1.0
-2.0,50,1058.433332,1.0
-2.0,50,1058.932383,1.0
-3.0,50,1059.42506,1.0
-1.0,50,1059.926511,1.0
-1.0,50,1060.416029,1.0
-1.0,50,1060.903574,1.0
-2.0,50,1061.391796,1.0
-2.0,50,1061.892151,1.0
-2.0,50,1062.384887,1.0
-2.0,50,1062.877896,1.0
0.0,50,1063.368269,1.0
-1.0,50,1063.867494,1.0
-3.0,50,1064.362365,1.0
-2.0,50,1064.852165,1.0
0.0,50,1065.340224,1.0
-2.0,50,1065.838583,1.0
-2.0,50,1066.329048,1.0
-1.0,50,1066.818626,1.0
-2.0,50,1067.310949,1.0
-2.0,50,1067.810399,1.0
-2.0,50,1068.299673,1.0
-2.0,50,1068.781146,1.0
-1.0,50,1069.270611,1.0
-2.0,50,1069.78153,1.0
-1.0,50,1070.267238,1.0
-2.0,50,1070.746151,1.0
-2.0,50,1071.232777,1.0
-3.0,50,1071.732349,1.0
-2.0,50,1072.222658,1.0
-3.0,50,1072.703627,1.0
-3.0,50,1073.184842,1.0
-3.0,50,1073.679482,1.0
0.0,50,1074.160671,1.0
-3.0,50,1074.644111,1.0
-2.0,50,1075.125757,1.0
-14.0,50,1077.743691,1.0
-3.0,50,1078.239764,1.0
-2.0,50,1078.732268,1.0
-2.0,50,1079.216485,1.0
0.0,50,1079.706202,1.0
-1.0,50,1080.188597,1.0
-1.0,50,1080.665083,1.0
-2.0,50,1081.147135,1.0
-1.0,50,1081.646464,1.0
-1.0,50,1082.129219,1.0
0.0,50,1082.609335,1.0
-3.0,50,1083.107699,1.0
0.0,50,1083.604329,1.0
-4.0,50,1084.097486,1.0
-2.0,50,1084.578967,1.0
-1.0,50,1085.057872,1.0
-3.0,50,1085.560207,1.0
-3.0,50,1086.053696,1.0
-2.0,50,1086.551316,1.0
-2.0,50,1087.049408,1.0
-1.0,50,1087.560929,1.0
-2.0,50,1088.061516,1.0
-2.0,50,1088.561675,1.0
-1.0,50,1089.051541,1.0
-3.0,50,1089.560478,1.0
-3.0,50,1090.05461,1.0
0.0,50,1090.544255,1.0
0.0,50,1091.035388,1.0
0.0,50,1091.528618,1.0
0.0,50,1092.009399,1.0
-2.0,50,1092.490734,1.0
-1.0,50,1092.971057,1.0
-1.0,50,1093.464667,1.0
-2.0,50,1093.950262,1.0
-2.0,50,1094.440733,1.0
-2.0,50,1094.921572,1.0
0.0,50,1095.415198,1.0
-1.0,50,1095.89646,1.0
-2.0,50,1096.379991,1.0
-2.0,50,1096.862087,1.0
-3.0,50,1099.507555,1.0
-1.0,50,1099.992774,1.0
-2.0,50,1100.493837,1.0
-2.0,50,1100.984715,1.0
-1.0,50,1101.486617,1.0
-2.0,50,1101.982613,1.0
-2.0,50,1102.480782,1.0
-2.0,50,1102.981868,1.0
-1.0,50,1103.481877,1.0
-1.0,50,1103.972268,1.0
-3.0,50,1104.462256,1.0
-3.0,50,1104.955441,1.0
-2.0,50,1105.468557,1.0
-2.0,50,1105.968489,1.0
-2.0,50,1106.459856,1.0
-2.0,50,1106.960856,1.0
-2.0,50,1107.469799,1.0
-1.0,50,1107.959727,1.0
-3.0,50,1108.456166,1.0
-2.0,50,1108.956488,1.0
-2.0,50,1109.46997,1.0
-1.0,50,1109.9694,1.0
-2.0,50,1110.461592,1.0
-1.0,50,1110.957382,1.0
-3.0,50,1111.45501,1.0
-1.0,50,1111.943787,1.0
-3.0,50,1112.443627,1.0
-1.0,50,1112.9424,1.0
-2.0,50,1113.447735,1.0
-2.0,50,1113.9542,1.0
-1.0,50,1114.443835,1.0
-4.0,50,1114.943303,1.0
-1.0,50,1115.445397,1.0
0.0,50,1115.937339,1.0
-3.0,50,1116.427907,1.0
-2.0,50,1116.92682,1.0
0.0,50,1117.426824,1.0
-1.0,50,1117.919554,1.0
-2.0,50,1118.416045,1.0
-1.0,50,1118.907366,1.0
-2.0,50,1121.524163,1.0
-1.0,50,1122.016236,1.0
-2.0,50,1122.516784,1.0
-1.0,50,1123.006009,1.0
-2.0,50,1123.506886,1.0
-3.0,50,1124.006632,1.0
-3.0,50,1124.506574,1.0
-2.0,50,1124.994793,1.0
-3.0,50,1125.496395,1.0
-2.0,50,1125.984857,1.0
-3.0,50,1126.483562,1.0
-2.0,50,1126.976307,1.0
-2.0,50,1127.483523,1.0
-3.0,50,1127.971864,1.0
-2.0,50,1128.464555,1.0
0.0,50,1128.955168,1.0
-3.0,50,1129.463233,1.0
-1.0,50,1129.949745,1.0
-1.0,50,1130.43577,1.0
-2.0,50,1130.919478,1.0
0.0,50,1131.419508,1.0
-1.0,50,1131.911097,1.0
-2.0,50,1132.40468,1.0
-3.0,50,1132.904828,1.0
-1.0,50,1133.40648,1.0
-2.0,50,1133.903448,1.0
-3.0,50,1134.400444,1.0
-2.0,50,1134.896589,1.0
-2.0,50,1135.40253,1.0
-1.0,50,1135.893604,1.0
-1.0,50,1136.385548,1.0
-3.0,50,1136.884117,1.0
-1.0,50,1137.391659,1.0
-1.0,50,1137.886168,1.0
-2.0,50,1138.386585,1.0
-3.0,50,1138.882423,1.0
-2.0,50,1139.38748,1.0
-2.0,50,1139.8856,1.0
-3.0,50,1140.377923,1.0
-2.0,50,1140.872495,1.0
-3.0,50,1143.507729,1.0
-2.0,50,1144.005941,1.0
-1.0,50,1144.490263,1.0
0.0,50,1144.969146,1.0
-1.0,50,1145.463505,1.0
0.0,50,1145.945276,1.0
-2.0,50,1146.428621,1.0
-3.0,50,1146.918873,1.0
-3.0,50,1147.423307,1.0
-3.0,50,1147.905331,1.0
0.0,50,1148.386551,1.0
-1.0,50,1148.876823,1.0
-2.0,50,1149.388136,1.0
0.0,50,1149.871333,1.0
0.0,50,1150.352966,1.0
-2.0,50,1150.8446,1.0
0.0,50,1151.340899,1.0
-1.0,50,1151.822592,1.0
-2.0,50,1152.307455,1.0
-2.0,50,1152.802345,1.0
-2.0,50,1153.306183,1.0
-2.0,50,1153.790364,1.0
-2.0,50,1154.281989,1.0
-2.0,50,1154.765439,1.0
-1.0,50,1155.260456,1.0
-2.0,50,1155.7418,1.0
0.0,50,1156.22645,1.0
-3.0,50,1156.719061,1.0
0.0,50,1157.213065,1.0
-1.0,50,1157.696938,1.0
0.0,50,1158.182069,1.0
-1.0,50,1158.670913,1.0
-2.0,50,1159.176931,1.0
-2.0,50,1159.662347,1.0
-3.0,50,1160.159667,1.0
-3.0,50,1160.650386,1.0
0.0,50,1161.150473,1.0
-3.0,50,1161.639443,1.0
0.0,50,1162.121334,1.0
-3.0,50,1162.613167,1.0
-2.0,50,1165.217273,1.0
0.0,50,1165.698163,1.0
-2.0,50,1166.17919,1.0
-1.0,50,1166.667418,1.0
0.0,50,1167.166882,1.0
0.0,50,1167.654668,1.0
-2.0,50,1168.143506,1.0
-1.0,50,1168.638282,1.0
-2.0,50,1169.148697,1.0
-2.0,50,1169.64971,1.0
-2.0,50,1170.140762,1.0
-1.0,50,1170.634472,1.0
-3.0,50,1171.135336,1.0
-1.0,50,1171.625024,1.0
-1.0,50,1172.113528,1.0
-1.0,50,1172.602788,1.0
-1.0,50,1173.107753,1.0
-1.0,50,1173.600367,1.0
-1.0,50,1174.103583,1.0
-2.0,50,1174.600751,1.0
-2.0,50,1175.100462,1.0
-1.0,50,1175.594661,1.0
-3.0,50,1176.085024,1.0
-2.0,50,1176.574772,1.0
-3.0,50,1177.083673,1.0
-2.0,50,1177.571947,1.0
-1.0,50,1178.063628,1.0
-3.0,50,1178.563707,1.0
-2.0,50,1179.071333,1.0
-2.0,50,1179.562389,1.0
-3.0,50,1180.062722,1.0
-1.0,50,1180.555424,1.0
-3.0,50,1181.069589,1.0
-1.0,50,1181.558862,1.0
-1.0,50,1182.046826,1.0
-2.0,50,1182.540998,1.0
-1.0,50,1183.036729,1.0
-2.0,50,1183.526557,1.0
-1.0,50,1184.009722,1.0
-1.0,50,1184.494486,1.0
-2.0,50,1187.151223,1.0
-3.0,50,1187.645674,1.0
-3.0,50,1188.129804,1.0
-2.0,50,1188.620845,1.0
-1.0,50,1189.114873,1.0
-2.0,50,1189.597865,1.0
-2.0,50,1190.092598,1.0
-2.0,50,1190.580016,1.0
-1.0,50,1191.084556,1.0
-1.0,50,1191.578699,1.0
-1.0,50,1192.068521,1.0
-2.0,50,1192.558886,1.0
-1.0,50,1193.059446,1.0
-1.0,50,1193.549279,1.0
-2.0,50,1194.04759,1.0
0.0,50,1194.534725,1.0
0.0,50,1195.040865,1.0
-2.0,50,1195.539616,1.0
-3.0,50,1196.035165,1.0
-3.0,50,1196.525994,1.0
-1.0,50,1197.027955,1.0
-2.0,50,1197.527582,1.0
-3.0,50,1198.024599,1.0
-1.0,50,1198.516438,1.0
0.0,50,1199.016475,1.0
-2.0,50,1199.507611,1.0
0.0,50,1199.998033,1.0
-2.0,50,1200.485927,1.0
-1.0,50,1200.997243,1.0
0.0,50,1201.487113,1.0
-2.0,50,1201.985586,1.0
-2.0,50,1202.485523,1.0
0.0,50,1202.984292,1.0
-1.0,50,1203.474492,1.0
-2.0,50,1203.982886,1.0
-1.0,50,1204.47046,1.0
-2.0,50,1204.970615,1.0
-3.0,50,1205.457118,1.0
-1.0,50,1205.947891,1.0
-2.0,50,1206.439444,1.0
