#{"t_start": 1786138772.4122047, "env_id": "FetchReachDense-v3"}
r,l,t,is_success
-7.432276,50,6.408456,0.0
-11.573711,50,6.487976,0.0
-10.14329,50,6.565339,0.0
-10.216398,50,6.652012,0.0
-5.848147,50,6.745503,0.0
-11.411054,50,6.824115,0.0
-7.619921,50,6.901656,0.0
-11.305979,50,6.979503,0.0
-8.071914,50,7.065856,0.0
-6.012418,50,7.1426,0.0
-12.223556,50,7.227371,0.0
-11.014405,50,7.307929,0.0
-11.439749,50,7.392076,0.0
-7.491341,50,7.473667,0.0
-6.262297,50,7.554949,0.0
-11.144175,50,7.635994,0.0
-9.990428,50,7.719248,0.0
-7.963527,50,7.801277,0.0
-14.065504,50,7.880878,0.0
-12.027518,50,7.966404,0.0
-5.546315,50,9.310417,0.0
-13.881318,50,9.795486,0.0
-13.063643,50,10.273072,0.0
-10.151528,50,10.749733,0.0
-9.549497,50,11.246872,0.0
-8.181226,50,11.711689,0.0
-11.464329,50,12.191555,0.0
-15.670928,50,12.684063,0.0
-10.855238,50,13.185684,0.0
-7.488971,50,13.846302,0.0
-9.116971,50,14.309132,0.0
-11.910106,50,14.790343,0.0
-12.642687,50,15.278849,0.0
-8.083693,50,15.766926,0.0
-4.743049,50,16.232392,0.0
-8.320685,50,16.717909,0.0
-8.133558,50,17.221865,0.0
-15.705497,50,17.712311,0.0
-11.708232,50,18.202903,0.0
-9.039843,50,18.683216,0.0
-12.555138,50,21.238024,0.0
-9.942851,50,21.712262,0.0
-8.02977,50,22.189782,0.0
-12.734909,50,22.684925,0.0
-10.133638,50,23.190182,0.0
-12.218843,50,23.675927,0.0
-7.61681,50,24.164757,0.0
-8.175526,50,24.641244,0.0
-13.349838,50,25.133611,0.0
-8.463379,50,25.597824,0.0
-5.674084,50,26.081254,0.0
-8.939957,50,26.558201,0.0
-7.853875,50,27.058028,0.0
-7.268502,50,27.549196,0.0
-14.955494,50,28.04822,0.0
-4.301612,50,28.534462,0.0
-7.885393,50,29.013301,0.0
-11.592041,50,29.499622,0.0
-13.057595,50,29.986511,0.0
-12.937693,50,30.462774,0.0
-11.762513,50,30.964875,0.0
-11.13167,50,31.447211,0.0
-17.410366,50,31.932085,0.0
-6.859596,50,32.413532,0.0
-14.630961,50,32.906493,0.0
-8.523377,50,33.367224,0.0
-8.419942,50,33.815804,0.0
-5.344465,50,34.259645,0.0
-8.005427,50,35.199193,0.0
-17.400472,50,36.263794,0.0
-6.798678,50,37.31604,0.0
-8.424653,50,38.384773,0.0
-8.954162,50,39.466694,0.0
-8.456765,50,40.499772,0.0
-3.358318,50,41.548346,0.0
-6.329492,50,42.605322,0.0
-8.177335,50,43.673342,0.0
-3.064895,50,44.738131,0.0
-3.322245,50,45.795557,1.0
-3.277619,50,46.948735,1.0
-3.404325,50,53.089785,0.0
-4.457517,50,54.155519,0.0
-4.72862,50,55.215228,0.0
-3.629115,50,56.280445,1.0
-3.251378,50,57.368312,0.0
-3.491112,50,58.442214,0.0
-3.940434,50,59.503538,0.0
-6.096927,50,60.562651,0.0
-3.718564,50,61.669446,0.0
-2.717534,50,62.757007,0.0
-2.478041,50,63.823383,0.0
-2.678984,50,64.881659,1.0
-3.541414,50,65.970603,0.0
-2.915372,50,67.042435,0.0
-2.546376,50,68.127803,1.0
-1.694987,50,69.20957,0.0
-3.853862,50,70.296957,0.0
-2.689024,50,71.36078,1.0
-2.575888,50,72.414117,1.0
-2.892975,50,73.481536,0.0
-2.21556,50,74.576381,1.0
-2.270299,50,75.643805,1.0
-3.654364,50,76.724003,0.0
-2.643253,50,77.796251,0.0
-2.547837,50,78.863146,1.0
-2.989818,50,79.918664,1.0
-3.017212,50,81.002271,0.0
-2.483392,50,82.08903,1.0
-4.712298,50,83.172568,0.0
-4.978273,50,84.232531,0.0
-1.52836,50,85.287906,1.0
-2.631625,50,86.354019,1.0
-2.851397,50,87.449706,0.0
-1.735088,50,88.521468,1.0
-4.045191,50,89.578907,0.0
-1.748815,50,90.653935,1.0
-1.96618,50,91.754099,1.0
-2.053759,50,92.843233,1.0
-2.355177,50,93.909281,0.0
-1.795575,50,94.969212,1.0
-1.829909,50,100.952369,1.0
-1.507053,50,102.018244,0.0
-2.031341,50,103.071059,1.0
-2.56761,50,104.134821,0.0
-3.624874,50,105.211902,0.0
-2.855242,50,106.294625,0.0
-3.44566,50,107.359054,0.0
-2.671511,50,108.425482,1.0
-2.274775,50,109.512453,0.0
-1.584345,50,110.568886,1.0
-1.670502,50,111.627767,1.0
-3.211874,50,112.69734,0.0
-2.282588,50,113.791991,1.0
-2.071689,50,114.871972,1.0
-2.058994,50,115.928313,0.0
-1.71984,50,116.990165,1.0
-1.984153,50,118.081164,1.0
-1.819485,50,119.139865,1.0
-1.908491,50,120.206168,0.0
-1.465973,50,121.270036,1.0
-2.480598,50,122.352597,1.0
-2.562672,50,123.426114,1.0
-1.608355,50,124.49549,1.0
-2.190012,50,125.555557,1.0
-1.969271,50,126.654524,1.0
-2.095583,50,127.352238,1.0
-1.848747,50,127.843607,1.0
-2.239657,50,128.336868,1.0
-2.201929,50,128.838088,0.0
-1.573658,50,129.308682,1.0
-1.80183,50,129.795285,1.0
-1.12763,50,130.280259,1.0
-1.352727,50,130.780527,1.0
-1.703527,50,131.278556,1.0
-1.945599,50,131.767359,1.0
-2.035357,50,132.23828,0.0
-1.599637,50,132.738664,1.0
-2.012557,50,133.222888,1.0
-1.6438,50,133.703222,1.0
-1.14934,50,134.196582,1.0
-1.367209,50,136.7596,1.0
-1.255987,50,137.245963,1.0
-2.16281,50,137.733308,1.0
-1.484458,50,138.220407,1.0
-1.355173,50,138.716513,1.0
-2.579777,50,139.202271,0.0
-1.218557,50,139.699351,1.0
-1.555505,50,140.201329,1.0
-1.117717,50,140.716329,1.0
-1.229675,50,141.200964,1.0
-1.654992,50,141.676626,1.0
-1.499267,50,142.161136,1.0
-2.365579,50,142.666562,1.0
-1.134788,50,143.158659,1.0
-1.824429,50,143.648956,1.0
-1.433652,50,144.141356,1.0
-1.591402,50,144.641389,1.0
-1.890058,50,145.129429,1.0
-1.354571,50,145.62326,1.0
-2.020279,50,146.110258,1.0
-1.26543,50,146.60746,1.0
-1.569619,50,147.103505,1.0
-1.602898,50,147.599419,1.0
-1.849073,50,148.091273,0.0
-1.685206,50,148.612713,1.0
-2.514822,50,149.129579,0.0
-1.515518,50,149.620332,1.0
-1.913971,50,150.136657,1.0
-1.912959,50,150.659791,1.0
-1.11002,50,151.17192,1.0
-1.265772,50,151.666681,1.0
-1.689508,50,152.186332,1.0
-1.411546,50,152.703957,1.0
-2.638477,50,153.209688,0.0
-1.857512,50,153.717431,1.0
-1.787369,50,154.208763,1.0
-1.245006,50,154.704912,1.0
-1.924382,50,155.179897,1.0
-1.825906,50,155.678908,1.0
-1.271209,50,156.16931,1.0
-1.044814,50,158.778662,1.0
-1.580842,50,159.26449,1.0
-1.669939,50,159.758778,1.0
-2.126209,50,160.252307,1.0
-2.146834,50,160.779397,1.0
-1.216185,50,161.274494,1.0
-1.251861,50,161.750751,1.0
-1.953473,50,162.244333,1.0
-1.380479,50,162.749272,1.0
-1.637254,50,163.242282,1.0
-1.206384,50,163.747686,1.0
-1.545566,50,164.247484,1.0
-1.280882,50,164.758962,1.0
-1.129577,50,165.24918,1.0
-0.986748,50,165.738853,1.0
-0.951949,50,166.215912,1.0
-2.337259,50,166.715674,0.0
-1.491952,50,167.20971,1.0
-1.331971,50,167.705484,1.0
-0.929047,50,168.224279,1.0
-0.936977,50,168.711806,1.0
-1.434331,50,169.196131,1.0
-1.240992,50,169.686269,1.0
-0.979415,50,170.182038,1.0
-1.477396,50,170.684585,1.0
-1.489716,50,171.168708,1.0
-2.020954,50,171.661822,1.0
-1.084967,50,172.147155,1.0
-1.310147,50,172.657186,1.0
-1.115997,50,173.165558,1.0
-1.159895,50,173.651479,1.0
-1.256776,50,174.144025,1.0
-1.551152,50,174.639283,1.0
-0.992605,50,175.130277,1.0
-1.451003,50,175.604063,0.0
-0.968681,50,176.092597,1.0
-1.043884,50,176.599569,1.0
-0.98399,50,177.089698,1.0
-1.005701,50,177.566235,1.0
-0.932917,50,178.059518,1.0
-1.278017,50,180.694898,1.0
-0.916598,50,181.176556,1.0
-1.280084,50,181.673949,1.0
-0.928808,50,182.170876,1.0
-1.698708,50,182.691017,1.0
-0.955539,50,183.179278,1.0
-1.062064,50,183.668367,1.0
-0.870317,50,184.168041,1.0
-1.165619,50,184.661616,1.0
-1.236178,50,185.168988,1.0
-0.996375,50,185.67079,1.0
-1.134444,50,186.16748,1.0
-0.983584,50,186.686658,1.0
-0.6948,50,187.179575,1.0
-1.234975,50,187.673681,1.0
-1.129471,50,188.164274,1.0
-1.279195,50,188.659945,1.0
-1.344695,50,189.162514,1.0
-0.91851,50,189.666432,1.0
-0.982245,50,190.177256,1.0
-0.791045,50,190.687726,1.0
-0.963894,50,191.191639,1.0
-1.255268,50,191.680985,1.0
-1.493334,50,192.1857,1.0
-1.115436,50,192.699078,1.0
-0.98645,50,193.197442,1.0
-1.057392,50,193.701538,1.0
-1.188239,50,194.192124,1.0
-1.394548,50,194.692968,1.0
-1.07214,50,195.18898,1.0
-1.240415,50,195.68156,1.0
-0.715512,50,196.181804,1.0
-0.90952,50,196.70111,1.0
-1.379542,50,197.204463,1.0
-0.966357,50,197.694748,1.0
-1.059144,50,198.186664,1.0
-0.835262,50,198.688725,1.0
-0.973819,50,199.185641,1.0
-1.209522,50,199.699089,1.0
-0.93043,50,200.200441,1.0
-1.02852,50,202.834812,1.0
-0.716463,50,203.337243,1.0
-0.946351,50,203.833149,1.0
-1.531839,50,204.331713,1.0
-1.253194,50,204.844832,1.0
-1.096707,50,205.344649,1.0
-1.167089,50,205.828039,1.0
-1.138476,50,206.333645,1.0
-1.624477,50,206.86188,1.0
-0.88351,50,207.365525,1.0
-1.540382,50,207.873893,1.0
-1.210524,50,208.373425,1.0
-0.878161,50,208.869416,1.0
-1.3239,50,209.343522,1.0
-1.593528,50,209.838162,1.0
-1.229641,50,210.32958,1.0
-1.103008,50,210.834031,1.0
-1.051745,50,211.324301,1.0
-1.014436,50,211.830456,1.0
-0.750238,50,212.337927,1.0
-0.865474,50,212.852409,1.0
-1.051024,50,213.349537,1.0
-1.48749,50,213.850753,1.0
-0.999409,50,214.352557,1.0
-0.832507,50,214.844428,1.0
-1.344583,50,215.343796,1.0
-1.180123,50,215.839151,1.0
-1.711536,50,216.349204,1.0
-0.910648,50,216.84445,1.0
-0.909195,50,217.333309,1.0
-1.000956,50,217.833862,1.0
-1.345039,50,218.337807,1.0
-1.337446,50,218.836684,1.0
-0.772528,50,219.321476,1.0
-1.129295,50,219.814818,1.0
-1.013668,50,220.304994,1.0
-0.947905,50,220.799644,1.0
-1.942033,50,221.312417,1.0
-1.093799,50,221.828014,1.0
-1.23744,50,222.341542,1.0
-1.193527,50,224.937032,1.0
-1.142957,50,225.425159,1.0
-0.979169,50,225.917798,1.0
-0.936455,50,226.403813,1.0
-1.096972,50,226.89623,1.0
-0.943232,50,227.36734,1.0
-0.874961,50,227.854954,1.0
-1.291162,50,228.356034,1.0
-0.939782,50,228.857385,1.0
-1.423514,50,229.349745,1.0
-1.056188,50,229.848037,1.0
-1.284895,50,230.336238,1.0
-0.900495,50,230.840292,1.0
-1.274162,50,231.316331,1.0
-0.838733,50,231.804777,1.0
-0.72407,50,232.289096,1.0
-1.245795,50,232.79266,1.0
-1.300296,50,233.282471,1.0
-0.999326,50,233.79033,1.0
-1.117531,50,234.264193,1.0
-1.187305,50,234.761658,1.0
-1.117518,50,235.250403,1.0
-0.965856,50,235.72972,1.0
-0.870462,50,236.212939,1.0
-0.819854,50,236.710905,1.0
-1.106522,50,237.198964,1.0
-1.051603,50,237.692885,1.0
-1.057368,50,238.168621,1.0
-0.821994,50,238.687821,1.0
-0.902407,50,239.170641,1.0
-0.886328,50,239.662391,1.0
-1.151718,50,240.148102,1.0
-0.823419,50,240.655979,1.0
-1.207753,50,241.148551,1.0
-1.357309,50,241.640352,1.0
-1.174626,50,242.132005,1.0
-0.924693,50,242.630587,1.0
-1.092452,50,243.128771,1.0
-1.066787,50,243.62471,1.0
-0.876708,50,244.12374,1.0
-1.202815,50,246.724601,1.0
-0.882775,50,247.2186,1.0
-1.002296,50,247.701776,1.0
-0.528152,50,248.198206,1.0
-1.308038,50,248.695473,1.0
-1.110205,50,249.175609,1.0
-1.36489,50,249.675789,1.0
-0.857588,50,250.173833,1.0
-1.018443,50,250.701507,1.0
-0.981515,50,251.176817,1.0
-0.65246,50,251.662946,1.0
-1.046405,50,252.153453,1.0
-1.427472,50,252.661092,1.0
-0.729176,50,253.152235,1.0
-0.920611,50,253.647381,1.0
-1.112848,50,254.150857,1.0
-1.006717,50,254.658409,1.0
-0.842499,50,255.146825,1.0
-1.233339,50,255.640189,1.0
-1.08812,50,256.112579,1.0
-0.827634,50,256.616082,1.0
-1.039435,50,257.103996,1.0
-1.256072,50,257.604526,1.0
-0.835326,50,258.091001,1.0
-1.16877,50,258.598339,1.0
-1.031608,50,259.083743,1.0
-0.769715,50,259.56962,1.0
-1.306942,50,260.04197,1.0
-1.124101,50,260.543721,1.0
-0.967128,50,261.026432,1.0
-1.141603,50,261.526402,1.0
-1.323587,50,262.022104,1.0
-1.23941,50,262.532876,1.0
-0.811834,50,263.020411,1.0
-0.885157,50,263.508334,1.0
-0.868045,50,263.98843,1.0
-0.816435,50,264.535559,1.0
-0.93277,50,265.029578,1.0
-0.912995,50,265.530774,1.0
-1.403997,50,266.034827,1.0
-1.068167,50,268.646247,1.0
-1.105507,50,269.124624,1.0
-0.965959,50,269.613799,1.0
-1.185174,50,270.113336,1.0
-1.315746,50,270.625739,1.0
-0.87434,50,271.1162,1.0
-0.859735,50,271.605274,1.0
-1.19723,50,272.102382,1.0
-0.839485,50,272.590966,1.0
-1.300576,50,273.089878,1.0
-0.694491,50,273.58883,1.0
-1.806393,50,274.107244,1.0
-1.076137,50,274.589763,1.0
-1.110587,50,275.094913,1.0
-0.881094,50,275.588962,1.0
-0.99233,50,276.081079,1.0
-0.861168,50,276.58454,1.0
-1.22817,50,277.086928,1.0
-1.07169,50,277.583712,1.0
-0.916797,50,278.077713,1.0
-0.983709,50,278.593599,1.0
-1.80325,50,279.095162,1.0
-0.97191,50,279.585508,1.0
-0.847096,50,280.075762,1.0
-0.76281,50,280.566105,1.0
-0.653672,50,281.060264,1.0
-0.974903,50,281.553708,1.0
-0.958208,50,282.045137,1.0
-0.987628,50,282.556027,1.0
-0.880017,50,283.029509,1.0
-0.586875,50,283.516938,1.0
-1.20419,50,284.006263,1.0
-0.929502,50,284.506098,1.0
-0.798981,50,284.982996,1.0
-0.539231,50,285.472749,1.0
-0.843526,50,285.971487,1.0
-0.992636,50,286.476358,1.0
-0.942339,50,286.958597,1.0
-0.647929,50,287.438995,1.0
-0.85409,50,287.924905,1.0
-0.773613,50,290.534806,1.0
-1.033189,50,291.021624,1.0
-1.252689,50,291.512235,1.0
-0.850293,50,291.99531,1.0
-0.798032,50,292.479943,1.0
-0.851084,50,292.959122,1.0
-0.60203,50,293.445383,1.0
-0.697889,50,293.931657,1.0
-0.93275,50,294.432932,1.0
-0.939043,50,294.926621,1.0
-0.883471,50,295.430443,1.0
-0.892633,50,295.944161,1.0
-0.852542,50,296.43168,1.0
-0.979192,50,296.920305,1.0
-1.116798,50,297.407604,1.0
-0.727332,50,297.894204,1.0
-0.798252,50,298.387653,1.0
-1.0278,50,298.877787,1.0
-0.917978,50,299.371532,1.0
-1.26276,50,299.866743,1.0
-1.085796,50,300.378086,1.0
-1.053102,50,300.866504,1.0
-0.945911,50,301.359096,1.0
-0.795066,50,301.837268,1.0
-0.621379,50,302.329891,1.0
-0.6776,50,302.826059,1.0
-0.910512,50,303.325218,1.0
-0.74435,50,303.829884,1.0
-1.067658,50,304.32904,1.0
-1.005071,50,304.808212,1.0
-1.399924,50,305.296593,1.0
-0.745058,50,305.777952,1.0
-0.829595,50,306.271759,1.0
-0.703513,50,306.76318,1.0
-0.836142,50,307.255955,1.0
-1.14109,50,307.747755,1.0
-0.826293,50,308.260865,1.0
-0.769266,50,308.756946,1.0
-0.727611,50,309.238011,1.0
-0.768723,50,309.713951,1.0
-0.950604,50,312.320113,1.0
-0.726737,50,312.812853,1.0
-1.085473,50,313.308229,1.0
-0.954478,50,313.791956,1.0
-1.429171,50,314.285272,1.0
-1.163239,50,314.77257,1.0
-1.031532,50,315.273962,1.0
-1.403761,50,315.776452,1.0
-1.229743,50,316.28571,1.0
-0.869279,50,316.768222,1.0
-0.977729,50,317.258685,1.0
-0.807851,50,317.731918,1.0
-0.855208,50,318.231716,1.0
-0.927534,50,318.717857,1.0
-0.858688,50,319.21291,1.0
-0.850116,50,319.712914,1.0
-0.807606,50,320.225024,1.0
-0.792589,50,320.701985,1.0
-0.904567,50,321.191606,1.0
-0.781952,50,321.673714,1.0
-0.767265,50,322.189909,1.0
-0.888942,50,322.675124,1.0
-1.001858,50,323.175002,1.0
-1.059965,50,323.685446,1.0
-1.187262,50,324.190042,1.0
-0.996261,50,324.693852,1.0
-1.884268,50,325.207976,1.0
-0.791014,50,325.708796,1.0
-1.192869,50,326.24288,1.0
-1.067182,50,326.736155,1.0
-0.694553,50,327.238901,1.0
-1.080529,50,327.742294,1.0
-0.660098,50,328.265223,1.0
-1.214949,50,328.781242,1.0
-0.878585,50,329.279503,1.0
-0.546224,50,329.758429,1.0
-0.847644,50,330.273398,1.0
-0.677872,50,330.761249,1.0
-0.556411,50,331.260867,1.0
-1.502699,50,331.76439,1.0
-0.929829,50,334.383697,1.0
-1.106094,50,334.875671,1.0
-0.923915,50,335.377709,1.0
-0.601659,50,335.87709,1.0
-0.708466,50,336.390295,1.0
-0.900341,50,336.887964,1.0
-1.152469,50,337.368269,1.0
-1.07167,50,337.856697,1.0
-1.208474,50,338.362358,1.0
-0.966346,50,338.855135,1.0
-2.020287,50,339.355133,1.0
-0.79042,50,339.853815,1.0
-0.734367,50,340.354126,1.0
-0.794675,50,340.843781,1.0
-0.762617,50,341.341828,1.0
-0.832195,50,341.843113,1.0
-0.717552,50,342.35581,1.0
-0.733892,50,342.851083,1.0
-0.935428,50,343.351304,1.0
-0.85192,50,343.835326,1.0
-1.140916,50,344.339809,1.0
-0.954244,50,344.838867,1.0
-0.738491,50,345.336081,1.0
-1.652081,50,345.836418,1.0
-0.559195,50,346.342838,1.0
-0.699757,50,346.843121,1.0
-1.011837,50,347.356472,1.0
-0.83217,50,347.842285,1.0
-0.810869,50,348.346936,1.0
-0.732872,50,348.846005,1.0
-0.911758,50,349.356518,1.0
-0.794215,50,349.845846,1.0
-0.554121,50,350.349452,1.0
-0.825355,50,350.846762,1.0
-1.3271,50,351.34756,1.0
-1.71767,50,351.848425,1.0
-0.782103,50,352.354877,1.0
-0.944843,50,352.855207,1.0
-1.322804,50,353.352048,1.0
-1.543329,50,353.848289,1.0
-0.840944,50,356.462672,1.0
-1.193494,50,356.977248,1.0
-1.160959,50,357.478428,1.0
-1.446444,50,357.986018,1.0
-1.185263,50,358.495735,1.0
-1.006304,50,359.000094,1.0
-0.797713,50,359.496416,1.0
-0.811327,50,360.013928,1.0
-0.653134,50,360.53623,1.0
-0.775428,50,361.058291,1.0
-0.547988,50,361.561177,1.0
-0.495631,50,362.058764,1.0
-0.730582,50,362.565272,1.0
-0.702813,50,363.062808,1.0
-0.870894,50,363.558961,1.0
-0.649402,50,364.059473,1.0
-0.631837,50,364.571944,1.0
-1.095743,50,365.072908,1.0
-1.100899,50,365.576466,1.0
-1.291374,50,366.082075,1.0
-1.129508,50,366.595912,1.0
-1.353002,50,367.095926,1.0
-0.999685,50,367.60443,1.0
-0.90131,50,368.089098,1.0
-1.042064,50,368.575041,1.0
-1.17493,50,369.066499,1.0
-1.115041,50,369.55917,1.0
-0.917711,50,370.045946,1.0
-0.759695,50,370.548787,1.0
-0.854222,50,371.031626,1.0
-1.081859,50,371.518248,1.0
-0.983317,50,372.016114,1.0
-1.139492,50,372.525159,1.0
-1.0943,50,373.010415,1.0
-1.13565,50,373.490725,1.0
-1.472906,50,373.995033,1.0
-1.251974,50,374.489264,1.0
-1.987307,50,374.978104,1.0
-0.908105,50,375.461338,1.0
-0.727676,50,375.94251,1.0
-0.699428,50,378.521026,1.0
-0.644983,50,378.995872,1.0
-0.671943,50,379.484098,1.0
-0.683832,50,379.969244,1.0
-0.624737,50,380.470128,1.0
-1.008782,50,380.946378,1.0
-0.932697,50,381.425587,1.0
-0.983662,50,381.905774,1.0
-1.224955,50,382.392052,1.0
-1.143853,50,382.875987,1.0
-1.013753,50,383.366954,1.0
-1.848836,50,383.868757,1.0
-0.861415,50,384.367467,1.0
-0.734329,50,384.839664,1.0
-0.767968,50,385.304886,1.0
-0.770235,50,385.783829,1.0
-1.072755,50,386.276031,1.0
-0.77397,50,386.760902,1.0
-0.546283,50,387.245097,1.0
-0.796174,50,387.736347,1.0
-0.697836,50,388.231183,1.0
-0.774957,50,388.711753,1.0
-0.838648,50,389.184955,1.0
-0.945034,50,389.665722,1.0
-0.915455,50,390.157309,1.0
-0.767408,50,390.635525,1.0
-0.91049,50,391.123816,1.0
-0.679868,50,391.606937,1.0
-0.521662,50,392.098763,1.0
-0.842654,50,392.574893,1.0
-0.724944,50,393.053794,1.0
-0.90795,50,393.531558,1.0
-1.155669,50,394.032318,1.0
-0.531711,50,394.515832,1.0
-0.749528,50,395.004492,1.0
-0.682102,50,395.482117,1.0
-0.718239,50,395.944055,1.0
-0.455278,50,396.404779,1.0
-0.708893,50,396.866687,1.0
-1.230057,50,397.324811,1.0
-0.933881,50,403.280052,1.0
-1.530852,50,404.355267,1.0
-0.733272,50,405.427287,1.0
-0.668433,50,406.514327,1.0
-0.610118,50,407.607976,1.0
-0.950611,50,408.685153,1.0
-0.71163,50,409.730512,1.0
-0.916348,50,410.783526,1.0
-0.986547,50,411.895377,1.0
-0.876741,50,413.216681,1.0
-0.724211,50,414.514028,1.0
-0.67049,50,415.664774,1.0
-0.703337,50,416.745797,1.0
-0.573274,50,417.827795,1.0
-0.650374,50,418.903897,1.0
-1.091734,50,420.031414,1.0
-0.576169,50,421.120344,1.0
-1.011041,50,422.1867,1.0
-1.146302,50,423.25117,1.0
-1.243996,50,424.366291,1.0
-1.076681,50,425.476235,1.0
-1.611629,50,426.566339,1.0
-0.650168,50,427.640908,1.0
-0.996942,50,428.722617,1.0
-0.809614,50,429.839822,1.0
-0.642734,50,430.940523,1.0
-0.747594,50,432.022017,1.0
-0.896037,50,433.091181,1.0
-0.675163,50,434.189241,1.0
-0.797564,50,435.297507,1.0
-0.739228,50,436.390803,1.0
-1.087944,50,437.463597,1.0
-1.163252,50,438.537756,1.0
-1.08659,50,439.605106,1.0
-1.050418,50,440.66869,1.0
-0.858088,50,441.748781,1.0
-0.716089,50,442.816969,1.0
-0.988166,50,443.896147,1.0
-0.820913,50,444.964633,1.0
-0.779792,50,446.054838,1.0
-0.948521,50,452.011807,1.0
-0.519432,50,453.077111,1.0
-0.753449,50,454.158863,1.0
-0.879411,50,455.226178,1.0
-0.782178,50,456.31949,1.0
-0.61451,50,457.39734,1.0
-0.654169,50,458.472378,1.0
-0.716178,50,459.53847,1.0
-0.605966,50,460.604787,1.0
-0.63711,50,461.669356,1.0
-0.797986,50,462.739342,1.0
-0.809385,50,463.830557,1.0
-0.523766,50,464.886893,1.0
-0.517831,50,465.935956,1.0
-1.460401,50,467.01497,1.0
-0.836386,50,468.090719,1.0
-0.74251,50,469.193032,1.0
-0.775134,50,470.273849,1.0
-1.712973,50,471.378725,1.0
-1.286623,50,472.468094,1.0
-0.621552,50,473.540012,1.0
-0.559127,50,474.590535,1.0
-1.070687,50,475.637817,1.0
-0.946648,50,476.709594,1.0
-0.808663,50,477.796059,1.0
-0.406062,50,478.848388,1.0
-0.463046,50,479.908749,1.0
-0.604392,50,480.991772,1.0
-1.011669,50,482.089046,1.0
-0.732497,50,483.14059,1.0
-0.830911,50,484.201473,1.0
-0.854099,50,485.261276,1.0
-0.903551,50,486.346773,1.0
-0.679102,50,487.400231,1.0
-0.698777,50,488.458357,1.0
-0.814626,50,489.502503,1.0
-0.949945,50,490.561522,1.0
-0.654201,50,491.622005,1.0
-1.01755,50,492.676064,1.0
-0.630121,50,493.722439,1.0
-0.722212,50,499.58611,1.0
-0.695748,50,500.659146,1.0
-0.698852,50,501.724782,1.0
-0.900345,50,502.78462,1.0
-0.614595,50,503.841762,1.0
-0.69534,50,504.912866,1.0
-0.688013,50,505.964845,1.0
-0.841345,50,507.02344,1.0
-0.784204,50,508.089242,1.0
-0.64739,50,509.129456,1.0
-0.755774,50,510.167836,1.0
-0.776989,50,511.216471,1.0
-0.639479,50,512.317677,1.0
-0.540262,50,513.37587,1.0
-0.554486,50,514.433922,1.0
-0.711809,50,515.494559,1.0
-0.914471,50,516.571375,1.0
-1.173616,50,517.633048,1.0
-0.792864,50,518.686639,1.0
-0.776383,50,519.758417,1.0
-1.210981,50,520.867627,1.0
-1.07109,50,521.951279,1.0
-0.667755,50,523.034107,1.0
-0.717249,50,524.125262,1.0
-1.03031,50,525.209352,1.0
-1.088141,50,526.269434,1.0
-1.013243,50,527.340155,1.0
-0.669634,50,528.418157,1.0
-0.86033,50,529.497352,1.0
-0.856662,50,530.568642,1.0
-0.802023,50,531.646299,1.0
-1.194912,50,532.717215,1.0
-0.792513,50,533.822109,1.0
-1.089048,50,534.897712,1.0
-0.692781,50,535.954229,1.0
-0.819832,50,537.042017,1.0
-0.90928,50,538.123921,1.0
-0.768279,50,539.200421,1.0
-0.877745,50,540.278973,1.0
-0.66672,50,541.380979,1.0
-0.803886,50,547.376934,1.0
-0.658693,50,548.453552,1.0
-0.727092,50,549.510587,1.0
-0.846953,50,550.568162,1.0
-0.74284,50,551.636201,1.0
-0.654325,50,552.712858,1.0
-0.862212,50,553.771853,1.0
-0.722056,50,554.8378,1.0
-1.255703,50,555.926646,1.0
-0.692787,50,557.009035,1.0
-0.497635,50,558.090288,1.0
-0.661915,50,559.164638,1.0
-0.629948,50,560.247751,1.0
-0.878074,50,561.322228,1.0
-0.830338,50,562.414969,1.0
-0.496649,50,563.492316,1.0
-0.701621,50,564.581378,1.0
-1.386815,50,565.630268,1.0
-1.188543,50,566.696387,1.0
-0.92675,50,567.761535,1.0
-1.057414,50,568.848866,1.0
-0.5025,50,569.89838,1.0
-0.694394,50,570.955311,1.0
-0.814215,50,572.021293,1.0
-0.824962,50,573.105736,1.0
-0.978912,50,574.176215,1.0
-0.947121,50,575.243736,1.0
-0.88504,50,576.31395,1.0
-0.659676,50,577.420942,1.0
-0.797384,50,578.483848,1.0
-0.794355,50,579.541968,1.0
-0.691685,50,580.614534,1.0
-0.812108,50,581.708985,1.0
-0.722779,50,582.768844,1.0
-0.632869,50,583.849805,1.0
-0.987598,50,584.897362,1.0
-0.999934,50,585.966784,1.0
-0.626556,50,587.040326,1.0
-1.796155,50,588.160606,1.0
-0.690884,50,589.251264,1.0
-0.622608,50,595.283555,1.0
-0.866002,50,596.368062,1.0
-0.911157,50,597.443093,1.0
-0.746192,50,598.495562,1.0
-0.69009,50,599.587172,1.0
-0.59693,50,600.650262,1.0
-1.090318,50,601.725574,1.0
-0.839347,50,602.792183,1.0
-0.766839,50,603.867689,1.0
-0.617552,50,604.922118,1.0
-0.878762,50,605.975701,1.0
-0.740553,50,607.037516,1.0
-0.860323,50,608.109503,1.0
-0.672132,50,609.188282,1.0
-0.612203,50,610.240447,1.0
-0.690414,50,611.298142,1.0
-0.631244,50,612.366031,1.0
-0.919253,50,613.412639,1.0
-0.861317,50,614.473864,1.0
-0.765064,50,615.544874,1.0
-0.702624,50,616.638506,1.0
-0.844291,50,617.713675,1.0
-0.846057,50,618.769639,1.0
-1.491345,50,619.847201,1.0
-0.624973,50,620.918459,1.0
-0.730763,50,621.971081,1.0
-0.954498,50,623.038557,1.0
-1.171102,50,624.110694,1.0
-0.917121,50,625.181725,1.0
-0.784589,50,626.225921,1.0
-0.552328,50,627.273737,1.0
-1.435586,50,628.341127,1.0
-0.743289,50,629.435357,1.0
-0.780693,50,630.493057,1.0
-0.745725,50,631.561806,1.0
-1.045816,50,632.616208,1.0
-1.08567,50,633.703338,1.0
-0.677017,50,634.766904,1.0
-0.670171,50,635.828874,1.0
-0.641508,50,636.907846,1.0
-0.897431,50,642.935051,1.0
-1.022355,50,643.993181,1.0
-0.832206,50,645.064424,1.0
-0.908979,50,646.116285,1.0
-1.022866,50,647.198309,1.0
-0.883372,50,648.255462,1.0
-0.689933,50,649.3136,1.0
-0.863612,50,650.359216,1.0
-1.024511,50,651.456303,1.0
-0.864641,50,652.531263,1.0
-0.802013,50,653.586836,1.0
-0.885478,50,654.63472,1.0
-0.914137,50,655.709489,1.0
-0.745121,50,656.763988,1.0
-0.896455,50,657.845669,1.0
-0.761049,50,658.902958,1.0
-0.6798,50,660.002054,1.0
-0.86124,50,661.078855,1.0
-0.937093,50,662.14492,1.0
-0.634738,50,663.206047,1.0
-0.893477,50,664.277008,1.0
-0.834374,50,665.348314,1.0
-0.71342,50,666.410739,1.0
-0.75608,50,667.466201,1.0
-0.625098,50,668.53446,1.0
-0.516417,50,669.601236,1.0
-0.754062,50,670.690832,1.0
-0.632868,50,671.754146,1.0
-0.781037,50,672.824054,1.0
-0.999017,50,673.87981,1.0
-0.863616,50,674.947666,1.0
-0.696583,50,676.063398,1.0
-0.795991,50,677.147041,1.0
-0.876286,50,678.203136,1.0
-0.653435,50,679.25789,1.0
-1.226281,50,680.34039,1.0
-0.740031,50,681.441189,1.0
-0.802699,50,682.498598,1.0
-0.799098,50,683.564116,1.0
-0.784315,50,684.628565,1.0
-1.808005,50,690.528752,1.0
-0.758654,50,691.619884,1.0
-0.55053,50,692.714558,1.0
-0.761993,50,693.813356,1.0
-0.810011,50,694.905307,1.0
-0.631154,50,695.953693,1.0
-0.603588,50,697.010763,1.0
-0.710161,50,698.085021,1.0
-0.613642,50,699.161095,1.0
-0.545618,50,700.217786,1.0
-1.639529,50,701.298516,1.0
-0.761198,50,702.386487,1.0
-1.041326,50,703.461096,1.0
-0.847797,50,704.526823,1.0
-0.807,50,705.576062,1.0
-0.810442,50,706.630584,1.0
-0.954577,50,707.726269,1.0
-0.68932,50,708.812627,1.0
-0.80243,50,709.915189,1.0
-0.615715,50,710.981006,1.0
-0.608162,50,712.055329,1.0
-0.788317,50,713.143843,1.0
-0.745375,50,714.208027,1.0
-0.623235,50,715.282442,1.0
-0.709482,50,716.341547,1.0
-0.614381,50,717.382288,1.0
-0.854357,50,718.419741,1.0
-1.028403,50,719.468967,1.0
-0.801229,50,720.548886,1.0
-0.617621,50,721.642373,1.0
-0.672621,50,722.709671,1.0
-0.755699,50,723.770153,1.0
-0.73546,50,724.853766,1.0
-0.595181,50,725.925019,1.0
-0.69163,50,726.987724,1.0
-0.777678,50,728.05936,1.0
-0.994599,50,729.156952,1.0
-0.918242,50,730.233591,1.0
-0.816677,50,731.32994,1.0
-1.115349,50,732.412191,1.0
-0.758872,50,738.448295,1.0
-0.497523,50,739.522495,1.0
-0.675238,50,740.602504,1.0
-0.673274,50,741.666749,1.0
-0.436484,50,742.754281,1.0
-0.649026,50,743.812314,1.0
-0.83587,50,744.87199,1.0
-0.753194,50,745.947028,1.0
-0.506583,50,747.015472,1.0
-1.030888,50,748.089136,1.0
-0.645219,50,749.160523,1.0
-1.707267,50,750.244278,1.0
-0.548465,50,751.329162,1.0
-0.792424,50,752.399154,1.0
-1.05747,50,753.466192,1.0
-0.876422,50,754.54476,1.0
-0.430642,50,755.616479,1.0
-0.646082,50,756.695596,1.0
-0.601742,50,757.755244,1.0
-0.704694,50,758.813335,1.0
-0.702344,50,759.889672,1.0
-0.459623,50,760.939646,1.0
-0.4727,50,762.019115,1.0
-0.88961,50,763.090118,1.0
-1.106349,50,764.166079,1.0
-0.585101,50,765.228839,1.0
-0.851231,50,766.292919,1.0
-0.766196,50,767.341208,1.0
-0.958739,50,768.414351,1.0
-0.871085,50,769.472914,1.0
-0.659165,50,770.545403,1.0
-1.069344,50,771.630877,1.0
-0.886172,50,772.715461,1.0
-0.685565,50,773.763576,1.0
-0.737533,50,774.82867,1.0
-0.781404,50,775.885819,1.0
-0.724584,50,776.978409,1.0
-0.56926,50,778.03713,1.0
-1.241885,50,779.123443,1.0
-0.650426,50,780.191332,1.0
-0.72374,50,786.146695,1.0
-1.02068,50,787.220792,1.0
-0.633836,50,788.271504,1.0
-0.638937,50,789.345965,1.0
-0.676398,50,790.439125,1.0
-0.813647,50,791.495696,1.0
-0.6443,50,792.562584,1.0
-0.696955,50,793.624351,1.0
-0.553766,50,794.754285,1.0
-0.657324,50,795.834465,1.0
-0.729956,50,796.893614,1.0
-0.82238,50,797.974366,1.0
-0.52665,50,799.051102,1.0
-0.822825,50,800.117266,1.0
-0.718281,50,801.188006,1.0
-0.641272,50,802.250264,1.0
-0.972129,50,803.3485,1.0
-0.711069,50,804.401766,1.0
-1.30788,50,805.491321,1.0
-0.667209,50,806.557339,1.0
-1.686237,50,807.649424,1.0
-0.620923,50,808.70409,1.0
-1.137612,50,809.773807,1.0
-0.725763,50,810.846435,1.0
-0.510666,50,811.933955,1.0
-0.866293,50,813.009634,1.0
-0.844976,50,814.082136,1.0
-0.70241,50,815.139004,1.0
-0.737711,50,816.210528,1.0
-1.239724,50,817.296635,1.0
-1.832606,50,818.375457,1.0
-0.827009,50,819.448999,1.0
-1.20185,50,820.514415,1.0
-0.601687,50,821.571748,1.0
-1.417671,50,822.650491,1.0
-0.504095,50,823.721172,1.0
-0.61013,50,824.825913,1.0
-0.5587,50,825.896314,1.0
-0.82422,50,826.969724,1.0
-0.68288,50,828.039773,1.0
-0.601256,50,834.058786,1.0
-0.926907,50,835.113392,1.0
-0.681556,50,836.181357,1.0
-0.768176,50,837.239531,1.0
-0.87468,50,838.31608,1.0
-0.896214,50,839.37777,1.0
-0.595811,50,840.444639,1.0
-0.919383,50,841.537037,1.0
-0.869393,50,842.60847,1.0
-0.613185,50,843.656427,1.0
-0.518614,50,844.726794,1.0
-0.691555,50,845.816137,1.0
-0.761072,50,846.891393,1.0
-0.816346,50,847.968538,1.0
-0.794941,50,849.025016,1.0
-0.742424,50,850.121502,1.0
-0.808243,50,851.221337,1.0
-0.643354,50,852.306731,1.0
-0.815899,50,853.396525,1.0
-0.693905,50,854.472785,1.0
-0.777022,50,855.538313,1.0
-0.481289,50,856.601177,1.0
-0.665823,50,857.68739,1.0
-0.671913,50,858.762036,1.0
-0.561195,50,859.845429,1.0
-0.510146,50,860.931414,1.0
-0.735303,50,861.992857,1.0
-0.659694,50,863.054667,1.0
-0.801358,50,864.124654,1.0
-0.628142,50,865.18818,1.0
-0.58774,50,866.2278,1.0
-0.777545,50,867.283103,1.0
-0.745863,50,868.369327,1.0
-1.326796,50,869.46746,1.0
-0.889838,50,870.536382,1.0
-0.544174,50,871.612294,1.0
-0.553166,50,872.693103,1.0
-0.707035,50,873.753042,1.0
-0.657362,50,874.844267,1.0
-0.586782,50,875.899487,1.0
-0.77145,50,881.860088,1.0
-0.789328,50,882.917508,1.0
-0.712005,50,883.972185,1.0
-0.785538,50,885.064495,1.0
-0.55922,50,886.139794,1.0
-1.140688,50,887.218833,1.0
-1.621133,50,888.307146,1.0
-0.589462,50,889.376963,1.0
-0.724753,50,890.46258,1.0
-0.875454,50,891.515565,1.0
-0.615404,50,892.582238,1.0
-0.740894,50,893.654059,1.0
-0.729169,50,894.736208,1.0
-0.607621,50,895.804379,1.0
-0.601908,50,896.86869,1.0
-0.645311,50,897.935226,1.0
-0.898208,50,898.997636,1.0
-0.542459,50,900.071558,1.0
-0.695423,50,901.138883,1.0
-0.603326,50,902.223584,1.0
-1.038047,50,903.323111,1.0
-0.617784,50,904.409629,1.0
-0.739351,50,905.461986,1.0
-0.775922,50,906.528431,1.0
-0.638151,50,907.604506,1.0
-0.510871,50,908.672343,1.0
-0.639677,50,909.712297,1.0
-0.624092,50,910.753096,1.0
-0.829577,50,911.831061,1.0
-0.745117,50,912.891509,1.0
-0.758515,50,913.961497,1.0
-1.24309,50,915.046531,1.0
-0.877369,50,916.125783,1.0
-1.246654,50,917.206189,1.0
-0.499933,50,918.261286,1.0
-0.619259,50,919.314736,1.0
-1.612528,50,920.418506,1.0
-0.604629,50,921.490975,1.0
-0.846946,50,922.574752,1.0
-0.674723,50,923.641996,1.0
-1.805657,50,929.633764,1.0
-0.728489,50,930.701594,1.0
-0.630947,50,931.769349,1.0
-0.789918,50,932.826924,1.0
-0.895608,50,933.928642,1.0
-0.760965,50,935.005775,1.0
-0.630315,50,936.085014,1.0
-0.843932,50,937.154706,1.0
-0.897085,50,938.245778,1.0
-0.60186,50,939.305901,1.0
-0.548654,50,940.368777,1.0
-1.421218,50,941.460447,1.0
-0.711693,50,942.545038,1.0
-0.471667,50,943.606936,1.0
-0.750148,50,944.655747,1.0
-0.598087,50,945.714852,1.0
-1.728399,50,946.825654,1.0
-0.616897,50,947.883815,1.0
-0.631713,50,948.952801,1.0
-0.728204,50,950.0007,1.0
-0.580512,50,951.085253,1.0
-0.813887,50,952.1445,1.0
-0.708646,50,953.226522,1.0
-0.638603,50,954.31332,1.0
-0.756047,50,955.390637,1.0
-0.716551,50,956.475821,1.0
-0.689893,50,957.543079,1.0
-0.563,50,958.616614,1.0
-0.600255,50,959.696521,1.0
-0.685795,50,960.756535,1.0
-0.73866,50,961.82608,1.0
-0.778185,50,962.886448,1.0
-0.689658,50,963.978869,1.0
-0.805281,50,965.044917,1.0
-0.573132,50,966.115518,1.0
-0.820326,50,967.173676,1.0
-0.642971,50,968.241653,1.0
-0.751636,50,969.310927,1.0
-0.682434,50,970.363985,1.0
-0.44803,50,971.431598,1.0
-0.647156,50,977.326806,1.0
-0.594677,50,978.393145,1.0
-0.80178,50,979.460552,1.0
-0.752359,50,980.529174,1.0
-0.413007,50,981.610368,1.0
-0.706164,50,982.671562,1.0
-0.658992,50,983.730223,1.0
-0.816367,50,984.798389,1.0
-0.655098,50,985.895904,1.0
-1.399906,50,986.982477,1.0
-0.691478,50,988.041668,1.0
-0.468705,50,989.096826,1.0
-0.682234,50,990.195743,1.0
-0.662785,50,991.280184,1.0
-0.545074,50,992.343735,1.0
-0.790041,50,993.407158,1.0
-1.993733,50,994.50223,1.0
-0.605268,50,995.569244,1.0
-0.595361,50,996.656765,1.0
-0.695686,50,997.746156,1.0
-0.534057,50,998.868325,1.0
-1.072102,50,999.935684,1.0
-0.902494,50,1000.990866,1.0
-0.801668,50,1002.055489,1.0
-0.546963,50,1003.134081,1.0
-0.521544,50,1004.202783,1.0
-0.717587,50,1005.25791,1.0
-0.769713,50,1006.331972,1.0
-1.197974,50,1007.439963,1.0
-0.99048,50,1008.50849,1.0
-0.747861,50,1009.591993,1.0
-0.586275,50,1010.650011,1.0
-0.764095,50,1011.726464,1.0
-0.506171,50,1012.785959,1.0
-0.541587,50,1013.860772,1.0
-0.959811,50,1014.949763,1.0
-0.61947,50,1016.018171,1.0
-0.702364,50,1017.075407,1.0
-0.500624,50,1018.132668,1.0
-0.697704,50,1019.217996,1.0
-0.741477,50,1025.226687,1.0
-0.531834,50,1026.300606,1.0
-0.683007,50,1027.374145,1.0
-0.620981,50,1028.455889,1.0
-0.863082,50,1029.525992,1.0
-1.528304,50,1030.611948,1.0
-0.53152,50,1031.670254,1.0
-0.792539,50,1032.730368,1.0
-0.900876,50,1033.805988,1.0
-0.710521,50,1034.902906,1.0
-0.553154,50,1035.96959,1.0
-0.831192,50,1037.039214,1.0
-0.991851,50,1038.113221,1.0
-0.817903,50,1039.219322,1.0
-0.761139,50,1040.285964,1.0
-0.523677,50,1041.3626,1.0
-1.435355,50,1042.471299,1.0
-0.360963,50,1043.540735,1.0
-0.893561,50,1044.637423,1.0
-0.706121,50,1045.72066,1.0
-0.491713,50,1046.798541,1.0
-0.552847,50,1047.869629,1.0
-0.490177,50,1048.946936,1.0
-0.718942,50,1050.027413,1.0
-0.569925,50,1051.106278,1.0
-0.337796,50,1052.1624,1.0
-0.564588,50,1053.235616,1.0
-0.778662,50,1054.305331,1.0
-0.623785,50,1055.395389,1.0
-0.837853,50,1056.462911,1.0
-0.557134,50,1057.513574,1.0
-0.719258,50,1058.562425,1.0
-0.621745,50,1059.650172,1.0
-0.972202,50,1060.747654,1.0
-0.83906,50,1061.796919,1.0
-0.691315,50,1062.855812,1.0
-0.701098,50,1063.949719,1.0
-0.958845,50,1065.066055,1.0
-0.493231,50,1066.160927,1.0
-0.719595,50,1067.268629,1.0
-0.675148,50,1073.278639,1.0
-0.845342,50,1074.376561,1.0
-0.750658,50,1075.471889,1.0
-0.642749,50,1076.536705,1.0
-0.734618,50,1077.623889,1.0
-0.60969,50,1078.720381,1.0
-0.703847,50,1079.838794,1.0
-0.554502,50,1080.948962,1.0
-0.673818,50,1082.042104,1.0
-0.834872,50,1083.127223,1.0
-0.690481,50,1084.226392,1.0
-0.52044,50,1085.306053,1.0
-0.801603,50,1086.399919,1.0
-0.677314,50,1087.491281,1.0
-0.663678,50,1088.563035,1.0
-0.720034,50,1089.654179,1.0
-0.657979,50,1090.765741,1.0
-0.545182,50,1091.859401,1.0
-0.637687,50,1092.957377,1.0
-0.576698,50,1094.034538,1.0
-0.711584,50,1095.155976,1.0
-0.491292,50,1096.25499,1.0
-0.480206,50,1097.3339,1.0
-0.585504,50,1098.407336,1.0
-0.55547,50,1099.496496,1.0
-0.599665,50,1100.587151,1.0
-0.637284,50,1101.665783,1.0
-0.741783,50,1102.723458,1.0
-0.546156,50,1103.782624,1.0
-0.946744,50,1104.831209,1.0
-0.7126,50,1105.886516,1.0
-0.924665,50,1106.952634,1.0
-0.838767,50,1108.048299,1.0
-0.348481,50,1109.11097,1.0
-0.467138,50,1110.170693,1.0
-0.978488,50,1111.27844,1.0
-0.659092,50,1112.361161,1.0
-0.504141,50,1113.4231,1.0
-0.650074,50,1114.483179,1.0
-0.545214,50,1115.546184,1.0
-0.480786,50,1121.455973,1.0
-0.513787,50,1122.520551,1.0
-1.063318,50,1123.585932,1.0
-1.262269,50,1124.669348,1.0
-0.724821,50,1125.732778,1.0
-0.736618,50,1126.801049,1.0
-0.43833,50,1127.863435,1.0
-0.776612,50,1128.932081,1.0
-0.529951,50,1129.998051,1.0
-0.486493,50,1131.046831,1.0
-0.573936,50,1132.106725,1.0
-0.54501,50,1133.170389,1.0
-0.794357,50,1134.246576,1.0
-0.793551,50,1135.321452,1.0
-0.441306,50,1136.374551,1.0
-0.417503,50,1137.423963,1.0
-0.608045,50,1138.50041,1.0
-0.610096,50,1139.565995,1.0
-0.824751,50,1140.633131,1.0
-0.684476,50,1141.686733,1.0
-0.574435,50,1142.756215,1.0
-0.776354,50,1143.807218,1.0
-0.658403,50,1144.882836,1.0
-1.555177,50,1145.967716,1.0
-0.587188,50,1147.039814,1.0
-0.738994,50,1148.11947,1.0
-0.520107,50,1149.182719,1.0
-0.63372,50,1150.245181,1.0
-0.515503,50,1151.318942,1.0
-0.555305,50,1152.37881,1.0
-0.521837,50,1153.433983,1.0
-0.570965,50,1154.504984,1.0
-0.498004,50,1155.580653,1.0
-0.821797,50,1156.67003,1.0
-0.532697,50,1157.729918,1.0
-0.517338,50,1158.794046,1.0
-0.636646,50,1159.878282,1.0
-0.476774,50,1160.956828,1.0
-0.615837,50,1162.035668,1.0
-0.442075,50,1163.090465,1.0
-0.403969,50,1168.979552,1.0
-0.520298,50,1170.036938,1.0
-0.51207,50,1171.094826,1.0
-1.012726,50,1172.173832,1.0
-1.252119,50,1173.274498,1.0
-0.571112,50,1174.339968,1.0
-0.602613,50,1175.395431,1.0
-0.811528,50,1176.471748,1.0
-0.565326,50,1177.546473,1.0
-0.585039,50,1178.615972,1.0
-0.673254,50,1179.681158,1.0
-0.6237,50,1180.726369,1.0
-1.424973,50,1181.809364,1.0
-0.589227,50,1182.863978,1.0
-0.677248,50,1183.950298,1.0
-0.616372,50,1185.001004,1.0
-0.591648,50,1186.07046,1.0
-0.701848,50,1187.156322,1.0
-0.812734,50,1188.275556,1.0
-0.527386,50,1189.351175,1.0
-0.773813,50,1190.457751,1.0
-0.465437,50,1191.5289,1.0
-0.671865,50,1192.607766,1.0
-1.102439,50,1193.708916,1.0
-1.184034,50,1194.828128,1.0
-0.703475,50,1195.914911,1.0
-0.494355,50,1196.987696,1.0
-0.685874,50,1198.078126,1.0
-0.412336,50,1199.178346,1.0
-0.634534,50,1200.264228,1.0
-0.554208,50,1201.35186,1.0
-0.719598,50,1202.423529,1.0
-0.617846,50,1203.522874,1.0
-0.716107,50,1204.645092,1.0
-0.658512,50,1205.744566,1.0
-0.569762,50,1206.814823,1.0
-0.530158,50,1207.911738,1.0
-0.8186,50,1209.017629,1.0
-0.723851,50,1210.140054,1.0
-0.671305,50,1211.223386,1.0
-0.683162,50,1217.238471,1.0
-0.64559,50,1218.324555,1.0
-0.602125,50,1219.427374,1.0
-0.728359,50,1220.52053,1.0
-0.60428,50,1221.617299,1.0
-0.899478,50,1222.69962,1.0
-0.713331,50,1223.787731,1.0
-0.628371,50,1224.858808,1.0
-0.573322,50,1225.95147,1.0
-0.520204,50,1227.047046,1.0
-0.660039,50,1228.14943,1.0
-0.576183,50,1229.237955,1.0
-0.52401,50,1230.331324,1.0
-0.551035,50,1231.431768,1.0
-0.503582,50,1232.523273,1.0
-0.574289,50,1233.603807,1.0
-0.59195,50,1234.686145,1.0
-0.57315,50,1235.766353,1.0
-0.504984,50,1236.816246,1.0
-0.515232,50,1237.865882,1.0
-0.67403,50,1238.969638,1.0
-0.534339,50,1240.027694,1.0
-0.741694,50,1241.093811,1.0
-0.698814,50,1242.141686,1.0
-0.586671,50,1243.216538,1.0
-0.839785,50,1244.274058,1.0
-0.683721,50,1245.37438,1.0
-0.616113,50,1246.454053,1.0
-0.579282,50,1247.546546,1.0
-0.502723,50,1248.606604,1.0
-1.629986,50,1249.698082,1.0
-0.81675,50,1250.772111,1.0
-0.66315,50,1251.864877,1.0
-0.675582,50,1252.938453,1.0
-0.369061,50,1253.996246,1.0
-0.451865,50,1255.058326,1.0
-0.801652,50,1256.164541,1.0
-0.664108,50,1257.256539,1.0
-0.378434,50,1258.335929,1.0
-0.467979,50,1259.402865,1.0
-0.567222,50,1265.38254,1.0
-0.547221,50,1266.467954,1.0
-0.639042,50,1267.574934,1.0
-0.808956,50,1268.657239,1.0
-0.549643,50,1269.742575,1.0
-0.744255,50,1270.823739,1.0
-1.624548,50,1271.905304,1.0
-0.650257,50,1272.967283,1.0
-0.516103,50,1274.063495,1.0
-1.538682,50,1275.153629,1.0
-0.746908,50,1276.225524,1.0
-0.507726,50,1277.301895,1.0
-0.576264,50,1278.409399,1.0
-0.663568,50,1279.49949,1.0
-0.508708,50,1280.576395,1.0
-1.178372,50,1281.66484,1.0
-1.165083,50,1282.756787,1.0
-0.513979,50,1283.819245,1.0
-0.50208,50,1284.889914,1.0
-0.694223,50,1285.944208,1.0
-0.595821,50,1287.022408,1.0
-0.612507,50,1288.09263,1.0
-0.45424,50,1289.144533,1.0
-0.472393,50,1290.218446,1.0
-0.694661,50,1291.318928,1.0
-0.552947,50,1292.377199,1.0
-0.920344,50,1293.46895,1.0
-0.514479,50,1294.530933,1.0
-0.582394,50,1295.601296,1.0
-0.641314,50,1296.661898,1.0
-0.592919,50,1297.727866,1.0
-0.608385,50,1298.793848,1.0
-0.646709,50,1299.871047,1.0
-0.476892,50,1300.93784,1.0
-0.612109,50,1302.008475,1.0
-0.499648,50,1303.061736,1.0
-0.648797,50,1304.137961,1.0
-0.470094,50,1305.188633,1.0
-0.853176,50,1306.26792,1.0
-0.475519,50,1307.329552,1.0
-0.744545,50,1313.272599,1.0
-1.394032,50,1314.361746,1.0
-0.491525,50,1315.425323,1.0
-0.589944,50,1316.493018,1.0
-0.539827,50,1317.56452,1.0
-0.475007,50,1318.61821,1.0
-0.829802,50,1319.674737,1.0
-0.6607,50,1320.751028,1.0
-0.694266,50,1321.867756,1.0
-1.683609,50,1322.955165,1.0
-0.581121,50,1324.045349,1.0
-0.800941,50,1325.1143,1.0
-0.750874,50,1326.206027,1.0
-0.689509,50,1327.300255,1.0
-0.60313,50,1328.381113,1.0
-0.893864,50,1329.452433,1.0
-0.838232,50,1330.535225,1.0
-0.670072,50,1331.620325,1.0
-0.452444,50,1332.692872,1.0
-0.620467,50,1333.779537,1.0
-0.740867,50,1334.862915,1.0
-0.584153,50,1335.917387,1.0
-0.517065,50,1336.990325,1.0
-0.514418,50,1338.080033,1.0
-0.652188,50,1339.173459,1.0
-0.737274,50,1340.254989,1.0
-0.53146,50,1341.335342,1.0
-0.583225,50,1342.404041,1.0
-0.473327,50,1343.481806,1.0
-0.594229,50,1344.551155,1.0
-0.765736,50,1345.632361,1.0
-0.544108,50,1346.685382,1.0
-0.551425,50,1347.760939,1.0
-0.730807,50,1348.815687,1.0
-0.568437,50,1349.882293,1.0
-0.63519,50,1350.957003,1.0
-0.478993,50,1352.030052,1.0
-0.567492,50,1353.077063,1.0
-0.739801,50,1354.128204,1.0
-0.828574,50,1355.195837,1.0
-0.820594,50,1361.152615,1.0
-0.528282,50,1362.210735,1.0
-0.908784,50,1363.280351,1.0
-0.662926,50,1364.345584,1.0
-0.63402,50,1365.417753,1.0
-0.675989,50,1366.483663,1.0
-0.759311,50,1367.583622,1.0
-0.705806,50,1368.643965,1.0
-0.588143,50,1369.719027,1.0
-0.498166,50,1370.770951,1.0
-0.931193,50,1371.855959,1.0
-0.765749,50,1372.920326,1.0
-0.74674,50,1374.000007,1.0
-0.823164,50,1375.06544,1.0
-0.716949,50,1376.132949,1.0
-0.602227,50,1377.191209,1.0
-0.612197,50,1378.282958,1.0
-0.559834,50,1379.379216,1.0
-0.570823,50,1380.45548,1.0
-0.74596,50,1381.550972,1.0
-0.591368,50,1382.648569,1.0
-0.61772,50,1383.714719,1.0
-0.420768,50,1384.803618,1.0
-0.690632,50,1385.906672,1.0
-0.648223,50,1387.028308,1.0
-0.745733,50,1388.096474,1.0
-0.641479,50,1389.176107,1.0
-1.460761,50,1390.292286,1.0
-0.603161,50,1391.381977,1.0
-0.51646,50,1392.470457,1.0
-0.545726,50,1393.555273,1.0
-0.540573,50,1394.630395,1.0
-0.729525,50,1395.728501,1.0
-0.703436,50,1396.822333,1.0
-1.433424,50,1397.935132,1.0
-0.71169,50,1399.029167,1.0
-0.705211,50,1400.12359,1.0
-0.532358,50,1401.20297,1.0
-0.820346,50,1402.279333,1.0
-0.529773,50,1403.34341,1.0
-0.696215,50,1409.305549,1.0
-0.567939,50,1410.35556,1.0
-0.729308,50,1411.426477,1.0
-0.51105,50,1412.485339,1.0
-0.401174,50,1413.570483,1.0
-0.56188,50,1414.642002,1.0
-0.668877,50,1415.707302,1.0
-0.638838,50,1416.76493,1.0
-0.679903,50,1417.840681,1.0
-0.629826,50,1418.90813,1.0
-0.772294,50,1420.006804,1.0
-0.721042,50,1421.079177,1.0
-0.546256,50,1422.154225,1.0
-0.490852,50,1423.221042,1.0
-0.916101,50,1424.309504,1.0
-1.355389,50,1425.386312,1.0
-0.705261,50,1426.460247,1.0
-0.619853,50,1427.520216,1.0
-1.019525,50,1428.619223,1.0
-0.730482,50,1429.691011,1.0
-0.441189,50,1430.77624,1.0
-0.574073,50,1431.840199,1.0
-0.637186,50,1432.921052,1.0
-0.728587,50,1434.030812,1.0
-0.661425,50,1435.135698,1.0
-0.587328,50,1436.21549,1.0
-0.783511,50,1437.28312,1.0
-0.484501,50,1438.344229,1.0
-0.716857,50,1439.436944,1.0
-0.71745,50,1440.509694,1.0
-0.444768,50,1441.592179,1.0
-0.511883,50,1442.669658,1.0
-0.4973,50,1443.747409,1.0
-0.474771,50,1444.816288,1.0
-0.637099,50,1445.884317,1.0
-1.707075,50,1446.989853,1.0
-0.655975,50,1448.079403,1.0
-0.595453,50,1449.126012,1.0
-0.496715,50,1450.176935,1.0
-0.639547,50,1451.229305,1.0
-1.041245,50,1457.183437,1.0
-0.74781,50,1458.241171,1.0
-0.552907,50,1459.303162,1.0
-0.5181,50,1460.363791,1.0
-0.738811,50,1461.441581,1.0
-0.394366,50,1462.512708,1.0
-0.642013,50,1463.601036,1.0
-0.68992,50,1464.690051,1.0
-1.563859,50,1465.800202,1.0
-0.6912,50,1466.876518,1.0
-0.559556,50,1467.950631,1.0
-0.76306,50,1469.027168,1.0
-0.526494,50,1470.143635,1.0
-0.479943,50,1471.21641,1.0
-0.784621,50,1472.280494,1.0
-0.827418,50,1473.333251,1.0
-0.771518,50,1474.40293,1.0
-0.796151,50,1475.499152,1.0
-0.610024,50,1476.575952,1.0
-0.456262,50,1477.626961,1.0
-0.509027,50,1478.707042,1.0
-0.665536,50,1479.76774,1.0
-0.510793,50,1480.82146,1.0
-0.682463,50,1481.893631,1.0
-0.536758,50,1482.963785,1.0
-0.46421,50,1484.021385,1.0
-0.534275,50,1485.077662,1.0
-0.683624,50,1486.155755,1.0
-1.527813,50,1487.280731,1.0
-0.559688,50,1488.355451,1.0
-0.630452,50,1489.425565,1.0
-0.612379,50,1490.494322,1.0
-0.733136,50,1491.554047,1.0
-0.575814,50,1492.624676,1.0
-0.560461,50,1493.67663,1.0
-0.767447,50,1494.772656,1.0
-0.708324,50,1495.84408,1.0
-1.047648,50,1496.936064,1.0
-0.650732,50,1498.010237,1.0
-0.605996,50,1499.061638,1.0
-0.535919,50,1505.037567,1.0
-0.563358,50,1506.108094,1.0
-0.674612,50,1507.164659,1.0
-0.523173,50,1508.239241,1.0
-0.557038,50,1509.32657,1.0
-0.597891,50,1510.397921,1.0
-0.699396,50,1511.455046,1.0
-0.610385,50,1512.518775,1.0
-0.690155,50,1513.609967,1.0
-0.689056,50,1514.676632,1.0
-0.5967,50,1515.747036,1.0
-0.373945,50,1516.818988,1.0
-0.996482,50,1517.931043,1.0
-0.77389,50,1519.018506,1.0
-0.62184,50,1520.114392,1.0
-0.666855,50,1521.187208,1.0
-0.762454,50,1522.312976,1.0
-0.751448,50,1523.412455,1.0
-0.627118,50,1524.48602,1.0
-0.609453,50,1525.558103,1.0
-0.756794,50,1526.659235,1.0
-0.67467,50,1527.714206,1.0
-0.577991,50,1528.769886,1.0
-0.683725,50,1529.848913,1.0
-0.608987,50,1530.952317,1.0
-0.901375,50,1532.049694,1.0
-0.500728,50,1533.102465,1.0
-0.465444,50,1534.159557,1.0
-0.88411,50,1535.282325,1.0
-0.676126,50,1536.34623,1.0
-0.598885,50,1537.41495,1.0
-0.614488,50,1538.468005,1.0
-0.722973,50,1539.536825,1.0
-0.749397,50,1540.628699,1.0
-0.517224,50,1541.707303,1.0
-0.445455,50,1542.775747,1.0
-0.446478,50,1543.844679,1.0
-0.481776,50,1544.894123,1.0
-0.685708,50,1545.968697,1.0
-0.449138,50,1547.056384,1.0
-0.780665,50,1553.06951,1.0
-0.561886,50,1554.163933,1.0
-0.413734,50,1555.234643,1.0
-0.678391,50,1556.298359,1.0
-0.633909,50,1557.384279,1.0
-0.829333,50,1558.48718,1.0
-0.442062,50,1559.574583,1.0
-0.746332,50,1560.651055,1.0
-0.757762,50,1561.756521,1.0
-0.891329,50,1562.861301,1.0
-0.655085,50,1563.96484,1.0
-0.690151,50,1565.032524,1.0
-0.583821,50,1566.101665,1.0
-0.689595,50,1567.150307,1.0
-0.508866,50,1568.196167,1.0
-0.980505,50,1569.264012,1.0
-0.682413,50,1570.333339,1.0
-0.544842,50,1571.386737,1.0
-0.606052,50,1572.459863,1.0
-0.540106,50,1573.506599,1.0
-0.591608,50,1574.585341,1.0
-0.66803,50,1575.667682,1.0
-0.612774,50,1576.737752,1.0
-0.66204,50,1577.811091,1.0
-1.831101,50,1578.906729,1.0
-0.428331,50,1580.003599,1.0
-0.720875,50,1581.107749,1.0
-0.414853,50,1582.202441,1.0
-0.573746,50,1583.302471,1.0
-0.603535,50,1584.391294,1.0
-0.532597,50,1585.484119,1.0
-0.573257,50,1586.581143,1.0
-0.628684,50,1587.672749,1.0
-0.60416,50,1588.733577,1.0
-0.564616,50,1589.800975,1.0
-0.682815,50,1590.885744,1.0
-0.632125,50,1592.000466,1.0
-0.709618,50,1593.075343,1.0
-0.744524,50,1594.169454,1.0
-0.826253,50,1595.28,1.0
-0.531129,50,1601.429646,1.0
-0.640243,50,1602.493289,1.0
-0.5401,50,1603.562169,1.0
-0.927013,50,1604.61751,1.0
-0.787437,50,1605.716705,1.0
-0.704074,50,1606.793115,1.0
-0.597262,50,1607.859416,1.0
-0.648361,50,1608.920434,1.0
-0.773099,50,1610.025306,1.0
-0.547864,50,1611.10142,1.0
-0.666947,50,1612.170772,1.0
-0.451959,50,1613.229853,1.0
-0.634777,50,1614.298535,1.0
-0.670621,50,1615.377147,1.0
-0.561823,50,1616.43979,1.0
-0.597655,50,1617.517938,1.0
-0.591494,50,1618.585438,1.0
-0.942681,50,1619.640835,1.0
-0.790837,50,1620.735633,1.0
-0.811478,50,1621.823975,1.0
-0.572665,50,1622.899824,1.0
-0.441808,50,1623.96025,1.0
-0.401527,50,1625.01335,1.0
-1.25405,50,1626.101123,1.0
-0.659145,50,1627.187967,1.0
-0.606142,50,1628.262706,1.0
-0.633417,50,1629.316824,1.0
-0.687915,50,1630.377956,1.0
-0.473711,50,1631.459934,1.0
-0.561071,50,1632.516665,1.0
-0.41619,50,1633.572995,1.0
-0.608093,50,1634.633216,1.0
-0.485191,50,1635.694774,1.0
-0.65417,50,1636.770353,1.0
-0.73322,50,1637.831989,1.0
-0.633331,50,1638.889091,1.0
-0.674745,50,1639.970794,1.0
-0.476605,50,1641.042947,1.0
-0.651393,50,1642.112248,1.0
-0.563042,50,1643.191257,1.0
-0.760908,50,1649.083605,1.0
-0.731122,50,1650.160379,1.0
-0.541913,50,1651.235515,1.0
-1.100955,50,1652.331795,1.0
-0.554023,50,1653.405378,1.0
-0.54103,50,1654.468765,1.0
-0.672846,50,1655.552537,1.0
-0.84394,50,1656.613989,1.0
-0.64821,50,1657.701978,1.0
-0.56527,50,1658.757035,1.0
-0.567212,50,1659.815651,1.0
-0.554266,50,1660.888169,1.0
-0.807747,50,1661.977937,1.0
-0.856041,50,1663.051179,1.0
-0.414245,50,1664.108338,1.0
-0.7355,50,1665.170814,1.0
-0.525566,50,1666.272891,1.0
-0.795574,50,1667.349573,1.0
-0.455098,50,1668.41153,1.0
-0.74445,50,1669.469558,1.0
-0.543898,50,1670.535725,1.0
-1.429118,50,1671.61939,1.0
-0.634081,50,1672.700262,1.0
-0.615614,50,1673.766081,1.0
-0.606718,50,1674.845811,1.0
-0.54094,50,1675.905827,1.0
-0.685497,50,1676.976983,1.0
-0.594875,50,1678.054431,1.0
-0.555585,50,1679.16485,1.0
-0.557902,50,1680.246426,1.0
-0.569562,50,1681.343863,1.0
-0.600596,50,1682.428752,1.0
-0.686929,50,1683.531688,1.0
-0.423659,50,1684.608418,1.0
-0.542334,50,1685.666124,1.0
-0.504596,50,1686.72696,1.0
-1.400544,50,1687.841515,1.0
-0.615205,50,1688.913086,1.0
-0.535578,50,1689.983694,1.0
-0.678462,50,1691.053227,1.0
-1.291468,50,1697.049948,1.0
-0.901611,50,1698.153206,1.0
-0.907399,50,1699.221741,1.0
-0.48778,50,1700.280718,1.0
-0.674318,50,1701.372588,1.0
-0.67268,50,1702.428118,1.0
-0.620842,50,1703.51272,1.0
-0.749151,50,1704.601309,1.0
-0.639526,50,1705.684009,1.0
-0.788165,50,1706.746983,1.0
-0.558933,50,1707.799516,1.0
-0.53808,50,1708.847367,1.0
-0.521154,50,1709.928626,1.0
-0.560045,50,1711.010432,1.0
-0.688155,50,1712.07329,1.0
-1.27644,50,1713.146583,1.0
-0.617929,50,1714.220227,1.0
-0.670128,50,1715.283442,1.0
-0.698411,50,1716.356648,1.0
-0.627936,50,1717.421432,1.0
-0.819402,50,1718.492149,1.0
-0.732398,50,1719.551424,1.0
-0.69671,50,1720.635808,1.0
-1.455309,50,1721.72518,1.0
-0.568528,50,1722.814278,1.0
-0.476919,50,1723.859086,1.0
-0.712623,50,1724.935041,1.0
-0.611215,50,1726.02276,1.0
-0.552778,50,1727.141454,1.0
-0.743586,50,1728.222651,1.0
-0.633693,50,1729.297156,1.0
-0.753192,50,1730.369081,1.0
-0.627479,50,1731.493641,1.0
-0.559311,50,1732.575405,1.0
-0.708357,50,1733.683371,1.0
-0.671672,50,1734.756244,1.0
-1.121443,50,1735.859786,1.0
-0.557754,50,1736.916811,1.0
-0.744682,50,1737.992667,1.0
-0.574777,50,1739.069406,1.0
-0.687151,50,1745.043947,1.0
-0.664517,50,1746.116392,1.0
-0.580692,50,1747.181028,1.0
-0.53766,50,1748.255985,1.0
-0.619849,50,1749.356612,1.0
-0.673183,50,1750.432819,1.0
-1.075876,50,1751.533376,1.0
-0.684938,50,1752.620552,1.0
-0.692894,50,1753.715923,1.0
-0.531157,50,1754.799457,1.0
-0.481043,50,1755.872257,1.0
-0.551054,50,1756.93823,1.0
-0.781293,50,1758.040601,1.0
-0.556185,50,1759.120652,1.0
-0.677236,50,1760.192025,1.0
-0.535547,50,1761.268889,1.0
-0.780028,50,1762.356438,1.0
-0.602124,50,1763.45656,1.0
-0.597932,50,1764.537172,1.0
-0.580913,50,1765.619417,1.0
-0.692767,50,1766.714394,1.0
-0.635613,50,1767.783281,1.0
-0.900847,50,1768.891029,1.0
-0.6403,50,1770.005775,1.0
-0.858106,50,1771.124687,1.0
-0.599654,50,1772.207564,1.0
-0.561979,50,1773.286147,1.0
-0.623357,50,1774.381751,1.0
-0.447529,50,1775.495626,1.0
-0.490953,50,1776.569657,1.0
-0.691795,50,1777.632228,1.0
-0.396137,50,1778.697459,1.0
-0.559349,50,1779.799757,1.0
-0.589685,50,1780.889155,1.0
-0.701751,50,1781.968926,1.0
-1.04192,50,1783.058239,1.0
-0.573938,50,1784.15406,1.0
-0.496286,50,1785.240979,1.0
-0.621217,50,1786.331016,1.0
-0.904186,50,1787.434527,1.0
-0.48435,50,1793.492959,1.0
-0.684528,50,1794.586685,1.0
-0.499487,50,1795.688875,1.0
-0.643178,50,1796.793783,1.0
-1.004107,50,1797.927913,1.0
-0.747536,50,1798.994547,1.0
-0.545321,50,1800.070738,1.0
-0.538741,50,1801.149709,1.0
-0.503313,50,1802.232716,1.0
-0.75552,50,1803.310858,1.0
-0.735214,50,1804.393315,1.0
-0.609921,50,1805.479932,1.0
-0.411586,50,1806.589369,1.0
-0.746675,50,1807.688471,1.0
-0.657942,50,1808.760675,1.0
-0.635282,50,1809.834921,1.0
-0.444374,50,1810.928725,1.0
-0.670552,50,1811.992523,1.0
-0.615031,50,1813.077084,1.0
-0.846247,50,1814.15433,1.0
-0.44997,50,1815.237379,1.0
-0.763823,50,1816.321479,1.0
-1.113714,50,1817.415776,1.0
-0.605628,50,1818.489241,1.0
-0.727919,50,1819.561778,1.0
-0.838495,50,1820.614037,1.0
-0.688896,50,1821.691171,1.0
-0.651518,50,1822.759437,1.0
-0.342273,50,1823.848608,1.0
-1.250606,50,1824.926431,1.0
-0.729702,50,1825.981356,1.0
-0.423447,50,1827.029985,1.0
-0.501682,50,1828.118161,1.0
-0.598745,50,1829.174617,1.0
-0.555403,50,1830.229574,1.0
-0.666377,50,1831.292372,1.0
-0.650836,50,1832.382215,1.0
-0.521121,50,1833.468434,1.0
-0.67216,50,1834.537339,1.0
-0.608631,50,1835.621465,1.0
-0.689937,50,1841.545254,1.0
-0.712183,50,1842.619825,1.0
-0.495152,50,1843.67226,1.0
-0.636508,50,1844.778458,1.0
-0.756236,50,1845.902695,1.0
-0.601027,50,1846.992839,1.0
-0.602238,50,1848.086125,1.0
-0.604416,50,1849.189387,1.0
-0.642204,50,1850.304492,1.0
-0.554105,50,1851.382823,1.0
-0.608911,50,1852.463799,1.0
-0.573043,50,1853.517975,1.0
-0.736266,50,1854.616828,1.0
-0.54899,50,1855.672539,1.0
-0.435145,50,1856.731744,1.0
-0.708771,50,1857.804185,1.0
-0.404,50,1858.877872,1.0
-0.630241,50,1859.937139,1.0
-0.441868,50,1861.002848,1.0
-0.457027,50,1862.082964,1.0
-0.477602,50,1863.167752,1.0
-0.915864,50,1864.21621,1.0
-0.686627,50,1865.280772,1.0
-0.608151,50,1866.339819,1.0
-0.808471,50,1867.415001,1.0
-0.784167,50,1868.487593,1.0
-0.508592,50,1869.579446,1.0
-1.719764,50,1870.667398,1.0
-0.490757,50,1871.747567,1.0
-0.90838,50,1872.804867,1.0
-0.604146,50,1873.86195,1.0
-0.685365,50,1874.941194,1.0
-0.420243,50,1876.063523,1.0
-0.384935,50,1877.144337,1.0
-0.446625,50,1878.218015,1.0
-0.619511,50,1879.291383,1.0
-0.608328,50,1880.396452,1.0
-0.625201,50,1881.502897,1.0
-0.401271,50,1882.565452,1.0
-0.554311,50,1883.641366,1.0
-0.638812,50,1889.668996,1.0
-1.565107,50,1890.755392,1.0
-0.325059,50,1891.831697,1.0
-1.589848,50,1892.924893,1.0
-0.598377,50,1893.998379,1.0
-0.802853,50,1895.083457,1.0
-0.585008,50,1896.14014,1.0
-0.680393,50,1897.202761,1.0
-0.766803,50,1898.278587,1.0
-0.632772,50,1899.346696,1.0
-0.622514,50,1900.39848,1.0
-0.689175,50,1901.459001,1.0
-0.505151,50,1902.531837,1.0
-0.490011,50,1903.602957,1.0
-0.509878,50,1904.674049,1.0
-0.854206,50,1905.763308,1.0
-0.802072,50,1906.849918,1.0
-0.33986,50,1907.918425,1.0
-0.683148,50,1908.979662,1.0
-0.653051,50,1910.031589,1.0
-0.634215,50,1911.135831,1.0
-0.728967,50,1912.197048,1.0
-0.96798,50,1913.274571,1.0
-0.627365,50,1914.332882,1.0
-0.535488,50,1915.407738,1.0
-1.351813,50,1916.490433,1.0
-0.596333,50,1917.560765,1.0
-0.571524,50,1918.634085,1.0
-0.584012,50,1919.701077,1.0
-0.638235,50,1920.757153,1.0
-1.834742,50,1921.861732,1.0
-0.759964,50,1922.929167,1.0
-0.471426,50,1924.0073,1.0
-0.672338,50,1925.074835,1.0
-0.760578,50,1926.12583,1.0
-0.598889,50,1927.180949,1.0
-1.373188,50,1928.266373,1.0
-0.442297,50,1929.337787,1.0
-0.507746,50,1930.387039,1.0
-0.658022,50,1931.454884,1.0
-0.617786,50,1937.347837,1.0
-0.693139,50,1938.401935,1.0
-0.677046,50,1939.468219,1.0
-0.703671,50,1940.536334,1.0
-0.597464,50,1941.609283,1.0
-0.561302,50,1942.666724,1.0
-0.621971,50,1943.71775,1.0
-0.61935,50,1944.785539,1.0
-0.542576,50,1945.86841,1.0
-0.636578,50,1946.938058,1.0
-0.489991,50,1947.9893,1.0
-0.618468,50,1949.046405,1.0
-0.753086,50,1950.118834,1.0
-0.506442,50,1951.186156,1.0
-0.659089,50,1952.247447,1.0
-0.459127,50,1953.303698,1.0
-0.536804,50,1954.371168,1.0
-0.568633,50,1955.421602,1.0
-0.506622,50,1956.489676,1.0
-0.730684,50,1957.583244,1.0
-0.52142,50,1958.655429,1.0
-0.446511,50,1959.709214,1.0
-0.730847,50,1960.761634,1.0
-0.521509,50,1961.846494,1.0
-0.855594,50,1962.950572,1.0
-0.618909,50,1964.013641,1.0
-0.654457,50,1965.090137,1.0
-0.576287,50,1966.161602,1.0
-0.542942,50,1967.267175,1.0
-0.58524,50,1968.347555,1.0
-0.918406,50,1969.428381,1.0
-0.503172,50,1970.500726,1.0
-0.61749,50,1971.606133,1.0
-0.527259,50,1972.683151,1.0
-0.468185,50,1973.752455,1.0
-0.620499,50,1974.820118,1.0
-1.226318,50,1975.924223,1.0
-0.535792,50,1976.98997,1.0
-0.682222,50,1978.089716,1.0
-0.62852,50,1979.209111,1.0
-0.499976,50,1985.163247,1.0
-0.516368,50,1986.21373,1.0
-0.741681,50,1987.264467,1.0
-0.444527,50,1988.319162,1.0
-1.02165,50,1989.435505,1.0
-0.502724,50,1990.50845,1.0
-0.530488,50,1991.581373,1.0
-0.509024,50,1992.632832,1.0
-0.496869,50,1993.693368,1.0
-0.665975,50,1994.762868,1.0
-0.70588,50,1995.825098,1.0
-1.389612,50,1996.926043,1.0
-1.747856,50,1998.011438,1.0
-1.048923,50,1999.084047,1.0
-0.438598,50,2000.146865,1.0
-0.517104,50,2001.218945,1.0
-0.472507,50,2002.316374,1.0
-0.72027,50,2003.36378,1.0
-0.646093,50,2004.423836,1.0
-0.583335,50,2005.494351,1.0
-0.395162,50,2006.571746,1.0
-1.643601,50,2007.64835,1.0
-0.590985,50,2008.705642,1.0
-0.378951,50,2009.765883,1.0
-0.778162,50,2010.879408,1.0
-0.47919,50,2011.944723,1.0
-0.755239,50,2013.00588,1.0
-0.749354,50,2014.063757,1.0
-0.713939,50,2015.15832,1.0
-1.235161,50,2016.254734,1.0
-0.612827,50,2017.34901,1.0
-0.395788,50,2018.403681,1.0
-0.503164,50,2019.479053,1.0
-0.449281,50,2020.544973,1.0
-0.528179,50,2021.606503,1.0
-0.502221,50,2022.671468,1.0
-0.517637,50,2023.740742,1.0
-0.553084,50,2024.811705,1.0
-0.530339,50,2025.887176,1.0
-0.705579,50,2026.962866,1.0
