#{"t_start": 1783191656.153166, "env_id": "FetchReachDense-v3"}
r,l,t,is_success
-32.57453,50,8.638503,0.0
-27.668297,50,8.710731,0.0
-27.234094,50,8.78318,0.0
-30.694131,50,8.856221,0.0
-38.947467,50,8.942225,0.0
-24.421273,50,9.013906,0.0
-27.268711,50,9.087579,0.0
-21.976194,50,9.161369,0.0
-33.34093,50,9.246747,0.0
-20.493448,50,9.318863,0.0
-23.958587,50,9.392261,0.0
-26.508271,50,9.464458,0.0
-28.378457,50,9.547161,0.0
-28.430039,50,9.619203,0.0
-21.99341,50,9.690982,0.0
-23.941308,50,9.763138,0.0
-29.668366,50,9.844141,0.0
-23.191349,50,9.916573,0.0
-22.40345,50,9.989631,0.0
-36.55122,50,10.062688,0.0
-19.799366,50,11.534595,0.0
-41.640283,50,11.987573,0.0
-28.209837,50,12.439473,0.0
-26.217542,50,12.891118,0.0
-30.760268,50,13.418548,0.0
-30.442574,50,13.877718,0.0
-36.463269,50,14.3313,0.0
-30.400281,50,14.78328,0.0
-23.204798,50,15.286566,0.0
-20.564486,50,15.869954,0.0
-24.366318,50,16.322248,0.0
-18.679939,50,16.774201,0.0
-27.685011,50,17.270402,0.0
-29.656412,50,17.722702,0.0
-30.05389,50,18.175159,0.0
-30.982834,50,18.630304,0.0
-20.471858,50,19.122092,0.0
-17.869783,50,19.578664,0.0
-22.971151,50,20.031325,0.0
-29.408145,50,20.483923,0.0
-27.842938,50,22.977188,0.0
-21.745879,50,23.429514,0.0
-20.192093,50,23.882882,0.0
-23.977399,50,24.336942,0.0
-25.707221,50,24.836267,0.0
-25.14777,50,25.289456,0.0
-26.546466,50,25.74351,0.0
-24.057177,50,26.196117,0.0
-26.905361,50,26.683741,0.0
-28.514197,50,27.13657,0.0
-25.254878,50,27.588674,0.0
-14.784334,50,28.041501,0.0
-15.343455,50,28.535848,0.0
-20.525714,50,28.992232,0.0
-19.232386,50,29.445377,0.0
-17.849385,50,29.898856,0.0
-19.578833,50,30.384081,0.0
-18.763211,50,30.836708,0.0
-19.866648,50,31.289437,0.0
-23.674157,50,31.746497,0.0
-23.080544,50,32.235573,0.0
-17.925318,50,32.68824,0.0
-18.117513,50,33.141148,0.0
-18.34441,50,33.594484,0.0
-16.475629,50,34.077438,0.0
-12.92109,50,34.53001,0.0
-8.531188,50,34.982705,0.0
-18.393673,50,35.435318,0.0
-18.015805,50,35.919266,0.0
-13.767336,50,36.372391,0.0
-15.363868,50,36.828014,0.0
-14.855058,50,37.282005,0.0
-8.476187,50,37.767395,0.0
-10.507991,50,38.222871,0.0
-12.297177,50,38.676023,0.0
-14.92644,50,39.126984,0.0
-8.475142,50,39.611008,0.0
-10.134326,50,40.062064,0.0
-16.747867,50,40.513008,0.0
-19.852724,50,40.9641,0.0
-14.535857,50,43.427568,0.0
-14.632408,50,43.880088,0.0
-6.959062,50,44.332072,0.0
-15.812078,50,44.785254,0.0
-13.723391,50,45.248004,0.0
-11.290041,50,45.70115,0.0
-8.773981,50,46.152205,0.0
-17.787062,50,46.606163,0.0
-16.051371,50,47.073065,0.0
-16.091425,50,47.52882,0.0
-6.396325,50,47.980124,1.0
-14.460029,50,48.43323,0.0
-14.757909,50,48.902979,0.0
-8.395053,50,49.359633,0.0
-12.691231,50,49.814187,0.0
-13.365502,50,50.270877,0.0
-12.498283,50,50.74967,0.0
-8.603487,50,51.202538,0.0
-13.602296,50,51.660444,0.0
-11.072469,50,52.117603,0.0
-7.973737,50,52.583299,0.0
-7.865777,50,53.038172,0.0
-12.328482,50,53.489275,0.0
-6.281897,50,53.944574,0.0
-7.9428,50,54.414116,0.0
-13.408255,50,54.867195,0.0
-5.664994,50,55.323973,0.0
-12.188672,50,55.778309,0.0
-5.029458,50,56.248055,0.0
-6.550738,50,56.704614,1.0
-6.51852,50,57.155141,0.0
-5.483512,50,57.606071,0.0
-7.329927,50,58.082101,0.0
-8.62146,50,58.537177,0.0
-5.614093,50,58.994113,1.0
-7.645016,50,59.450279,0.0
-8.713027,50,59.925378,0.0
-12.408252,50,60.378862,0.0
-6.655309,50,60.829232,1.0
-10.491756,50,61.284651,0.0
-7.28167,50,63.778285,0.0
-13.729524,50,64.234893,0.0
-6.221361,50,64.690631,1.0
-7.544551,50,65.149504,0.0
-5.875457,50,65.642055,0.0
-3.72793,50,66.096624,1.0
-12.430058,50,66.552583,0.0
-13.887121,50,67.008152,0.0
-6.659711,50,67.477595,1.0
-8.337806,50,67.935489,0.0
-8.359302,50,68.393434,0.0
-12.606348,50,68.851725,0.0
-10.914733,50,69.327745,0.0
-9.941521,50,69.779643,0.0
-6.476891,50,70.232578,0.0
-5.435992,50,70.685731,0.0
-4.917925,50,71.166637,0.0
-7.836002,50,71.621634,0.0
-5.843305,50,72.074545,0.0
-14.272889,50,72.531083,0.0
-8.680906,50,73.027758,0.0
-7.679204,50,73.480781,0.0
-4.731207,50,73.933794,1.0
-5.713023,50,74.387059,0.0
-9.126054,50,74.879305,0.0
-12.025224,50,75.33648,0.0
-6.263384,50,75.792363,0.0
-9.511691,50,76.247143,0.0
-9.845833,50,76.739311,0.0
-15.326829,50,77.193584,0.0
-9.373196,50,77.648852,0.0
-8.800665,50,78.102876,0.0
-13.149921,50,78.585094,0.0
-6.902846,50,79.039229,1.0
-10.262206,50,79.493686,0.0
-12.840005,50,79.947278,0.0
-10.344056,50,80.446838,0.0
-6.104033,50,80.899803,0.0
-14.045454,50,81.352915,0.0
-5.369412,50,81.806247,1.0
-11.499033,50,84.28236,0.0
-6.230814,50,84.735019,0.0
-5.795538,50,85.190839,0.0
-5.479468,50,85.644994,0.0
-5.84543,50,86.127367,1.0
-16.129173,50,86.585903,0.0
-11.762701,50,87.039429,0.0
-6.056631,50,87.49196,0.0
-5.320867,50,87.973243,1.0
-10.331985,50,88.428317,0.0
-4.415688,50,88.88114,0.0
-7.013713,50,89.334159,0.0
-13.405283,50,89.815202,0.0
-6.027057,50,90.267593,0.0
-5.099929,50,90.721686,0.0
-7.3209,50,91.17555,0.0
-8.373245,50,91.65867,0.0
-11.392061,50,92.123569,0.0
-9.390977,50,92.576364,0.0
-8.818778,50,93.028378,0.0
-14.667536,50,93.507308,0.0
-10.490115,50,93.960607,0.0
-11.11002,50,94.415593,0.0
-7.877261,50,94.869006,0.0
-7.812131,50,95.344856,0.0
-8.440766,50,95.799701,0.0
-5.184207,50,96.255719,0.0
-5.411277,50,96.70821,0.0
-4.534268,50,97.187054,0.0
-8.578961,50,97.641677,0.0
-10.173806,50,98.095196,0.0
-11.872434,50,98.553212,0.0
-8.535885,50,99.029698,0.0
-6.73186,50,99.4837,0.0
-14.286974,50,99.934775,0.0
-13.342357,50,100.389823,0.0
-8.602195,50,100.86366,0.0
-7.347096,50,101.319454,0.0
-8.81499,50,101.773168,0.0
-4.261209,50,102.228497,1.0
-4.010037,50,104.711672,0.0
-11.41052,50,105.167167,0.0
-3.375371,50,105.620709,1.0
-5.626111,50,106.073893,1.0
-13.740389,50,106.553126,0.0
-10.040424,50,107.008777,0.0
-5.666913,50,107.462162,1.0
-4.567876,50,107.917975,0.0
-8.623659,50,108.396674,0.0
-5.70235,50,108.849974,1.0
-5.27219,50,109.304928,1.0
-6.537517,50,109.758012,0.0
-6.18797,50,110.234178,0.0
-9.025041,50,110.686861,0.0
-4.970509,50,111.14039,0.0
-3.682205,50,111.593818,1.0
-12.767715,50,112.064733,0.0
-5.821463,50,112.520587,0.0
-10.203686,50,112.974609,0.0
-13.743823,50,113.428557,0.0
-10.390547,50,113.907159,0.0
-6.925176,50,114.36281,1.0
-4.283188,50,114.815928,1.0
-4.052538,50,115.268956,1.0
-4.781353,50,115.738739,1.0
-8.001928,50,116.192156,0.0
-9.42937,50,116.644802,0.0
-10.683789,50,117.097912,0.0
-4.315979,50,117.564303,1.0
-15.356164,50,118.017968,0.0
-6.675867,50,118.471246,1.0
-7.616995,50,118.924089,0.0
-5.213915,50,119.392205,1.0
-17.92862,50,119.84912,0.0
-9.263681,50,120.305855,0.0
-4.537837,50,120.760546,0.0
-3.976654,50,121.235492,1.0
-7.893633,50,121.692333,0.0
-6.007642,50,122.156751,0.0
-7.512997,50,122.60799,1.0
-7.646242,50,125.027452,0.0
-7.363847,50,125.478927,0.0
-4.870415,50,125.931065,0.0
-6.096702,50,126.382029,0.0
-9.697324,50,126.857985,0.0
-5.288934,50,127.311197,1.0
-8.380765,50,127.762947,0.0
-5.815893,50,128.214043,1.0
-5.473955,50,128.678976,1.0
-8.041639,50,129.129954,1.0
-13.498738,50,129.587368,0.0
-14.352372,50,130.04217,0.0
-7.638903,50,130.509951,0.0
-11.700455,50,130.962075,0.0
-12.147151,50,131.418549,0.0
-8.256499,50,131.871506,1.0
-9.211961,50,132.353003,0.0
-16.475956,50,132.808265,0.0
-5.516457,50,133.261144,0.0
-8.342363,50,133.714315,0.0
-5.401018,50,134.235954,0.0
-14.805101,50,134.689283,0.0
-9.74601,50,135.14292,0.0
-4.629412,50,135.596054,0.0
-6.12351,50,136.066745,0.0
-4.926715,50,136.519799,0.0
-16.777292,50,136.974718,0.0
-6.841785,50,137.427424,0.0
-3.756395,50,137.894154,1.0
-13.991874,50,138.350086,0.0
-11.799149,50,138.803449,0.0
-5.250985,50,139.258228,1.0
-6.36822,50,139.74807,1.0
-4.49713,50,140.201371,0.0
-5.472084,50,140.65479,0.0
-5.602707,50,141.111115,1.0
-5.869069,50,141.585096,0.0
-10.827499,50,142.037146,0.0
-13.736666,50,142.488053,0.0
-4.999719,50,142.939118,0.0
-4.429929,50,145.395114,1.0
-3.999959,50,145.84709,1.0
-14.558591,50,146.297993,0.0
-13.538377,50,146.748235,0.0
-6.431,50,147.210243,0.0
-5.801093,50,147.664319,1.0
-4.257757,50,148.1152,0.0
-5.128819,50,148.568133,1.0
-9.136961,50,149.034234,0.0
-15.438215,50,149.48519,0.0
-6.954928,50,149.938297,1.0
-5.836054,50,150.389152,1.0
-5.026664,50,150.857591,1.0
-6.593113,50,151.311599,0.0
-10.463646,50,151.772561,0.0
-7.961931,50,152.235178,1.0
-13.762323,50,152.703242,0.0
-8.054107,50,153.156787,0.0
-10.032159,50,153.612747,0.0
-12.068603,50,154.067845,0.0
-5.820884,50,154.554726,1.0
-10.840393,50,155.008959,0.0
-11.803498,50,155.46226,0.0
-8.683656,50,155.917139,0.0
-10.170233,50,156.399344,0.0
-7.336867,50,156.85339,0.0
-8.328658,50,157.308606,0.0
-11.625817,50,157.763168,0.0
-3.710791,50,158.25128,1.0
-13.241423,50,158.706361,0.0
-15.128203,50,159.160538,0.0
-14.323944,50,159.6113,0.0
-6.366026,50,160.093235,0.0
-4.637184,50,160.544214,1.0
-9.27247,50,160.995355,0.0
-9.212863,50,161.446343,0.0
-5.56657,50,161.933041,1.0
-13.840098,50,162.384337,0.0
-5.985296,50,162.835377,1.0
-6.303705,50,163.286668,0.0
-7.856653,50,165.733454,0.0
-8.327944,50,166.193522,0.0
-11.617544,50,166.6496,0.0
-8.796743,50,167.100486,0.0
-4.518152,50,167.592489,0.0
-4.049896,50,168.043432,1.0
-9.961153,50,168.494533,0.0
-9.822421,50,168.945461,0.0
-7.340191,50,169.429537,0.0
-10.758251,50,169.880299,0.0
-8.008699,50,170.331428,0.0
-3.590779,50,170.782441,1.0
-7.611056,50,171.264437,0.0
-11.484057,50,171.715517,0.0
-9.804749,50,172.166525,0.0
-9.337518,50,172.617619,0.0
-8.719444,50,173.104866,0.0
-10.472755,50,173.561851,0.0
-3.879399,50,174.015347,0.0
-12.806668,50,174.469239,0.0
-11.767246,50,174.957663,0.0
-8.695497,50,175.413168,0.0
-9.486647,50,175.869827,0.0
-9.815801,50,176.326052,0.0
-10.968932,50,176.814734,0.0
-6.103321,50,177.268256,0.0
-9.185216,50,177.722019,0.0
-10.502714,50,178.176054,0.0
-11.594995,50,178.663452,0.0
-5.370147,50,179.118846,1.0
-13.738645,50,179.572861,0.0
-9.208513,50,180.026729,0.0
-5.839705,50,180.506351,0.0
-6.621876,50,180.960757,0.0
-11.225183,50,181.415474,0.0
-4.545051,50,181.885911,1.0
-3.729741,50,182.3726,1.0
-4.717675,50,182.827847,1.0
-9.072257,50,183.282549,0.0
-4.931202,50,183.738153,1.0
-13.958546,50,186.178873,0.0
-10.354984,50,186.632422,0.0
-4.25403,50,187.085328,1.0
-9.926314,50,187.538892,0.0
-5.856961,50,188.014122,0.0
-4.605416,50,188.468662,1.0
-12.92185,50,188.922621,0.0
-10.177464,50,189.378054,0.0
-3.963366,50,189.874153,1.0
-11.370994,50,190.325797,0.0
-13.504008,50,190.778706,0.0
-9.210835,50,191.22993,0.0
-9.204841,50,191.69688,0.0
-11.771162,50,192.151745,0.0
-6.40023,50,192.604743,0.0
-8.038478,50,193.055717,0.0
-4.386208,50,193.531762,1.0
-12.023552,50,193.984615,0.0
-11.81958,50,194.439751,0.0
-8.985105,50,194.893502,0.0
-5.506753,50,195.372761,0.0
-8.447909,50,195.827114,0.0
-5.551815,50,196.281408,0.0
-11.238452,50,196.736937,0.0
-6.688107,50,197.214016,0.0
-7.888121,50,197.667382,0.0
-4.135922,50,198.121049,1.0
-7.422214,50,198.575067,1.0
-7.713902,50,199.060451,0.0
-5.460365,50,199.5139,1.0
-9.157746,50,199.971012,0.0
-7.521884,50,200.42792,0.0
-14.010422,50,200.900082,0.0
-5.204137,50,201.353238,1.0
-5.607616,50,201.806643,0.0
-6.506922,50,202.261283,0.0
-9.301036,50,202.739694,0.0
-9.224025,50,203.195384,0.0
-10.140351,50,203.656806,0.0
-10.905243,50,204.110464,0.0
-6.248947,50,206.5782,0.0
-6.358777,50,207.032144,0.0
-9.310801,50,207.485653,0.0
-4.98303,50,207.938848,1.0
-3.854406,50,208.407854,0.0
-14.957629,50,208.863084,0.0
-5.567806,50,209.318932,1.0
-3.60122,50,209.772837,1.0
-9.921356,50,210.254288,0.0
-14.72762,50,210.707738,0.0
-7.647461,50,211.161611,0.0
-8.540174,50,211.620212,1.0
-8.646906,50,212.109619,0.0
-8.253809,50,212.566124,0.0
-9.329083,50,213.021369,0.0
-5.879161,50,213.480354,1.0
-4.157571,50,213.961565,0.0
-5.181992,50,214.414948,1.0
-13.025642,50,214.869129,0.0
-13.75134,50,215.324548,0.0
-4.202224,50,215.820446,1.0
-8.659859,50,216.274991,0.0
-7.891499,50,216.728524,0.0
-3.832517,50,217.182834,1.0
-3.886054,50,217.664984,1.0
-5.702819,50,218.120732,1.0
-5.624988,50,218.575651,0.0
-13.717136,50,219.03229,0.0
-3.529051,50,219.500049,1.0
-7.604943,50,219.950914,0.0
-12.42183,50,220.402051,0.0
-13.873208,50,220.852924,0.0
-4.634166,50,221.327962,0.0
-7.751492,50,221.778995,0.0
-8.641042,50,222.230162,0.0
-10.880403,50,222.681065,0.0
-3.45742,50,223.152011,1.0
-3.654795,50,223.603013,1.0
-13.159278,50,224.055013,0.0
-12.117491,50,224.506052,0.0
-6.295216,50,226.973243,0.0
-4.947659,50,227.424074,1.0
-10.50511,50,227.879224,0.0
-3.940451,50,228.33011,1.0
-6.077796,50,228.797081,0.0
-6.416263,50,229.254348,0.0
-11.7384,50,229.70789,0.0
-7.81539,50,230.161589,0.0
-7.276198,50,230.63436,0.0
-5.530515,50,231.088045,1.0
-11.260298,50,231.542736,0.0
-8.000173,50,232.000049,0.0
-7.916423,50,232.480819,0.0
-15.0085,50,232.935544,0.0
-4.905852,50,233.390521,1.0
-4.572359,50,233.848516,1.0
-10.802547,50,234.335409,0.0
-6.194156,50,234.790097,1.0
-8.03406,50,235.24603,0.0
-8.06692,50,235.701857,0.0
-4.898588,50,236.19269,1.0
-5.569241,50,236.646982,0.0
-3.720685,50,237.101578,1.0
-4.160155,50,237.555571,1.0
-4.474637,50,238.031708,1.0
-4.192508,50,238.486286,0.0
-7.926439,50,238.940656,0.0
-13.162067,50,239.395961,0.0
-8.329529,50,239.878969,0.0
-10.318094,50,240.333601,0.0
-12.286787,50,240.790309,0.0
-8.25852,50,241.244848,0.0
-5.368755,50,241.735032,1.0
-11.448273,50,242.20106,0.0
-5.970275,50,242.654916,0.0
-7.75518,50,243.111008,0.0
-12.330662,50,243.584672,0.0
-7.445039,50,244.040868,0.0
-7.131776,50,244.496002,0.0
-5.119288,50,244.950192,1.0
-7.608708,50,247.375661,0.0
-4.613552,50,247.826163,1.0
-5.560841,50,248.279325,1.0
-9.472648,50,248.730307,0.0
-6.820458,50,249.19534,0.0
-10.525992,50,249.647422,0.0
-3.775961,50,250.098325,1.0
-10.529492,50,250.549313,0.0
-9.401068,50,251.015223,0.0
-3.374418,50,251.466266,1.0
-6.799142,50,251.91821,0.0
-10.541693,50,252.369353,0.0
-6.969192,50,252.836318,0.0
-4.093402,50,253.289178,1.0
-5.307563,50,253.740413,1.0
-11.994233,50,254.191467,0.0
-11.049746,50,254.661344,0.0
-12.081859,50,255.112376,0.0
-11.106319,50,255.563389,0.0
-7.043623,50,256.014363,0.0
-11.546056,50,256.488379,0.0
-11.54517,50,256.939333,0.0
-4.070599,50,257.390478,0.0
-3.191746,50,257.841376,1.0
-9.448102,50,258.319465,0.0
-6.988966,50,258.772547,0.0
-15.14972,50,259.224439,0.0
-5.228556,50,259.67536,0.0
-8.416054,50,260.163318,0.0
-5.197118,50,260.614411,0.0
-5.755122,50,261.067879,0.0
-8.327083,50,261.518438,0.0
-6.582601,50,261.993441,0.0
-4.182263,50,262.444558,1.0
-5.218858,50,262.896463,1.0
-8.562757,50,263.347442,0.0
-6.560452,50,263.827948,0.0
-8.487586,50,264.279538,0.0
-4.171052,50,264.730522,1.0
-4.222109,50,265.181477,1.0
-6.039405,50,267.657504,0.0
-14.914112,50,268.108507,0.0
-10.404149,50,268.560474,0.0
-3.542238,50,269.011514,1.0
-12.793164,50,269.494682,0.0
-10.310686,50,269.945612,0.0
-13.939943,50,270.396564,0.0
-5.129276,50,270.847576,0.0
-11.673855,50,271.329713,0.0
-6.763993,50,271.781585,0.0
-3.691842,50,272.242504,1.0
-8.693296,50,272.693519,0.0
-3.651163,50,273.180614,1.0
-3.844249,50,273.631614,1.0
-10.892829,50,274.082633,0.0
-9.659,50,274.533613,0.0
-3.303178,50,275.01356,1.0
-4.555519,50,275.464527,1.0
-9.938936,50,275.915554,0.0
-3.456663,50,276.366661,1.0
-4.479208,50,276.852796,1.0
-11.967051,50,277.303682,0.0
-9.235168,50,277.754704,0.0
-11.137915,50,278.208809,0.0
-11.996295,50,278.695856,0.0
-6.078664,50,279.153578,0.0
-6.258863,50,279.612157,0.0
-12.449604,50,280.066947,0.0
-10.943341,50,280.551832,0.0
-10.736112,50,281.002749,0.0
-6.782284,50,281.453704,0.0
-7.702948,50,281.906636,0.0
-13.911137,50,282.400382,0.0
-9.186245,50,282.854953,0.0
-3.538185,50,283.31071,1.0
-4.165508,50,283.765805,1.0
-8.7716,50,284.2551,0.0
-9.313279,50,284.709083,0.0
-12.262616,50,285.165048,0.0
-6.872307,50,285.619745,0.0
-8.153878,50,288.079467,0.0
-5.848484,50,288.534698,1.0
-5.801429,50,288.989552,0.0
-6.148709,50,289.447132,0.0
-5.008696,50,289.920771,0.0
-4.210734,50,290.375616,1.0
-4.630946,50,290.83141,1.0
-3.771133,50,291.284474,1.0
-3.233996,50,291.760334,1.0
-6.099707,50,292.214717,1.0
-12.656681,50,292.670061,0.0
-5.018742,50,293.124404,1.0
-8.884346,50,293.605001,0.0
-9.057564,50,294.061714,0.0
-9.144577,50,294.516413,0.0
-4.651022,50,294.970659,1.0
-5.076842,50,295.455327,0.0
-11.141599,50,295.912777,0.0
-8.303396,50,296.366772,0.0
-10.974403,50,296.820134,0.0
-11.827981,50,297.307997,0.0
-13.455375,50,297.762845,0.0
-10.357396,50,298.218409,0.0
-7.817469,50,298.672529,0.0
-5.069586,50,299.157679,1.0
-13.456233,50,299.612142,0.0
-10.585868,50,300.065922,0.0
-4.15838,50,300.519233,1.0
-9.655921,50,300.997562,0.0
-4.269558,50,301.452902,1.0
-6.08501,50,301.919403,0.0
-5.754359,50,302.373024,1.0
-5.288718,50,302.847843,1.0
-9.0017,50,303.304807,0.0
-8.110424,50,303.756007,0.0
-6.307768,50,304.21087,0.0
-6.37768,50,304.693872,1.0
-9.161228,50,305.147892,0.0
-13.072952,50,305.601797,0.0
-12.499672,50,306.057972,0.0
-11.458175,50,308.546161,0.0
-11.304158,50,309.002015,0.0
-8.049288,50,309.455076,0.0
-3.91019,50,309.906064,1.0
-7.461102,50,310.395438,0.0
-4.048734,50,310.846075,1.0
-13.588928,50,311.298412,0.0
-3.424925,50,311.751217,1.0
-12.650934,50,312.239839,0.0
-5.077466,50,312.695653,1.0
-5.70246,50,313.151004,1.0
-10.031552,50,313.604957,0.0
-13.807917,50,314.090381,0.0
-9.215645,50,314.546654,0.0
-5.535283,50,315.000377,1.0
-9.932277,50,315.454091,0.0
-12.766006,50,315.944555,0.0
-4.398471,50,316.398463,1.0
-5.827204,50,316.853556,1.0
-12.743481,50,317.308142,0.0
-6.98597,50,317.789684,0.0
-6.902951,50,318.243515,0.0
-5.799146,50,318.701316,1.0
-6.328458,50,319.154789,0.0
-3.709775,50,319.636312,1.0
-6.393725,50,320.091666,0.0
-6.071127,50,320.545501,0.0
-13.705432,50,321.001426,0.0
-12.981972,50,321.474941,0.0
-12.204119,50,321.929312,0.0
-6.3611,50,322.383155,0.0
-3.100522,50,322.837144,1.0
-5.448153,50,323.309698,1.0
-3.775139,50,323.761214,1.0
-9.437013,50,324.212641,0.0
-9.246948,50,324.667296,0.0
-15.504891,50,325.151216,0.0
-8.10205,50,325.606958,0.0
-12.477303,50,326.059321,0.0
-11.936846,50,326.510362,0.0
-4.867827,50,328.962283,0.0
-4.281702,50,329.413229,1.0
-5.807214,50,329.864321,1.0
-8.264605,50,330.316269,0.0
-6.12422,50,330.787236,1.0
-6.298802,50,331.238368,1.0
-12.591656,50,331.69478,0.0
-4.542948,50,332.160623,1.0
-4.553837,50,332.627357,0.0
-5.870328,50,333.081423,0.0
-7.200457,50,333.533386,0.0
-5.351737,50,333.990417,1.0
-6.839528,50,334.467473,0.0
-14.172853,50,334.920327,0.0
-9.549945,50,335.376142,0.0
-7.313942,50,335.828767,0.0
-8.417633,50,336.305373,0.0
-11.0261,50,336.760273,0.0
-10.215777,50,337.211347,0.0
-4.452276,50,337.668674,0.0
-10.816516,50,338.140381,0.0
-9.849013,50,338.598568,0.0
-10.380887,50,339.052894,0.0
-4.210378,50,339.505438,1.0
-11.231321,50,339.976472,0.0
-4.025783,50,340.428543,1.0
-9.611884,50,340.882178,0.0
-4.460648,50,341.335782,0.0
-9.16415,50,341.81145,0.0
-4.074991,50,342.263351,1.0
-5.779043,50,342.714412,0.0
-12.111352,50,343.166254,0.0
-4.621652,50,343.640453,1.0
-14.303862,50,344.095538,0.0
-4.935531,50,344.548459,1.0
-5.70837,50,345.001441,1.0
-5.664486,50,345.47944,0.0
-6.083815,50,345.931578,1.0
-13.409397,50,346.387352,0.0
-5.064855,50,346.839523,1.0
-14.690014,50,349.294504,0.0
-8.38274,50,349.747538,0.0
-6.622542,50,350.20132,1.0
-10.224957,50,350.656707,0.0
-6.104941,50,351.13385,0.0
-10.014692,50,351.586591,0.0
-4.898015,50,352.042546,0.0
-3.963563,50,352.494542,1.0
-7.63409,50,352.972335,0.0
-13.293294,50,353.425906,0.0
-5.884372,50,353.879862,0.0
-6.925355,50,354.330501,1.0
-5.736438,50,354.813647,0.0
-9.237229,50,355.268605,0.0
-3.491282,50,355.723638,1.0
-10.649087,50,356.182027,0.0
-5.081165,50,356.665834,0.0
-5.102518,50,357.118857,1.0
-10.171506,50,357.578569,0.0
-6.054551,50,358.033902,0.0
-3.187536,50,358.526421,1.0
-8.975528,50,358.979608,0.0
-4.600651,50,359.430635,1.0
-9.766574,50,359.885781,0.0
-4.529032,50,360.38008,1.0
-6.855803,50,360.833811,0.0
-3.842158,50,361.286912,1.0
-4.569512,50,361.73904,1.0
-11.678002,50,362.226514,0.0
-11.517015,50,362.681809,0.0
-5.324161,50,363.138941,1.0
-5.93898,50,363.595596,0.0
-4.172929,50,364.074525,0.0
-7.573922,50,364.532484,1.0
-5.254833,50,364.992934,0.0
-6.376072,50,365.451789,0.0
-5.286261,50,365.933869,1.0
-3.637944,50,366.389416,1.0
-3.419833,50,366.843938,1.0
-15.132706,50,367.300023,0.0
-4.058862,50,369.73198,1.0
-3.367437,50,370.18633,1.0
-5.634305,50,370.643708,0.0
-9.921389,50,371.098864,0.0
-7.448844,50,371.57674,1.0
-11.281381,50,372.031242,0.0
-6.042941,50,372.486615,1.0
-10.35199,50,372.940931,0.0
-2.875572,50,373.414481,1.0
-3.639411,50,373.868794,1.0
-11.193439,50,374.322454,0.0
-11.476235,50,374.776266,0.0
-16.131634,50,375.259804,0.0
-8.277881,50,375.713389,0.0
-8.90903,50,376.170543,0.0
-5.664815,50,376.624827,0.0
-6.152417,50,377.107091,1.0
-5.929483,50,377.561409,1.0
-5.966344,50,378.015548,1.0
-9.787675,50,378.473209,0.0
-3.960518,50,378.956858,1.0
-4.523332,50,379.407743,1.0
-6.277107,50,379.865229,0.0
-8.2024,50,380.315753,0.0
-10.294701,50,380.792758,0.0
-13.586389,50,381.243809,0.0
-5.496216,50,381.703051,1.0
-10.434677,50,382.154026,0.0
-7.305785,50,382.634637,1.0
-13.065072,50,383.086816,0.0
-9.163139,50,383.542704,0.0
-11.525342,50,383.994831,0.0
-8.876681,50,384.468957,0.0
-13.210906,50,384.919953,0.0
-7.865538,50,385.371705,1.0
-5.244293,50,385.823806,1.0
-11.360035,50,386.300962,0.0
-11.0118,50,386.751789,0.0
-4.449983,50,387.209723,0.0
-10.676557,50,387.66089,0.0
-8.622206,50,390.131903,0.0
-9.791699,50,390.582873,0.0
-4.460647,50,391.039457,1.0
-7.605179,50,391.489931,0.0
-8.164856,50,391.980973,0.0
-5.23129,50,392.433059,1.0
-5.127152,50,392.884158,0.0
-11.798025,50,393.334803,0.0
-10.9376,50,393.81944,0.0
-2.79918,50,394.275809,1.0
-8.429859,50,394.736473,0.0
-3.720775,50,395.192995,1.0
-4.301924,50,395.684384,1.0
-7.321091,50,396.142165,1.0
-12.627113,50,396.597064,0.0
-8.731324,50,397.053309,0.0
-9.408215,50,397.525974,0.0
-9.295045,50,397.98598,0.0
-4.34476,50,398.446621,1.0
-3.624628,50,398.906299,1.0
-4.845855,50,399.379376,0.0
-11.711431,50,399.837397,0.0
-13.075524,50,400.294287,0.0
-5.63019,50,400.757923,1.0
-6.591072,50,401.248718,0.0
-3.063595,50,401.703723,1.0
-5.288931,50,402.158968,0.0
-5.130155,50,402.614983,0.0
-9.073903,50,403.098266,0.0
-10.013171,50,403.550842,0.0
-7.41443,50,404.00196,0.0
-4.950275,50,404.453574,1.0
-4.463203,50,404.93296,0.0
-6.106553,50,405.389147,0.0
-9.564513,50,405.840062,0.0
-12.416539,50,406.292247,0.0
-6.591672,50,406.781078,1.0
-3.945673,50,407.231868,1.0
-9.90837,50,407.682985,0.0
-12.749745,50,408.135059,0.0
-11.339063,50,410.584234,0.0
-5.092141,50,411.035144,1.0
-12.876358,50,411.486038,0.0
-3.580929,50,411.937147,1.0
-12.141384,50,412.419482,0.0
-10.953404,50,412.870204,0.0
-9.839449,50,413.322408,0.0
-5.181226,50,413.776531,1.0
-10.722766,50,414.261235,0.0
-11.266802,50,414.712253,0.0
-12.796847,50,415.163979,0.0
-12.453147,50,415.616208,0.0
-15.11098,50,416.098238,0.0
-3.549925,50,416.549215,1.0
-5.629235,50,417.000165,0.0
-9.397307,50,417.451216,0.0
-8.714984,50,417.930238,0.0
-4.271194,50,418.381149,1.0
-8.805077,50,418.832237,0.0
-3.081427,50,419.283444,1.0
-3.720948,50,419.764222,1.0
-3.863735,50,420.215052,1.0
-4.730241,50,420.666362,1.0
-7.943877,50,421.117339,0.0
-9.691931,50,421.602254,0.0
-5.967496,50,422.067717,0.0
-5.214077,50,422.51829,1.0
-4.560937,50,422.969242,1.0
-5.777819,50,423.461334,0.0
-8.006616,50,423.912242,0.0
-8.995,50,424.364265,0.0
-14.35733,50,424.81837,0.0
-6.595805,50,425.301282,1.0
-2.930714,50,425.752371,1.0
-7.359155,50,426.203453,1.0
-14.219937,50,426.655727,0.0
-5.826086,50,427.141811,1.0
-6.625194,50,427.596832,0.0
-13.842793,50,428.054444,0.0
-12.324479,50,428.509623,0.0
-8.925279,50,430.965546,0.0
-10.439449,50,431.421744,0.0
-4.391996,50,431.873757,1.0
-10.444601,50,432.336326,0.0
-7.116906,50,432.815652,1.0
-7.606792,50,433.269513,0.0
-7.071606,50,433.721397,0.0
-3.703176,50,434.178465,1.0
-11.441452,50,434.656732,0.0
-8.28145,50,435.111229,0.0
-6.119108,50,435.563488,0.0
-6.518237,50,436.014395,0.0
-11.672984,50,436.485443,0.0
-3.06913,50,436.93748,1.0
-3.94904,50,437.388474,1.0
-3.302183,50,437.840754,1.0
-11.783587,50,438.333466,0.0
-8.679355,50,438.784481,0.0
-11.47523,50,439.235515,0.0
-9.185284,50,439.687423,0.0
-12.460414,50,440.17046,0.0
-12.515726,50,440.623513,0.0
-3.638376,50,441.074526,1.0
-9.592377,50,441.525532,0.0
-9.240523,50,442.007422,0.0
-2.740333,50,442.458456,1.0
-4.119059,50,442.909496,1.0
-13.794218,50,443.360476,0.0
-9.93532,50,443.841789,0.0
-6.074063,50,444.292526,1.0
-12.401086,50,444.743462,0.0
-10.590395,50,445.198478,0.0
-4.551683,50,445.68969,1.0
-3.996901,50,446.141497,1.0
-10.154142,50,446.593859,0.0
-3.029165,50,447.04689,1.0
-5.396022,50,447.532643,1.0
-7.909757,50,447.984568,0.0
-7.571199,50,448.438493,0.0
-2.900009,50,448.891963,1.0
-11.828953,50,451.359395,0.0
-4.462049,50,451.823453,1.0
-6.569664,50,452.274559,0.0
-3.062878,50,452.725728,1.0
-7.049796,50,453.215209,1.0
-5.087757,50,453.666636,1.0
-11.994867,50,454.117632,0.0
-4.401396,50,454.568674,1.0
-5.474341,50,455.050633,1.0
-12.527828,50,455.503639,0.0
-4.564226,50,455.954554,0.0
-11.359703,50,456.405661,0.0
-14.160928,50,456.898813,0.0
-13.847125,50,457.353719,0.0
-4.58304,50,457.804674,1.0
-7.472413,50,458.258784,0.0
-4.193481,50,458.741482,1.0
-16.057447,50,459.194799,0.0
-5.213255,50,459.645648,1.0
-13.487247,50,460.097777,0.0
-4.617985,50,460.575717,1.0
-9.893814,50,461.026669,0.0
-4.525519,50,461.477712,1.0
-6.337755,50,461.928675,0.0
-3.140692,50,462.406771,1.0
-7.1057,50,462.857699,0.0
-8.304609,50,463.308684,0.0
-5.179536,50,463.759701,1.0
-2.874652,50,464.243743,1.0
-6.297144,50,464.694716,0.0
-11.030518,50,465.145774,0.0
-8.14976,50,465.596637,0.0
-4.394039,50,466.079862,1.0
-4.953824,50,466.5318,0.0
-4.477106,50,466.982825,1.0
-8.056986,50,467.433764,0.0
-11.484335,50,467.915781,0.0
-4.639285,50,468.369527,0.0
-3.329872,50,468.824776,1.0
-5.995204,50,469.282927,1.0
-3.369852,50,471.735226,1.0
-6.301769,50,472.19067,1.0
-4.923616,50,472.642838,0.0
-7.861981,50,473.093816,0.0
-5.184477,50,473.578175,1.0
-4.409896,50,474.03507,1.0
-12.864022,50,474.485875,0.0
-15.696545,50,474.937936,0.0
-6.357597,50,475.423126,0.0
-10.66674,50,475.877869,0.0
-10.979278,50,476.331046,0.0
-8.479713,50,476.781952,0.0
-3.471532,50,477.266899,1.0
-6.047631,50,477.717889,1.0
-10.08731,50,478.16891,0.0
-4.221656,50,478.619844,1.0
-9.289182,50,479.100923,0.0
-11.484877,50,479.552875,0.0
-5.750408,50,480.003894,0.0
-8.74013,50,480.458884,0.0
-6.130499,50,480.941078,0.0
-3.174193,50,481.394942,1.0
-2.977382,50,481.858014,1.0
-8.360661,50,482.313383,0.0
-4.055405,50,482.803234,1.0
-4.548738,50,483.259433,1.0
-13.112375,50,483.713901,0.0
-12.968254,50,484.169051,0.0
-6.485085,50,484.667642,1.0
-3.358346,50,485.121003,1.0
-9.33456,50,485.571939,0.0
-5.874787,50,486.024396,0.0
-7.375818,50,486.50601,0.0
-8.011871,50,486.956935,0.0
-9.438434,50,487.409162,0.0
-9.03281,50,487.860028,0.0
-3.856096,50,488.344279,1.0
-8.733297,50,488.795079,0.0
-8.072898,50,489.253484,0.0
-12.881956,50,489.704029,0.0
-5.282456,50,492.168942,0.0
-7.960767,50,492.620044,0.0
-8.274183,50,493.075311,0.0
-6.208878,50,493.526019,0.0
-4.404143,50,494.015984,1.0
-4.512667,50,494.466964,1.0
-5.261612,50,494.917942,1.0
-11.310614,50,495.369023,0.0
-4.798918,50,495.849046,1.0
-7.268341,50,496.30115,1.0
-3.491816,50,496.754272,1.0
-5.995709,50,497.206007,1.0
-4.06592,50,497.690108,1.0
-9.902412,50,498.143078,0.0
-9.939054,50,498.594152,0.0
-2.862685,50,499.045105,1.0
-11.366528,50,499.529152,0.0
-6.487489,50,499.980055,0.0
-5.101634,50,500.431132,1.0
-5.617749,50,500.883147,1.0
-5.587829,50,501.373335,1.0
-8.635013,50,501.824049,0.0
-7.775028,50,502.27517,0.0
-3.414067,50,502.726103,1.0
-9.102031,50,503.215218,0.0
-3.232384,50,503.667068,1.0
-2.695839,50,504.118124,1.0
-8.993834,50,504.569174,0.0
-4.373508,50,505.053134,1.0
-8.662717,50,505.504162,0.0
-6.174768,50,505.957372,1.0
-10.021555,50,506.408202,0.0
-2.945745,50,506.884176,1.0
-14.886677,50,507.335312,0.0
-6.785414,50,507.786282,1.0
-7.684485,50,508.23872,0.0
-3.725825,50,508.724079,0.0
-15.402318,50,509.175068,0.0
-2.88898,50,509.626049,1.0
-6.947121,50,510.078308,0.0
-7.731193,50,512.557406,1.0
-13.769499,50,513.008261,0.0
-15.901393,50,513.460377,0.0
-7.151576,50,513.911531,1.0
-10.834178,50,514.387233,0.0
-8.745443,50,514.838315,0.0
-6.282262,50,515.289349,0.0
-13.841783,50,515.740254,0.0
-8.637376,50,516.216447,0.0
-6.020027,50,516.667316,0.0
-9.274005,50,517.118323,0.0
-15.464258,50,517.570398,0.0
-7.460297,50,518.046289,0.0
-3.89991,50,518.499403,1.0
-15.793405,50,518.951399,0.0
-8.949451,50,519.402351,0.0
-12.975143,50,519.878329,0.0
-7.278162,50,520.329358,0.0
-12.139814,50,520.783407,0.0
-3.379104,50,521.235437,1.0
-10.100945,50,521.711359,0.0
-7.212902,50,522.163312,1.0
-10.761837,50,522.614556,0.0
-5.749586,50,523.065355,0.0
-7.452338,50,523.542417,1.0
-3.814407,50,523.993406,1.0
-7.901553,50,524.446539,0.0
-7.317133,50,524.897515,0.0
-12.843906,50,525.381345,0.0
-3.148094,50,525.832592,1.0
-4.814751,50,526.287554,1.0
-12.631858,50,526.738487,0.0
-3.699135,50,527.213379,1.0
-4.747807,50,527.664919,1.0
-6.293268,50,528.123574,1.0
-5.65852,50,528.578192,1.0
-2.822542,50,529.056639,1.0
-7.100784,50,529.511468,0.0
-8.627839,50,529.965647,0.0
-9.869844,50,530.420512,0.0
-12.000258,50,532.883924,0.0
-5.13016,50,533.338737,1.0
-3.635722,50,533.793237,1.0
-11.899528,50,534.249615,0.0
-6.381871,50,534.731164,1.0
-9.057685,50,535.185602,0.0
-6.314399,50,535.642742,0.0
-5.134665,50,536.099318,0.0
-4.727187,50,536.582591,1.0
-6.712272,50,537.036667,0.0
-8.681408,50,537.490921,0.0
-4.24081,50,537.950925,0.0
-3.342709,50,538.449456,1.0
-4.237141,50,538.905074,1.0
-2.896751,50,539.358979,1.0
-4.674639,50,539.818653,1.0
-11.242468,50,540.312682,0.0
-8.890256,50,540.769099,0.0
-10.704481,50,541.223202,0.0
-5.209928,50,541.680119,0.0
-8.976463,50,542.16961,0.0
-7.348216,50,542.625285,0.0
-7.707305,50,543.079965,0.0
-11.501819,50,543.534462,0.0
-4.482898,50,544.015168,1.0
-5.53393,50,544.470297,1.0
-10.972925,50,544.928051,0.0
-8.120832,50,545.381988,0.0
-2.892272,50,545.868006,1.0
-8.996287,50,546.32164,0.0
-6.644,50,546.776431,0.0
-7.780106,50,547.230463,0.0
-6.373422,50,547.716381,1.0
-5.670013,50,548.171163,1.0
-5.117094,50,548.625406,0.0
-3.020692,50,549.082728,1.0
-10.640933,50,549.56497,0.0
-7.988919,50,550.019738,1.0
-4.265296,50,550.476931,1.0
-6.785087,50,550.934044,1.0
-7.578238,50,553.39544,0.0
-5.342366,50,553.855115,0.0
-14.40641,50,554.313838,0.0
-4.249284,50,554.767689,1.0
-8.113205,50,555.256937,0.0
-5.696998,50,555.711495,1.0
-5.972353,50,556.167787,1.0
-14.767537,50,556.621671,0.0
-4.850139,50,557.10356,1.0
-5.98325,50,557.559938,0.0
-8.869086,50,558.016957,0.0
-10.456716,50,558.471143,0.0
-4.22369,50,558.960001,1.0
-5.232414,50,559.414281,1.0
-6.481639,50,559.868571,1.0
-7.613435,50,560.322336,0.0
-4.608803,50,560.805171,1.0
-2.907892,50,561.258855,1.0
-11.269374,50,561.715872,0.0
-11.007776,50,562.170116,0.0
-9.803795,50,562.657147,0.0
-5.852665,50,563.112712,0.0
-5.607269,50,563.571062,1.0
-4.772778,50,564.026742,1.0
-9.57199,50,564.515898,0.0
-7.238018,50,564.970086,0.0
-2.647168,50,565.423817,1.0
-4.578124,50,565.881276,1.0
-4.468844,50,566.360373,1.0
-6.826205,50,566.814125,0.0
-4.995952,50,567.268682,0.0
-10.747491,50,567.722441,0.0
-9.971846,50,568.19989,0.0
-5.259472,50,568.653495,1.0
-7.849804,50,569.107759,0.0
-8.489956,50,569.56248,0.0
-9.178264,50,570.050121,0.0
-7.001786,50,570.506951,0.0
-9.949185,50,570.962862,0.0
-11.30295,50,571.418299,0.0
-8.735875,50,573.883457,0.0
-6.200438,50,574.34181,0.0
-9.967369,50,574.796949,0.0
-2.72673,50,575.251617,1.0
-16.36743,50,575.738423,0.0
-7.500548,50,576.193012,1.0
-7.460475,50,576.647289,0.0
-13.100601,50,577.102193,0.0
-5.597438,50,577.585914,0.0
-6.456743,50,578.040634,1.0
-3.343944,50,578.498039,1.0
-12.5128,50,578.955092,0.0
-7.172219,50,579.443962,0.0
-10.937758,50,579.900423,0.0
-5.763197,50,580.354272,0.0
-3.533972,50,580.811535,1.0
-5.052386,50,581.302151,1.0
-5.000022,50,581.756593,1.0
-5.246086,50,582.213373,0.0
-9.080022,50,582.670426,0.0
-7.211951,50,583.158162,1.0
-13.062269,50,583.614901,0.0
-6.838434,50,584.072493,1.0
-8.951866,50,584.531273,0.0
-15.175868,50,585.018177,0.0
-4.627981,50,585.471112,0.0
-11.180284,50,585.928113,0.0
-15.199977,50,586.384886,0.0
-14.935588,50,586.875988,0.0
-3.391113,50,587.334874,1.0
-4.419784,50,587.790611,1.0
-7.895569,50,588.246088,0.0
-8.307707,50,588.73457,0.0
-7.776619,50,589.187853,0.0
-12.036173,50,589.641096,0.0
-8.841244,50,590.097265,0.0
-7.089787,50,590.589646,0.0
-10.919871,50,591.04579,0.0
-8.913465,50,591.500252,0.0
-8.743224,50,591.955911,0.0
-4.906724,50,594.399517,1.0
-8.934853,50,594.856659,0.0
-10.746011,50,595.310243,0.0
-7.556674,50,595.76534,1.0
-8.798432,50,596.250366,0.0
-8.134701,50,596.708683,0.0
-7.576714,50,597.162299,1.0
-11.995915,50,597.6132,0.0
-15.717823,50,598.089087,0.0
-7.474078,50,598.542693,0.0
-14.048511,50,598.998781,0.0
-5.913057,50,599.454733,1.0
-7.337254,50,599.93832,0.0
-4.230649,50,600.389319,1.0
-13.462378,50,600.843415,0.0
-12.91914,50,601.300751,0.0
-8.716831,50,601.778471,0.0
-3.124237,50,602.242456,1.0
-6.697867,50,602.695307,1.0
-6.222879,50,603.157806,1.0
-8.78636,50,603.634773,0.0
-11.157344,50,604.089393,0.0
-10.640912,50,604.546702,0.0
-5.209009,50,605.002007,1.0
-12.219002,50,605.484063,0.0
-3.696762,50,605.938226,1.0
-3.576939,50,606.392726,1.0
-7.661366,50,606.846978,0.0
-7.507985,50,607.322903,0.0
-7.287073,50,607.779993,0.0
-10.970681,50,608.234828,0.0
-2.736019,50,608.692643,1.0
-5.729925,50,609.183526,0.0
-9.345943,50,609.638176,0.0
-10.019856,50,610.094474,0.0
-9.166133,50,610.549206,0.0
-5.748313,50,611.027973,1.0
-11.131392,50,611.483227,0.0
-4.654387,50,611.941818,1.0
-6.302985,50,612.400413,0.0
-9.401605,50,614.8387,0.0
-7.273305,50,615.293611,0.0
-6.089222,50,615.749036,0.0
-3.553501,50,616.203504,1.0
-4.553719,50,616.685847,1.0
-7.243849,50,617.141118,0.0
-4.167927,50,617.596274,1.0
-5.545894,50,618.050843,1.0
-9.717434,50,618.532398,0.0
-4.047629,50,618.989385,1.0
-6.418711,50,619.444207,0.0
-6.65044,50,619.899773,0.0
-8.20246,50,620.379466,0.0
-8.791992,50,620.834859,0.0
-9.277175,50,621.289494,0.0
-9.017985,50,621.744064,0.0
-3.251908,50,622.231547,1.0
-2.892907,50,622.686521,1.0
-12.04121,50,623.141929,0.0
-8.427878,50,623.592615,0.0
-12.99513,50,624.068655,0.0
-5.055705,50,624.52066,1.0
-11.380616,50,624.973494,0.0
-5.881715,50,625.428783,1.0
-9.553241,50,625.911656,0.0
-4.125526,50,626.364869,1.0
-5.19199,50,626.815579,1.0
-5.91979,50,627.267919,1.0
-6.903987,50,627.744557,1.0
-16.789017,50,628.197695,0.0
-5.869404,50,628.648631,1.0
-4.849851,50,629.099626,1.0
-3.891041,50,629.574701,1.0
-2.801957,50,630.0279,1.0
-5.899519,50,630.47857,1.0
-6.733416,50,630.929644,0.0
-6.240852,50,631.416836,1.0
-11.323052,50,631.878948,0.0
-10.082569,50,632.332927,0.0
-9.06524,50,632.7876,0.0
-9.799733,50,635.2398,0.0
-6.49716,50,635.694711,1.0
-13.001954,50,636.146747,0.0
-3.925553,50,636.599988,1.0
-4.050352,50,637.071647,1.0
-9.355474,50,637.526751,0.0
-3.186463,50,637.977772,1.0
-8.232837,50,638.431999,0.0
-10.111552,50,638.910649,0.0
-12.412578,50,639.364814,0.0
-9.902836,50,639.818157,0.0
-10.344924,50,640.269935,0.0
-3.912551,50,640.742945,1.0
-4.362691,50,641.20263,1.0
-14.449421,50,641.655709,0.0
-8.358968,50,642.1078,0.0
-3.594148,50,642.582742,1.0
-3.460268,50,643.038886,1.0
-9.396062,50,643.489791,0.0
-11.576208,50,643.940755,0.0
-3.242986,50,644.427719,0.0
-9.181973,50,644.879265,0.0
-12.200033,50,645.3329,0.0
-11.545858,50,645.78787,0.0
-10.495128,50,646.271803,0.0
-4.454215,50,646.726931,1.0
-6.516759,50,647.177762,1.0
-5.134843,50,647.629076,1.0
-9.217691,50,648.124765,0.0
-8.541801,50,648.575756,0.0
-10.571187,50,649.026803,0.0
-7.068184,50,649.480843,0.0
-3.804568,50,649.947822,0.0
-10.383777,50,650.403864,0.0
-9.608033,50,650.854892,0.0
-8.025588,50,651.305897,0.0
-3.24776,50,651.793821,1.0
-3.042637,50,652.24491,1.0
-7.874791,50,652.69619,0.0
-5.661015,50,653.146746,1.0
-7.442411,50,655.595329,0.0
-6.775717,50,656.048877,0.0
-7.888513,50,656.500895,0.0
-13.165652,50,656.951932,0.0
-6.613761,50,657.4219,1.0
-9.795871,50,657.872931,0.0
-5.899862,50,658.326919,0.0
-9.667263,50,658.779016,0.0
-10.646499,50,659.264923,0.0
-4.951924,50,659.718006,1.0
-3.731367,50,660.169012,1.0
-9.196054,50,660.619916,0.0
-13.034622,50,661.092309,0.0
-2.632226,50,661.542976,1.0
-2.370064,50,662.003932,1.0
-3.017258,50,662.454976,1.0
-11.663112,50,662.930915,0.0
-5.005227,50,663.382098,1.0
-4.634731,50,663.832925,1.0
-6.092835,50,664.283892,0.0
-8.927665,50,664.762371,0.0
-4.768473,50,665.216001,0.0
-14.527561,50,665.667936,0.0
-6.477414,50,666.118932,1.0
-9.946803,50,666.595135,0.0
-4.25698,50,667.047994,1.0
-4.283429,50,667.50118,1.0
-6.159771,50,667.953076,0.0
-2.782894,50,668.432989,1.0
-11.231998,50,668.885425,0.0
-7.967554,50,669.34021,0.0
-4.990855,50,669.791019,1.0
-11.264009,50,670.272206,0.0
-4.922155,50,670.723176,1.0
-6.779258,50,671.175051,0.0
-13.108284,50,671.627007,0.0
-3.027097,50,672.101723,1.0
-10.882874,50,672.555175,0.0
-7.997981,50,673.006114,0.0
-10.60364,50,673.457082,0.0
-10.296526,50,675.91831,0.0
-5.133438,50,676.373144,1.0
-16.169504,50,676.83532,0.0
-6.34498,50,677.292742,0.0
-9.864271,50,677.763393,0.0
-4.247918,50,678.214091,1.0
-4.498183,50,678.666487,1.0
-5.528494,50,679.11712,0.0
-3.356452,50,679.592084,1.0
-9.566738,50,680.04714,0.0
-6.672042,50,680.503472,1.0
-3.989219,50,680.954791,1.0
-4.958573,50,681.425223,1.0
-9.584523,50,681.877938,0.0
-12.95211,50,682.333469,0.0
-5.840555,50,682.78879,1.0
-14.251459,50,683.269083,0.0
-8.377219,50,683.724211,0.0
-5.490803,50,684.179331,0.0
-2.948187,50,684.634021,1.0
-7.016298,50,685.10326,0.0
-13.628859,50,685.560462,0.0
-4.261701,50,686.018899,1.0
-5.10318,50,686.475545,1.0
-4.430339,50,686.945119,1.0
-3.430832,50,687.400328,1.0
-12.249621,50,687.857556,0.0
-7.65175,50,688.317469,0.0
-6.876174,50,688.793893,0.0
-3.978452,50,689.251157,1.0
-5.183945,50,689.706455,0.0
-11.059377,50,690.162003,0.0
-3.485641,50,690.629796,1.0
-5.972147,50,691.084432,1.0
-9.008882,50,691.540408,0.0
-9.134082,50,692.007822,0.0
-6.039016,50,692.503421,1.0
-13.644475,50,692.958658,0.0
-12.885832,50,693.414463,0.0
-11.931408,50,693.869885,0.0
-4.597622,50,696.319444,0.0
-10.237752,50,696.774807,0.0
-5.405331,50,697.230431,0.0
-13.461386,50,697.685956,0.0
-7.553475,50,698.164477,0.0
-6.831022,50,698.620772,0.0
-4.664501,50,699.079531,0.0
-9.831434,50,699.535856,0.0
-4.809235,50,700.011345,1.0
-10.255164,50,700.467406,0.0
-9.470594,50,700.927356,0.0
-5.807665,50,701.382875,1.0
-7.453734,50,701.850115,1.0
-4.166467,50,702.305316,1.0
-10.904753,50,702.763743,0.0
-14.068268,50,703.222403,0.0
-5.717519,50,703.69372,1.0
-3.355508,50,704.149146,1.0
-15.780877,50,704.606169,0.0
-3.435901,50,705.062518,1.0
-4.377747,50,705.545499,1.0
-13.714381,50,706.001118,0.0
-11.248271,50,706.459355,0.0
-11.105629,50,706.916749,0.0
-4.895854,50,707.384279,1.0
-5.47346,50,707.843167,1.0
-4.397108,50,708.298598,1.0
-3.892437,50,708.757266,1.0
-7.906964,50,709.233334,0.0
-9.980842,50,709.691534,0.0
-13.157867,50,710.149976,0.0
-7.802674,50,710.608567,0.0
-12.659939,50,711.079603,0.0
-11.155951,50,711.53794,0.0
-6.040291,50,711.99543,1.0
-7.645188,50,712.450906,0.0
-8.628653,50,712.927944,0.0
-4.692594,50,713.384334,1.0
-10.597283,50,713.845717,0.0
-11.090185,50,714.301447,0.0
-9.476272,50,716.753646,0.0
-10.645112,50,717.212729,0.0
-9.437547,50,717.668837,0.0
-2.77426,50,718.123966,1.0
-11.353257,50,718.611593,0.0
-8.440098,50,719.07271,0.0
-8.144062,50,719.532711,0.0
-3.544776,50,719.994006,1.0
-5.51953,50,720.486134,1.0
-2.878949,50,720.940869,1.0
-5.688824,50,721.396563,1.0
-11.525477,50,721.865572,0.0
-6.921521,50,722.353966,1.0
-3.100006,50,722.81162,1.0
-9.411798,50,723.269793,0.0
-6.418581,50,723.728739,0.0
-7.871945,50,724.213392,0.0
-8.6372,50,724.670022,0.0
-12.766932,50,725.127212,0.0
-6.12303,50,725.584806,0.0
-6.205749,50,726.069472,0.0
-6.528361,50,726.524541,0.0
-12.708777,50,726.98163,0.0
-9.672449,50,727.44039,0.0
-5.397998,50,727.926,1.0
-7.614679,50,728.382448,0.0
-7.234197,50,728.837883,0.0
-11.138855,50,729.296663,0.0
-4.129525,50,729.782005,1.0
-3.710776,50,730.240793,1.0
-11.162598,50,730.69559,0.0
-2.951274,50,731.151889,1.0
-6.488239,50,731.651865,0.0
-9.026718,50,732.11143,0.0
-5.077852,50,732.566264,1.0
-3.46516,50,733.023343,1.0
-7.924348,50,733.510381,0.0
-4.39176,50,733.965902,1.0
-5.191531,50,734.420945,1.0
-4.020178,50,734.879858,1.0
-7.291274,50,737.350777,0.0
-11.974811,50,737.809741,0.0
-5.347672,50,738.268292,1.0
-7.405646,50,738.725582,0.0
-4.146385,50,739.216823,1.0
-7.755698,50,739.67576,1.0
-2.965518,50,740.131363,1.0
-9.593263,50,740.587156,0.0
-4.86802,50,741.073846,0.0
-5.358014,50,741.532307,0.0
-4.076234,50,741.987848,1.0
-12.098057,50,742.447218,0.0
-9.487403,50,742.935983,0.0
-5.626923,50,743.394488,1.0
-10.440219,50,743.850478,0.0
-6.776632,50,744.306355,0.0
-7.354632,50,744.791584,0.0
-10.363613,50,745.247638,0.0
-4.876859,50,745.705326,1.0
-14.810979,50,746.165073,0.0
-7.497777,50,746.657876,0.0
-7.734996,50,747.113393,0.0
-5.683109,50,747.571457,1.0
-6.073234,50,748.026777,0.0
-5.832081,50,748.50568,0.0
-3.953225,50,748.961883,1.0
-5.607329,50,749.418117,1.0
-4.525335,50,749.873775,1.0
-4.459753,50,750.357984,1.0
-7.046516,50,750.817279,0.0
-2.548049,50,751.272976,1.0
-7.850383,50,751.732797,1.0
-8.51008,50,752.219707,0.0
-5.943464,50,752.675505,1.0
-14.988401,50,753.13109,0.0
-6.001843,50,753.590362,1.0
-8.029481,50,754.073797,0.0
-3.448358,50,754.529891,1.0
-13.483664,50,754.987692,0.0
-3.632086,50,755.44348,1.0
-4.992035,50,757.896166,0.0
-9.693033,50,758.352709,0.0
-11.622297,50,758.811146,0.0
-12.642815,50,759.270483,0.0
-3.770838,50,759.754178,1.0
-3.379642,50,760.209577,1.0
-7.210071,50,760.664699,0.0
-14.659085,50,761.119723,0.0
-4.165973,50,761.60232,0.0
-5.69125,50,762.061429,1.0
-6.546709,50,762.520031,0.0
-8.959003,50,762.978655,0.0
-3.876927,50,763.452096,1.0
-4.18374,50,763.907378,1.0
-15.110024,50,764.366544,0.0
-10.653227,50,764.824039,0.0
-11.631242,50,765.301971,0.0
-11.350595,50,765.757395,0.0
-7.427612,50,766.212609,0.0
-10.64301,50,766.668288,0.0
-4.800188,50,767.155692,1.0
-9.828167,50,767.613468,0.0
-5.540981,50,768.068841,1.0
-5.720342,50,768.523471,1.0
-13.315411,50,769.008847,0.0
-9.109192,50,769.46361,0.0
-6.45337,50,769.921979,0.0
-6.448906,50,770.377961,1.0
-5.600715,50,770.865712,1.0
-14.911526,50,771.321543,0.0
-10.230059,50,771.777788,0.0
-15.667328,50,772.234335,0.0
-9.16844,50,772.719057,0.0
-7.371526,50,773.174382,0.0
-14.244426,50,773.629874,0.0
-7.072859,50,774.085283,0.0
-3.332114,50,774.566467,1.0
-9.331541,50,775.023527,0.0
-3.232249,50,775.483277,1.0
-4.45152,50,775.944379,1.0
-13.390765,50,778.398499,0.0
-8.349332,50,778.855256,0.0
-11.734862,50,779.313298,0.0
-7.925181,50,779.768705,0.0
-4.577407,50,780.250573,0.0
-4.724849,50,780.705928,0.0
-3.824339,50,781.161402,1.0
-5.776094,50,781.617481,1.0
-10.662782,50,782.108445,0.0
-8.841704,50,782.565087,0.0
-8.675708,50,783.021492,0.0
-5.75584,50,783.478077,1.0
-7.273846,50,783.964205,1.0
-4.360071,50,784.425472,1.0
-2.831233,50,784.880665,1.0
-7.647376,50,785.335424,0.0
-2.911882,50,785.826706,1.0
-9.131811,50,786.281656,0.0
-8.332971,50,786.736262,0.0
-2.751171,50,787.190431,1.0
-10.925215,50,787.677453,0.0
-4.762486,50,788.131361,1.0
-5.090499,50,788.58547,1.0
-7.971099,50,789.043532,0.0
-10.254683,50,789.531826,0.0
-6.297934,50,789.991819,1.0
-4.500754,50,790.445765,1.0
-3.614946,50,790.902829,1.0
-8.613196,50,791.38713,0.0
-8.456193,50,791.842556,0.0
-5.434005,50,792.298562,0.0
-5.374289,50,792.754497,0.0
-2.754749,50,793.245264,1.0
-10.38207,50,793.702651,0.0
-3.417797,50,794.159992,1.0
-4.454601,50,794.618178,1.0
-10.569722,50,795.120743,0.0
-5.905423,50,795.577341,1.0
-7.006462,50,796.033838,0.0
-7.829193,50,796.490536,0.0
-13.907609,50,798.952767,0.0
-3.480776,50,799.408206,1.0
-5.370808,50,799.864009,0.0
-7.259667,50,800.319551,0.0
-11.088625,50,800.810988,0.0
-9.002653,50,801.267426,0.0
-3.983282,50,801.723697,1.0
-4.65554,50,802.180371,1.0
-9.275854,50,802.682873,0.0
-7.060182,50,803.140934,0.0
-9.540607,50,803.599202,0.0
-9.957806,50,804.055815,0.0
-4.579445,50,804.564053,1.0
-3.444317,50,805.019733,1.0
-10.645459,50,805.475638,0.0
-7.735859,50,805.93378,0.0
-8.290351,50,806.421149,0.0
-12.207217,50,806.879338,0.0
-3.71472,50,807.33743,1.0
-8.011218,50,807.795755,0.0
-9.926318,50,808.27629,0.0
-8.776698,50,808.73283,0.0
-4.620406,50,809.190504,0.0
-7.227759,50,809.64795,0.0
-11.28056,50,810.123802,0.0
-8.959283,50,810.580189,0.0
-4.638118,50,811.040704,1.0
-9.007007,50,811.499734,0.0
-6.075764,50,811.987316,0.0
-3.271963,50,812.44517,1.0
-4.085434,50,812.903271,1.0
-11.199177,50,813.363883,0.0
-9.746674,50,813.838352,0.0
-4.862438,50,814.293697,0.0
-9.966931,50,814.750298,0.0
-7.608058,50,815.205887,0.0
-10.770629,50,815.695804,0.0
-8.986028,50,816.15134,0.0
-8.78077,50,816.609824,0.0
-3.816199,50,817.070887,1.0
-10.136302,50,819.533914,0.0
-10.238308,50,819.99079,0.0
-12.348072,50,820.447255,0.0
-4.379927,50,820.909018,1.0
-7.633878,50,821.382757,0.0
-11.822471,50,821.838869,0.0
-4.712024,50,822.297131,1.0
-7.054203,50,822.75508,0.0
-9.58324,50,823.230808,0.0
-8.787292,50,823.686194,0.0
-8.903666,50,824.142076,0.0
-4.895776,50,824.600687,1.0
-7.854192,50,825.080234,0.0
-3.91605,50,825.535144,1.0
-10.166852,50,825.99001,0.0
-7.084962,50,826.448256,0.0
-10.141643,50,826.931521,0.0
-6.311516,50,827.38703,1.0
-11.52175,50,827.842432,0.0
-5.021439,50,828.298025,1.0
-6.684864,50,828.775279,0.0
-3.099109,50,829.232395,1.0
-11.530842,50,829.688272,0.0
-10.302983,50,830.143855,0.0
-9.925097,50,830.622766,0.0
-5.550028,50,831.07751,1.0
-12.956407,50,831.533338,0.0
-7.020982,50,831.991477,0.0
-8.079257,50,832.481533,0.0
-4.835151,50,832.937307,1.0
-3.695846,50,833.395146,1.0
-3.814203,50,833.84999,1.0
-13.8871,50,834.337702,0.0
-5.622806,50,834.792587,0.0
-6.731421,50,835.247635,1.0
-8.337108,50,835.708203,0.0
-7.455763,50,836.200997,1.0
-8.939568,50,836.658967,0.0
-8.417564,50,837.11796,0.0
-10.340744,50,837.577644,0.0
-3.046543,50,840.037666,1.0
-8.36333,50,840.497693,0.0
-11.132715,50,840.955982,0.0
-7.080417,50,841.412235,0.0
-13.251835,50,841.90231,0.0
-7.635007,50,842.360409,0.0
-8.713139,50,842.816311,0.0
-4.615741,50,843.272453,0.0
-9.629914,50,843.752235,0.0
-5.646618,50,844.208485,1.0
-13.976988,50,844.66565,0.0
-6.699756,50,845.121099,0.0
-11.265934,50,845.599742,0.0
-4.433983,50,846.054931,1.0
-10.008179,50,846.509663,0.0
-5.659907,50,846.96459,0.0
-6.93949,50,847.443211,0.0
-7.301447,50,847.899032,1.0
-10.556512,50,848.356301,0.0
-7.627208,50,848.813074,0.0
-7.038873,50,849.302546,1.0
-5.303886,50,849.760428,1.0
-3.275785,50,850.216087,1.0
-2.918615,50,850.672502,1.0
-3.276945,50,851.160166,1.0
-5.624335,50,851.617328,1.0
-11.322232,50,852.078377,0.0
-7.879336,50,852.537061,0.0
-12.04219,50,853.01522,0.0
-10.3435,50,853.469241,0.0
-6.314728,50,853.920063,0.0
-4.146583,50,854.372528,1.0
-11.392259,50,854.844094,0.0
-7.007241,50,855.296628,0.0
-9.385194,50,855.747139,0.0
-7.48696,50,856.199451,0.0
-3.449139,50,856.674354,1.0
-7.770341,50,857.127069,0.0
-11.265701,50,857.578116,0.0
-7.083059,50,858.02913,0.0
-10.623941,50,860.477157,0.0
-14.69119,50,860.931208,0.0
-2.744158,50,861.38219,1.0
-3.35924,50,861.833059,1.0
-2.953502,50,862.30733,1.0
-4.840831,50,862.762899,1.0
-3.525856,50,863.218601,1.0
-12.184379,50,863.674195,0.0
-7.513663,50,864.154207,0.0
-7.943831,50,864.6144,0.0
-3.176336,50,865.069956,1.0
-13.487915,50,865.525741,0.0
-7.50842,50,866.008609,0.0
-6.027242,50,866.465612,0.0
-8.220282,50,866.921373,0.0
-4.708821,50,867.376668,1.0
-10.323127,50,867.853009,0.0
-7.367683,50,868.311368,0.0
-2.903476,50,868.766744,1.0
-12.035061,50,869.222756,0.0
-13.450986,50,869.701046,0.0
-4.126655,50,870.156199,1.0
-7.133812,50,870.612504,0.0
-4.501736,50,871.067357,0.0
-9.393848,50,871.552573,0.0
-6.150981,50,872.019541,1.0
-14.303282,50,872.476412,0.0
-10.905745,50,872.933409,0.0
-10.975613,50,873.411824,0.0
-15.302803,50,873.868316,0.0
-5.704214,50,874.324475,1.0
-3.733576,50,874.779584,1.0
-12.33751,50,875.260194,0.0
-8.010781,50,875.719151,0.0
-7.749547,50,876.175351,1.0
-11.119553,50,876.631134,0.0
-7.107357,50,877.109972,0.0
-3.927052,50,877.566067,1.0
-2.945448,50,878.021774,1.0
-5.416734,50,878.478775,0.0
-2.947743,50,880.934816,1.0
-2.894601,50,881.395581,1.0
-2.518191,50,881.850133,1.0
-4.918171,50,882.308272,1.0
-9.527968,50,882.787474,0.0
-7.066719,50,883.243113,0.0
-4.258856,50,883.699964,1.0
-8.057758,50,884.157726,0.0
-3.845067,50,884.628302,1.0
-9.790227,50,885.084139,0.0
-10.643179,50,885.542433,0.0
-8.026522,50,885.997907,0.0
-3.093667,50,886.477969,1.0
-12.575515,50,886.934961,0.0
-6.158357,50,887.391918,1.0
-8.13225,50,887.847586,0.0
-13.615701,50,888.327741,0.0
-2.668542,50,888.783566,1.0
-3.451045,50,889.24001,1.0
-5.656602,50,889.695303,0.0
-7.582787,50,890.174616,0.0
-3.331757,50,890.632532,1.0
-8.404582,50,891.090626,0.0
-4.845105,50,891.547956,0.0
-9.351493,50,892.021956,0.0
-5.598213,50,892.477071,1.0
-12.240765,50,892.932886,0.0
-9.30703,50,893.38868,0.0
-9.591006,50,893.886864,0.0
-14.219923,50,894.343524,0.0
-8.645135,50,894.799144,0.0
-5.314734,50,895.257321,0.0
-5.541674,50,895.737413,1.0
-12.709084,50,896.194013,0.0
-7.3547,50,896.651852,0.0
-9.640846,50,897.107033,0.0
-10.378731,50,897.586147,0.0
-8.094629,50,898.04215,0.0
-10.332098,50,898.498149,0.0
-9.38671,50,898.954271,0.0
-8.753182,50,901.408627,0.0
-9.973252,50,901.877076,0.0
-3.865866,50,902.330605,1.0
-14.106331,50,902.787115,0.0
-13.775912,50,903.269051,0.0
-10.220748,50,903.725148,0.0
-5.738965,50,904.175711,0.0
-6.832426,50,904.631793,0.0
-5.949725,50,905.106737,1.0
-7.509762,50,905.558773,0.0
-7.235666,50,906.009709,0.0
-9.059439,50,906.460601,0.0
-14.047986,50,906.935624,0.0
-5.860893,50,907.386655,1.0
-3.49587,50,907.839956,1.0
-4.204921,50,908.290651,1.0
-10.87669,50,908.772813,0.0
-5.380351,50,909.227594,0.0
-8.759971,50,909.678757,0.0
-9.84185,50,910.129721,0.0
-12.969345,50,910.598721,0.0
-10.467916,50,911.05405,0.0
-8.614341,50,911.51,0.0
-10.576751,50,911.964448,0.0
-9.065526,50,912.437299,0.0
-7.14718,50,912.893666,0.0
-3.445175,50,913.355146,1.0
-8.576072,50,913.812006,0.0
-9.112728,50,914.290089,0.0
-3.550965,50,914.746421,1.0
-5.267376,50,915.202942,1.0
-6.53651,50,915.661138,1.0
-9.159302,50,916.150645,0.0
-4.498629,50,916.608139,1.0
-3.956621,50,917.069569,1.0
-9.744405,50,917.52965,0.0
-5.694654,50,917.999366,0.0
-12.061189,50,918.458029,0.0
-4.634466,50,918.914404,1.0
-7.61015,50,919.370875,0.0
-4.938595,50,921.870919,1.0
-11.827355,50,922.330563,0.0
-4.348797,50,922.78706,0.0
-4.426317,50,923.246064,1.0
-3.769703,50,923.72888,1.0
-10.099731,50,924.1854,0.0
-6.751676,50,924.64254,1.0
-3.32068,50,925.099271,1.0
-3.417546,50,925.580241,1.0
-11.580278,50,926.04227,0.0
-2.751945,50,926.498993,1.0
-8.53215,50,926.955772,0.0
-3.660346,50,927.455137,1.0
-2.863195,50,927.913752,1.0
-7.950047,50,928.373548,0.0
-3.658737,50,928.834089,1.0
-13.270788,50,929.321988,0.0
-12.523558,50,929.785079,0.0
-2.963134,50,930.239763,1.0
-3.60299,50,930.698938,1.0
-9.450767,50,931.172992,0.0
-11.980052,50,931.633664,0.0
-3.262478,50,932.101114,1.0
-2.995545,50,932.560738,1.0
-3.670656,50,933.04114,1.0
-7.025095,50,933.500828,0.0
-7.173628,50,933.959231,0.0
-4.712678,50,934.421283,1.0
-11.586801,50,934.89951,0.0
-11.371383,50,935.357266,0.0
-8.278309,50,935.815965,0.0
-12.756729,50,936.272722,0.0
-13.595725,50,936.749804,0.0
-2.829101,50,937.20679,1.0
-14.333798,50,937.664174,0.0
-9.305972,50,938.121531,0.0
-10.029441,50,938.607893,0.0
-3.430781,50,939.067508,1.0
-5.173246,50,939.524554,1.0
-3.957335,50,939.981412,1.0
-7.552443,50,942.429747,1.0
-11.329941,50,942.888368,0.0
-6.986644,50,943.34592,0.0
-5.367543,50,943.803411,1.0
-6.79861,50,944.28336,1.0
-3.968266,50,944.739,1.0
-9.351081,50,945.197725,0.0
-13.19142,50,945.654468,0.0
-8.489465,50,946.135129,0.0
-4.967804,50,946.591477,1.0
-4.424968,50,947.049555,1.0
-8.508532,50,947.507742,0.0
-6.21011,50,947.991215,0.0
-2.890245,50,948.447883,1.0
-3.311519,50,948.906137,1.0
-5.60102,50,949.364167,0.0
-6.534376,50,949.838112,1.0
-9.105868,50,950.29513,0.0
-9.041698,50,950.751487,0.0
-11.347463,50,951.207204,0.0
-10.85009,50,951.677169,0.0
-6.580566,50,952.135717,0.0
-4.742569,50,952.588334,1.0
-8.227548,50,953.043932,0.0
-12.997492,50,953.522408,0.0
-12.585816,50,953.979253,0.0
-8.61712,50,954.436266,0.0
-5.107506,50,954.896269,0.0
-8.406262,50,955.368505,0.0
-6.908313,50,955.824414,0.0
-8.481233,50,956.27819,0.0
-11.287759,50,956.736414,0.0
-7.701279,50,957.212245,0.0
-9.003143,50,957.669334,0.0
-6.245066,50,958.121155,0.0
-6.497521,50,958.573214,1.0
-9.750074,50,959.043263,0.0
-10.971984,50,959.494272,0.0
-2.874289,50,959.945204,1.0
-4.717505,50,960.396217,0.0
-5.714118,50,962.873435,0.0
-10.727522,50,963.326282,0.0
-8.466994,50,963.777316,0.0
-7.318911,50,964.228571,0.0
-5.114468,50,964.706409,1.0
-15.166563,50,965.160329,0.0
-9.600193,50,965.611329,0.0
-5.489571,50,966.066285,1.0
-4.156977,50,966.547359,1.0
-4.004735,50,967.002651,1.0
-14.95143,50,967.458325,0.0
-3.8378,50,967.917387,1.0
-5.615594,50,968.387391,0.0
-14.88774,50,968.844446,0.0
-8.76192,50,969.302355,0.0
-5.776682,50,969.7618,0.0
-8.240325,50,970.232788,0.0
-3.624201,50,970.693324,1.0
-4.722082,50,971.150035,1.0
-10.081142,50,971.606771,0.0
-7.217657,50,972.077393,0.0
-3.917184,50,972.5351,1.0
-11.119366,50,972.992379,0.0
-6.038916,50,973.451913,1.0
-3.673676,50,973.929574,1.0
-7.029677,50,974.386102,0.0
-9.560432,50,974.842217,0.0
-11.653442,50,975.298417,0.0
-5.276334,50,975.767536,1.0
-10.144129,50,976.224211,0.0
-12.299579,50,976.681149,0.0
-4.254676,50,977.137598,1.0
-11.678025,50,977.619963,0.0
-10.365971,50,978.083232,0.0
-4.886535,50,978.544258,1.0
-12.258671,50,979.004946,0.0
-7.280877,50,979.478538,1.0
-4.223467,50,979.942843,1.0
-6.414117,50,980.40156,0.0
-3.071615,50,980.861989,1.0
-5.539084,50,983.302494,1.0
-2.505007,50,983.763641,1.0
-7.275979,50,984.227232,0.0
-9.982151,50,984.68398,0.0
-11.878277,50,985.162281,0.0
-12.213355,50,985.623512,0.0
-6.44701,50,986.081091,0.0
-9.880908,50,986.537653,0.0
-13.70526,50,987.006607,0.0
-8.365727,50,987.462566,0.0
-12.059819,50,987.920021,0.0
-8.716641,50,988.377198,0.0
-6.525314,50,988.854388,0.0
-7.228429,50,989.310877,0.0
-11.871505,50,989.767669,0.0
-2.295281,50,990.223419,1.0
-12.481886,50,990.700258,0.0
-3.352621,50,991.159788,1.0
-6.232386,50,991.620253,0.0
-9.393701,50,992.088475,0.0
-8.458103,50,992.559676,0.0
-3.694459,50,993.016263,1.0
-14.649352,50,993.474487,0.0
-14.626774,50,993.93226,0.0
-4.847128,50,994.403234,1.0
-13.570868,50,994.860054,0.0
-9.003763,50,995.31657,0.0
-11.670085,50,995.774999,0.0
-14.454245,50,996.248264,0.0
-8.14196,50,996.704573,0.0
-5.630529,50,997.161963,1.0
-2.321428,50,997.617217,1.0
-7.251302,50,998.091291,0.0
-6.025353,50,998.549835,1.0
-5.712881,50,999.007225,1.0
-7.286171,50,999.464015,0.0
-3.223885,50,999.942885,1.0
-12.944662,50,1000.400736,0.0
-15.533082,50,1000.859371,0.0
-15.193849,50,1001.316226,0.0
-10.283142,50,1003.755219,0.0
-3.711926,50,1004.2128,1.0
-8.12137,50,1004.671425,0.0
-9.546736,50,1005.128144,0.0
-11.992625,50,1005.600276,0.0
-8.976542,50,1006.056934,0.0
-4.655791,50,1006.514844,0.0
-6.394835,50,1006.972442,1.0
-11.876494,50,1007.44412,0.0
-12.466366,50,1007.900641,0.0
-8.37707,50,1008.360224,0.0
-7.943011,50,1008.81673,0.0
-5.719864,50,1009.296137,1.0
-10.657409,50,1009.756976,0.0
-7.929962,50,1010.214092,0.0
-10.690997,50,1010.670202,0.0
-10.60084,50,1011.143092,0.0
-10.045427,50,1011.601282,0.0
-6.464993,50,1012.059176,0.0
-4.532116,50,1012.515517,1.0
-8.775581,50,1012.98747,0.0
-5.218481,50,1013.447044,1.0
-8.752334,50,1013.905932,0.0
-6.640543,50,1014.362713,0.0
-12.337136,50,1014.835994,0.0
-5.765939,50,1015.292457,1.0
-8.425294,50,1015.749964,0.0
-8.775851,50,1016.210073,0.0
-4.830405,50,1016.687404,1.0
-14.531567,50,1017.144638,0.0
-15.055907,50,1017.606501,0.0
-9.310867,50,1018.06402,0.0
-5.207131,50,1018.551924,1.0
-9.346714,50,1019.009241,0.0
-3.763205,50,1019.467834,1.0
-3.064447,50,1019.925788,1.0
-6.297467,50,1020.409212,1.0
-4.754171,50,1020.86561,1.0
-4.006589,50,1021.322379,1.0
-8.561108,50,1021.782575,0.0
