#{"t_start": 1783191656.1527014, "env_id": "FetchReach-v3"}
r,l,t,is_success
-50.0,50,8.631858,0.0
-50.0,50,8.70345,0.0
-50.0,50,8.774958,0.0
-50.0,50,8.847204,0.0
-50.0,50,8.93117,0.0
-50.0,50,9.002222,0.0
-50.0,50,9.073516,0.0
-50.0,50,9.150304,0.0
-50.0,50,9.229148,0.0
-50.0,50,9.300523,0.0
-50.0,50,9.372856,0.0
-50.0,50,9.445354,0.0
-50.0,50,9.523201,0.0
-50.0,50,9.594571,0.0
-50.0,50,9.666166,0.0
-50.0,50,9.73793,0.0
-50.0,50,9.815542,0.0
-50.0,50,9.887129,0.0
-50.0,50,9.958779,0.0
-50.0,50,10.03073,0.0
-50.0,50,11.535241,0.0
-50.0,50,11.987729,0.0
-50.0,50,12.438218,0.0
-50.0,50,12.889084,0.0
-50.0,50,13.359199,0.0
-50.0,50,13.814133,0.0
-50.0,50,14.266319,0.0
-50.0,50,14.718283,0.0
-50.0,50,15.190279,0.0
-50.0,50,15.778174,0.0
-50.0,50,16.229317,0.0
-50.0,50,16.682225,0.0
-50.0,50,17.150314,0.0
-50.0,50,17.601428,0.0
-50.0,50,18.053326,0.0
-50.0,50,18.504284,0.0
-50.0,50,18.974333,0.0
-50.0,50,19.425284,0.0
-50.0,50,19.876351,0.0
-50.0,50,20.329314,0.0
-50.0,50,22.803645,0.0
-50.0,50,23.258774,0.0
-50.0,50,23.710461,0.0
-50.0,50,24.163524,0.0
-50.0,50,24.631483,0.0
-50.0,50,25.083395,0.0
-50.0,50,25.538285,0.0
-50.0,50,26.002439,0.0
-50.0,50,26.470465,0.0
-50.0,50,26.922227,0.0
-50.0,50,27.37853,0.0
-50.0,50,27.829575,0.0
-50.0,50,28.294563,0.0
-50.0,50,28.745417,0.0
-50.0,50,29.197515,0.0
-50.0,50,29.648468,0.0
-50.0,50,30.117532,0.0
-50.0,50,30.569516,0.0
-50.0,50,31.020495,0.0
-50.0,50,31.473166,0.0
-50.0,50,31.944824,0.0
-50.0,50,32.397473,0.0
-50.0,50,32.848537,0.0
-50.0,50,33.299543,0.0
-50.0,50,33.767483,0.0
-50.0,50,34.219547,0.0
-50.0,50,34.670527,0.0
-50.0,50,35.121517,0.0
-50.0,50,35.586529,0.0
-50.0,50,36.040701,0.0
-50.0,50,36.492563,0.0
-50.0,50,36.944144,0.0
-50.0,50,37.410563,0.0
-50.0,50,37.863628,0.0
-50.0,50,38.321539,0.0
-50.0,50,38.774581,0.0
-50.0,50,39.242991,0.0
-50.0,50,39.696681,0.0
-50.0,50,40.151331,0.0
-50.0,50,40.606111,0.0
-50.0,50,43.011041,0.0
-50.0,50,43.464452,0.0
-50.0,50,43.918591,0.0
-50.0,50,44.37123,0.0
-50.0,50,44.838275,0.0
-50.0,50,45.293454,0.0
-50.0,50,45.746447,0.0
-50.0,50,46.199991,0.0
-50.0,50,46.667063,0.0
-50.0,50,47.119804,0.0
-50.0,50,47.571917,0.0
-50.0,50,48.025591,0.0
-50.0,50,48.510113,0.0
-50.0,50,48.964219,0.0
-50.0,50,49.417762,0.0
-50.0,50,49.872686,0.0
-50.0,50,50.359232,0.0
-50.0,50,50.812322,0.0
-50.0,50,51.265575,0.0
-50.0,50,51.721228,0.0
-50.0,50,52.203703,0.0
-50.0,50,52.660865,0.0
-50.0,50,53.11489,0.0
-50.0,50,53.570427,0.0
-50.0,50,54.060498,0.0
-50.0,50,54.513742,0.0
-50.0,50,54.968287,0.0
-50.0,50,55.422273,0.0
-50.0,50,55.914274,0.0
-50.0,50,56.370621,0.0
-50.0,50,56.826025,0.0
-50.0,50,57.281092,0.0
-50.0,50,57.759307,0.0
-50.0,50,58.214171,0.0
-50.0,50,58.667796,0.0
-50.0,50,59.121141,0.0
-50.0,50,59.604367,0.0
-50.0,50,60.060618,0.0
-50.0,50,60.516981,0.0
-50.0,50,60.973361,0.0
-50.0,50,63.440779,0.0
-50.0,50,63.894744,0.0
-50.0,50,64.348928,0.0
-50.0,50,64.806453,0.0
-50.0,50,65.291394,0.0
-50.0,50,65.744119,0.0
-50.0,50,66.198042,0.0
-50.0,50,66.654452,0.0
-50.0,50,67.141132,0.0
-50.0,50,67.59406,0.0
-50.0,50,68.047482,0.0
-50.0,50,68.505534,0.0
-50.0,50,68.988883,0.0
-50.0,50,69.445558,0.0
-50.0,50,69.906963,0.0
-50.0,50,70.363676,0.0
-50.0,50,70.86097,0.0
-50.0,50,71.323368,0.0
-50.0,50,71.786973,0.0
-50.0,50,72.245173,0.0
-50.0,50,72.738437,0.0
-50.0,50,73.198381,0.0
-50.0,50,73.65783,0.0
-50.0,50,74.116325,0.0
-50.0,50,74.599835,0.0
-50.0,50,75.062696,0.0
-50.0,50,75.52074,0.0
-50.0,50,75.983508,0.0
-50.0,50,76.467531,0.0
-50.0,50,76.936569,0.0
-50.0,50,77.405405,0.0
-50.0,50,77.869833,0.0
-50.0,50,78.350438,0.0
-50.0,50,78.812892,0.0
-50.0,50,79.279054,0.0
-50.0,50,79.742622,0.0
-50.0,50,80.231373,0.0
-50.0,50,80.69634,0.0
-50.0,50,81.156361,0.0
-50.0,50,81.617763,0.0
-50.0,50,84.196875,0.0
-50.0,50,84.65899,0.0
-50.0,50,85.122923,0.0
-50.0,50,85.612346,0.0
-50.0,50,86.099268,0.0
-50.0,50,86.565753,0.0
-50.0,50,87.036228,0.0
-50.0,50,87.506685,0.0
-50.0,50,87.979214,0.0
-50.0,50,88.43695,0.0
-50.0,50,88.900323,0.0
-50.0,50,89.363637,0.0
-50.0,50,89.845531,0.0
-50.0,50,90.315192,0.0
-50.0,50,90.781857,0.0
-50.0,50,91.249741,0.0
-50.0,50,91.732107,0.0
-50.0,50,92.197045,0.0
-50.0,50,92.658618,0.0
-50.0,50,93.120659,0.0
-50.0,50,93.599432,0.0
-50.0,50,94.056687,0.0
-50.0,50,94.514407,0.0
-50.0,50,94.97359,0.0
-50.0,50,95.447914,0.0
-50.0,50,95.908326,0.0
-50.0,50,96.367461,0.0
-50.0,50,96.826652,0.0
-50.0,50,97.301934,0.0
-50.0,50,97.761897,0.0
-50.0,50,98.224759,0.0
-50.0,50,98.686254,0.0
-50.0,50,99.160193,0.0
-50.0,50,99.62096,0.0
-50.0,50,100.081008,0.0
-50.0,50,100.541568,0.0
-50.0,50,101.016785,0.0
-50.0,50,101.476616,0.0
-50.0,50,101.938379,0.0
-50.0,50,102.397535,0.0
-50.0,50,104.915599,0.0
-50.0,50,105.374812,0.0
-50.0,50,105.836893,0.0
-50.0,50,106.299087,0.0
-50.0,50,106.776346,0.0
-50.0,50,107.237511,0.0
-50.0,50,107.697444,0.0
-50.0,50,108.158512,0.0
-50.0,50,108.646739,0.0
-50.0,50,109.110532,0.0
-50.0,50,109.571606,0.0
-50.0,50,110.028551,0.0
-50.0,50,110.501358,0.0
-50.0,50,110.958852,0.0
-50.0,50,111.421308,0.0
-50.0,50,111.881554,0.0
-50.0,50,112.358134,0.0
-50.0,50,112.814722,0.0
-50.0,50,113.270676,0.0
-50.0,50,113.727041,0.0
-50.0,50,114.199524,0.0
-50.0,50,114.660934,0.0
-50.0,50,115.121807,0.0
-50.0,50,115.582998,0.0
-50.0,50,116.063526,0.0
-50.0,50,116.523206,0.0
-50.0,50,116.993269,0.0
-50.0,50,117.452509,0.0
-50.0,50,117.947001,0.0
-50.0,50,118.422436,0.0
-50.0,50,118.901839,0.0
-50.0,50,119.380169,0.0
-50.0,50,119.870838,0.0
-50.0,50,120.347744,0.0
-50.0,50,120.81337,0.0
-50.0,50,121.273553,0.0
-50.0,50,121.75816,0.0
-50.0,50,122.222427,0.0
-50.0,50,122.68407,0.0
-50.0,50,123.146279,0.0
-50.0,50,125.849508,0.0
-50.0,50,126.310424,0.0
-50.0,50,126.775226,0.0
-50.0,50,127.24738,0.0
-50.0,50,127.758252,0.0
-50.0,50,128.232054,0.0
-50.0,50,128.702866,0.0
-50.0,50,129.169155,0.0
-50.0,50,129.661831,0.0
-50.0,50,130.124106,0.0
-50.0,50,130.59099,0.0
-50.0,50,131.054136,0.0
-50.0,50,131.542923,0.0
-50.0,50,132.007746,0.0
-50.0,50,132.472054,0.0
-50.0,50,132.936768,0.0
-50.0,50,133.432998,0.0
-50.0,50,133.898776,0.0
-50.0,50,134.361895,0.0
-50.0,50,134.835332,0.0
-50.0,50,135.318834,0.0
-50.0,50,135.783736,0.0
-50.0,50,136.25694,0.0
-50.0,50,136.725304,0.0
-50.0,50,137.214806,0.0
-50.0,50,137.688266,0.0
-50.0,50,138.160612,0.0
-50.0,50,138.634916,0.0
-50.0,50,139.132387,0.0
-50.0,50,139.602869,0.0
-50.0,50,140.074759,0.0
-50.0,50,140.547274,0.0
-50.0,50,141.028904,0.0
-50.0,50,141.494403,0.0
-50.0,50,141.957358,0.0
-50.0,50,142.412871,0.0
-50.0,50,142.906636,0.0
-50.0,50,143.360238,0.0
-50.0,50,143.822795,0.0
-50.0,50,144.276873,0.0
-50.0,50,146.811121,0.0
-50.0,50,147.270493,0.0
-50.0,50,147.72744,0.0
-50.0,50,148.194579,0.0
-50.0,50,148.690513,0.0
-50.0,50,149.155936,0.0
-50.0,50,149.61532,0.0
-50.0,50,150.079007,0.0
-50.0,50,150.562932,0.0
-50.0,50,151.020977,0.0
-50.0,50,151.476388,0.0
-50.0,50,151.951716,0.0
-50.0,50,152.444339,0.0
-50.0,50,152.904078,0.0
-50.0,50,153.367059,0.0
-50.0,50,153.824224,0.0
-50.0,50,154.31763,0.0
-50.0,50,154.7781,0.0
-50.0,50,155.249549,0.0
-50.0,50,155.72075,0.0
-50.0,50,156.211108,0.0
-50.0,50,156.673115,0.0
-50.0,50,157.141555,0.0
-50.0,50,157.603176,0.0
-50.0,50,158.094102,0.0
-50.0,50,158.554003,0.0
-50.0,50,159.016041,0.0
-50.0,50,159.487534,0.0
-50.0,50,159.983224,0.0
-50.0,50,160.437725,0.0
-50.0,50,160.901841,0.0
-50.0,50,161.364848,0.0
-50.0,50,161.858184,0.0
-50.0,50,162.31953,0.0
-50.0,50,162.775601,0.0
-50.0,50,163.236689,0.0
-50.0,50,163.731394,0.0
-50.0,50,164.192621,0.0
-50.0,50,164.64713,0.0
-50.0,50,165.109138,0.0
-50.0,50,167.69651,0.0
-50.0,50,168.160705,0.0
-50.0,50,168.625113,0.0
-50.0,50,169.091412,0.0
-50.0,50,169.56929,0.0
-50.0,50,170.034832,0.0
-50.0,50,170.499384,0.0
-50.0,50,170.958322,0.0
-50.0,50,171.431685,0.0
-50.0,50,171.893704,0.0
-50.0,50,172.360266,0.0
-50.0,50,172.820244,0.0
-50.0,50,173.306093,0.0
-50.0,50,173.773638,0.0
-50.0,50,174.235423,0.0
-50.0,50,174.699327,0.0
-50.0,50,175.190587,0.0
-50.0,50,175.657342,0.0
-50.0,50,176.130599,0.0
-50.0,50,176.594355,0.0
-50.0,50,177.084683,0.0
-50.0,50,177.55284,0.0
-50.0,50,178.020433,0.0
-50.0,50,178.485604,0.0
-50.0,50,178.972549,0.0
-50.0,50,179.449587,0.0
-50.0,50,179.920156,0.0
-50.0,50,180.381219,0.0
-50.0,50,180.871487,0.0
-50.0,50,181.346797,0.0
-50.0,50,181.815391,0.0
-50.0,50,182.286356,0.0
-50.0,50,182.775015,0.0
-50.0,50,183.251379,0.0
-50.0,50,183.725157,0.0
-50.0,50,184.192521,0.0
-50.0,50,184.678871,0.0
-50.0,50,185.157947,0.0
-50.0,50,185.622778,0.0
-50.0,50,186.10783,0.0
-50.0,50,188.885141,0.0
-50.0,50,189.361397,0.0
-50.0,50,189.840415,0.0
-50.0,50,190.321362,0.0
-50.0,50,190.818265,0.0
-50.0,50,191.284501,0.0
-50.0,50,191.757975,0.0
-50.0,50,192.238058,0.0
-50.0,50,192.737129,0.0
-50.0,50,193.207258,0.0
-50.0,50,193.678407,0.0
-50.0,50,194.143343,0.0
-50.0,50,194.625821,0.0
-50.0,50,195.090964,0.0
-50.0,50,195.556923,0.0
-50.0,50,196.0231,0.0
-50.0,50,196.502817,0.0
-50.0,50,196.966012,0.0
-50.0,50,197.430723,0.0
-50.0,50,197.898982,0.0
-50.0,50,198.376834,0.0
-50.0,50,198.840717,0.0
-50.0,50,199.307751,0.0
-50.0,50,199.773694,0.0
-50.0,50,200.272619,0.0
-50.0,50,200.74064,0.0
-50.0,50,201.206947,0.0
-50.0,50,201.673875,0.0
-50.0,50,202.172012,0.0
-50.0,50,202.641631,0.0
-50.0,50,203.111744,0.0
-50.0,50,203.580708,0.0
-50.0,50,204.079746,0.0
-50.0,50,204.547788,0.0
-50.0,50,205.016942,0.0
-50.0,50,205.486728,0.0
-50.0,50,205.988967,0.0
-50.0,50,206.456604,0.0
-50.0,50,206.923801,0.0
-50.0,50,207.388404,0.0
-50.0,50,209.999876,0.0
-50.0,50,210.462329,0.0
-50.0,50,210.932053,0.0
-50.0,50,211.401844,0.0
-50.0,50,211.902303,0.0
-50.0,50,212.363589,0.0
-50.0,50,212.831337,0.0
-50.0,50,213.300265,0.0
-50.0,50,213.795845,0.0
-50.0,50,214.263809,0.0
-50.0,50,214.727849,0.0
-50.0,50,215.186948,0.0
-50.0,50,215.690623,0.0
-50.0,50,216.154441,0.0
-50.0,50,216.618618,0.0
-50.0,50,217.081743,0.0
-50.0,50,217.589891,0.0
-50.0,50,218.050414,0.0
-50.0,50,218.516392,0.0
-50.0,50,218.97355,0.0
-50.0,50,219.493417,0.0
-50.0,50,219.957358,0.0
-50.0,50,220.413925,0.0
-50.0,50,220.874365,0.0
-50.0,50,221.37014,0.0
-50.0,50,221.828695,0.0
-50.0,50,222.287488,0.0
-50.0,50,222.745216,0.0
-50.0,50,223.24619,0.0
-50.0,50,223.706294,0.0
-50.0,50,224.169364,0.0
-50.0,50,224.629544,0.0
-50.0,50,225.115773,0.0
-50.0,50,225.576401,0.0
-50.0,50,226.033534,0.0
-50.0,50,226.490359,0.0
-50.0,50,226.984442,0.0
-50.0,50,227.440434,0.0
-50.0,50,227.897755,0.0
-50.0,50,228.357532,0.0
-50.0,50,230.872282,0.0
-50.0,50,231.326123,0.0
-50.0,50,231.785163,0.0
-50.0,50,232.246329,0.0
-50.0,50,232.734845,0.0
-50.0,50,233.194143,0.0
-50.0,50,233.647926,0.0
-50.0,50,234.108284,0.0
-50.0,50,234.604208,0.0
-50.0,50,235.063764,0.0
-50.0,50,235.52719,0.0
-50.0,50,236.001413,0.0
-50.0,50,236.489158,0.0
-50.0,50,236.953358,0.0
-50.0,50,237.412631,0.0
-50.0,50,237.872092,0.0
-50.0,50,238.366854,0.0
-50.0,50,238.825048,0.0
-50.0,50,239.287683,0.0
-50.0,50,239.751465,0.0
-50.0,50,240.23906,0.0
-50.0,50,240.704509,0.0
-50.0,50,241.166698,0.0
-50.0,50,241.632201,0.0
-50.0,50,242.119299,0.0
-50.0,50,242.584559,0.0
-50.0,50,243.048252,0.0
-50.0,50,243.515559,0.0
-50.0,50,244.004989,0.0
-50.0,50,244.471161,0.0
-50.0,50,244.934761,0.0
-50.0,50,245.402986,0.0
-50.0,50,245.891719,0.0
-50.0,50,246.35634,0.0
-50.0,50,246.817175,0.0
-50.0,50,247.284113,0.0
-50.0,50,247.783705,0.0
-50.0,50,248.253047,0.0
-50.0,50,248.718089,0.0
-50.0,50,249.183535,0.0
-50.0,50,251.836758,0.0
-50.0,50,252.30583,0.0
-50.0,50,252.774402,0.0
-50.0,50,253.242869,0.0
-50.0,50,253.730272,0.0
-50.0,50,254.193589,0.0
-50.0,50,254.655953,0.0
-50.0,50,255.114255,0.0
-50.0,50,255.594904,0.0
-50.0,50,256.055323,0.0
-50.0,50,256.516368,0.0
-50.0,50,256.985096,0.0
-50.0,50,257.470469,0.0
-50.0,50,257.934522,0.0
-50.0,50,258.397032,0.0
-50.0,50,258.859484,0.0
-50.0,50,259.344452,0.0
-50.0,50,259.806998,0.0
-50.0,50,260.268149,0.0
-50.0,50,260.728338,0.0
-50.0,50,261.210034,0.0
-50.0,50,261.676028,0.0
-50.0,50,262.140018,0.0
-50.0,50,262.603318,0.0
-50.0,50,263.0849,0.0
-50.0,50,263.548766,0.0
-50.0,50,264.014059,0.0
-50.0,50,264.479847,0.0
-50.0,50,264.96099,0.0
-50.0,50,265.422242,0.0
-50.0,50,265.887272,0.0
-50.0,50,266.348588,0.0
-50.0,50,266.831508,0.0
-50.0,50,267.292092,0.0
-50.0,50,267.757884,0.0
-50.0,50,268.224679,0.0
-50.0,50,268.72681,0.0
-50.0,50,269.193682,0.0
-50.0,50,269.655535,0.0
-50.0,50,270.124766,0.0
-50.0,50,272.80114,0.0
-50.0,50,273.265936,0.0
-50.0,50,273.732529,0.0
-50.0,50,274.20271,0.0
-50.0,50,274.691898,0.0
-50.0,50,275.149637,0.0
-50.0,50,275.607934,0.0
-50.0,50,276.06756,0.0
-50.0,50,276.544181,0.0
-50.0,50,277.005669,0.0
-50.0,50,277.46786,0.0
-50.0,50,277.934729,0.0
-50.0,50,278.439764,0.0
-50.0,50,278.900285,0.0
-50.0,50,279.361241,0.0
-50.0,50,279.824654,0.0
-50.0,50,280.307849,0.0
-50.0,50,280.769871,0.0
-50.0,50,281.23436,0.0
-50.0,50,281.696906,0.0
-50.0,50,282.181993,0.0
-50.0,50,282.644746,0.0
-50.0,50,283.105803,0.0
-50.0,50,283.568439,0.0
-50.0,50,284.046466,0.0
-50.0,50,284.506323,0.0
-50.0,50,284.964712,0.0
-50.0,50,285.421749,0.0
-50.0,50,285.901892,0.0
-50.0,50,286.364584,0.0
-50.0,50,286.824167,0.0
-50.0,50,287.284607,0.0
-50.0,50,287.760632,0.0
-50.0,50,288.219495,0.0
-50.0,50,288.683964,0.0
-50.0,50,289.144275,0.0
-50.0,50,289.624459,0.0
-50.0,50,290.084775,0.0
-50.0,50,290.549513,0.0
-50.0,50,291.008904,0.0
-50.0,50,293.600731,0.0
-50.0,50,294.063179,0.0
-50.0,50,294.525999,0.0
-50.0,50,294.98764,0.0
-50.0,50,295.463585,0.0
-50.0,50,295.931555,0.0
-50.0,50,296.395435,0.0
-50.0,50,296.857825,0.0
-50.0,50,297.346005,0.0
-50.0,50,297.807905,0.0
-50.0,50,298.271877,0.0
-50.0,50,298.733643,0.0
-50.0,50,299.208598,0.0
-50.0,50,299.671332,0.0
-50.0,50,300.136096,0.0
-50.0,50,300.599157,0.0
-50.0,50,301.077124,0.0
-50.0,50,301.540782,0.0
-50.0,50,302.007224,0.0
-50.0,50,302.47028,0.0
-50.0,50,302.947141,0.0
-50.0,50,303.4113,0.0
-50.0,50,303.871728,0.0
-50.0,50,304.33285,0.0
-50.0,50,304.815708,0.0
-50.0,50,305.276243,0.0
-50.0,50,305.737181,0.0
-50.0,50,306.20104,0.0
-50.0,50,306.683642,0.0
-50.0,50,307.14273,0.0
-50.0,50,307.602424,0.0
-50.0,50,308.058795,0.0
-50.0,50,308.536967,0.0
-50.0,50,308.996728,0.0
-50.0,50,309.458349,0.0
-50.0,50,309.917616,0.0
-50.0,50,310.406849,0.0
-50.0,50,310.865068,0.0
-50.0,50,311.324229,0.0
-50.0,50,311.78526,0.0
-50.0,50,314.344985,0.0
-50.0,50,314.802113,0.0
-50.0,50,315.259702,0.0
-50.0,50,315.71786,0.0
-50.0,50,316.220105,0.0
-50.0,50,316.687637,0.0
-50.0,50,317.150199,0.0
-50.0,50,317.611173,0.0
-50.0,50,318.095065,0.0
-50.0,50,318.553739,0.0
-50.0,50,319.011466,0.0
-50.0,50,319.47091,0.0
-50.0,50,319.951984,0.0
-50.0,50,320.413001,0.0
-50.0,50,320.870298,0.0
-50.0,50,321.329968,0.0
-50.0,50,321.809087,0.0
-50.0,50,322.267034,0.0
-50.0,50,322.724744,0.0
-50.0,50,323.189826,0.0
-50.0,50,323.673967,0.0
-50.0,50,324.132038,0.0
-50.0,50,324.591948,0.0
-50.0,50,325.04907,0.0
-50.0,50,325.533511,0.0
-50.0,50,325.997859,0.0
-50.0,50,326.458734,0.0
-50.0,50,326.919014,0.0
-50.0,50,327.403202,0.0
-50.0,50,327.860348,0.0
-50.0,50,328.318064,0.0
-50.0,50,328.785275,0.0
-50.0,50,329.275733,0.0
-50.0,50,329.736688,0.0
-50.0,50,330.20006,0.0
-50.0,50,330.665754,0.0
-50.0,50,331.156459,0.0
-50.0,50,331.617832,0.0
-50.0,50,332.080245,0.0
-50.0,50,332.546292,0.0
-50.0,50,335.117867,0.0
-50.0,50,335.576304,0.0
-50.0,50,336.03618,0.0
-50.0,50,336.498068,0.0
-50.0,50,336.980907,0.0
-50.0,50,337.444049,0.0
-50.0,50,337.912254,0.0
-50.0,50,338.378151,0.0
-50.0,50,338.857342,0.0
-50.0,50,339.316167,0.0
-50.0,50,339.77702,0.0
-50.0,50,340.241436,0.0
-50.0,50,340.736748,0.0
-50.0,50,341.201766,0.0
-50.0,50,341.67245,0.0
-50.0,50,342.134614,0.0
-50.0,50,342.63271,0.0
-50.0,50,343.101788,0.0
-50.0,50,343.565865,0.0
-50.0,50,344.03016,0.0
-50.0,50,344.523216,0.0
-50.0,50,344.986019,0.0
-50.0,50,345.453491,0.0
-50.0,50,345.920438,0.0
-50.0,50,346.413145,0.0
-50.0,50,346.870162,0.0
-50.0,50,347.336903,0.0
-50.0,50,347.802681,0.0
-50.0,50,348.292966,0.0
-50.0,50,348.758684,0.0
-50.0,50,349.223371,0.0
-50.0,50,349.689501,0.0
-50.0,50,350.183379,0.0
-50.0,50,350.646621,0.0
-50.0,50,351.111381,0.0
-50.0,50,351.583204,0.0
-50.0,50,352.068846,0.0
-50.0,50,352.53646,0.0
-50.0,50,353.002774,0.0
-50.0,50,353.465373,0.0
-50.0,50,356.035044,0.0
-50.0,50,356.502735,0.0
-50.0,50,356.968515,0.0
-50.0,50,357.429283,0.0
-50.0,50,357.91642,0.0
-50.0,50,358.385448,0.0
-50.0,50,358.850607,0.0
-50.0,50,359.315421,0.0
-50.0,50,359.790354,0.0
-50.0,50,360.253751,0.0
-50.0,50,360.716458,0.0
-50.0,50,361.179569,0.0
-50.0,50,361.673546,0.0
-50.0,50,362.140178,0.0
-50.0,50,362.603546,0.0
-50.0,50,363.07015,0.0
-50.0,50,363.570277,0.0
-50.0,50,364.037732,0.0
-50.0,50,364.505472,0.0
-50.0,50,364.9733,0.0
-50.0,50,365.467669,0.0
-50.0,50,365.936515,0.0
-50.0,50,366.404498,0.0
-50.0,50,366.871417,0.0
-50.0,50,367.37135,0.0
-50.0,50,367.840377,0.0
-50.0,50,368.309848,0.0
-50.0,50,368.777146,0.0
-50.0,50,369.271304,0.0
-50.0,50,369.732942,0.0
-50.0,50,370.196539,0.0
-50.0,50,370.662413,0.0
-50.0,50,371.157931,0.0
-50.0,50,371.621069,0.0
-50.0,50,372.087271,0.0
-50.0,50,372.549996,0.0
-50.0,50,373.034032,0.0
-50.0,50,373.499451,0.0
-50.0,50,373.964539,0.0
-50.0,50,374.430724,0.0
-50.0,50,377.102166,0.0
-50.0,50,377.569012,0.0
-50.0,50,378.030947,0.0
-50.0,50,378.494513,0.0
-50.0,50,378.985149,0.0
-50.0,50,379.459918,0.0
-50.0,50,379.932214,0.0
-50.0,50,380.402753,0.0
-50.0,50,380.911025,0.0
-50.0,50,381.381183,0.0
-50.0,50,381.848783,0.0
-50.0,50,382.315764,0.0
-50.0,50,382.807216,0.0
-50.0,50,383.273629,0.0
-50.0,50,383.744152,0.0
-50.0,50,384.20996,0.0
-50.0,50,384.699074,0.0
-50.0,50,385.168746,0.0
-50.0,50,385.641409,0.0
-50.0,50,386.113614,0.0
-50.0,50,386.601012,0.0
-50.0,50,387.06699,0.0
-50.0,50,387.53183,0.0
-50.0,50,387.990115,0.0
-50.0,50,388.478118,0.0
-50.0,50,388.936369,0.0
-50.0,50,389.400942,0.0
-50.0,50,389.867179,0.0
-50.0,50,390.34569,0.0
-50.0,50,390.809931,0.0
-50.0,50,391.277246,0.0
-50.0,50,391.744925,0.0
-50.0,50,392.242085,0.0
-50.0,50,392.709053,0.0
-50.0,50,393.17425,0.0
-50.0,50,393.640199,0.0
-50.0,50,394.129903,0.0
-50.0,50,394.600366,0.0
-50.0,50,395.071119,0.0
-50.0,50,395.542312,0.0
-50.0,50,398.271725,0.0
-50.0,50,398.737062,0.0
-50.0,50,399.207937,0.0
-50.0,50,399.670709,0.0
-50.0,50,400.168113,0.0
-50.0,50,400.640814,0.0
-50.0,50,401.113377,0.0
-50.0,50,401.579854,0.0
-50.0,50,402.073385,0.0
-50.0,50,402.546585,0.0
-50.0,50,403.015864,0.0
-50.0,50,403.495706,0.0
-50.0,50,403.991529,0.0
-50.0,50,404.466059,0.0
-50.0,50,404.933084,0.0
-50.0,50,405.398115,0.0
-50.0,50,405.904866,0.0
-50.0,50,406.382737,0.0
-50.0,50,406.857396,0.0
-50.0,50,407.327758,0.0
-50.0,50,407.831386,0.0
-50.0,50,408.304566,0.0
-50.0,50,408.779176,0.0
-50.0,50,409.254451,0.0
-50.0,50,409.757514,0.0
-50.0,50,410.231943,0.0
-50.0,50,410.700965,0.0
-50.0,50,411.176135,0.0
-50.0,50,411.675262,0.0
-50.0,50,412.152902,0.0
-50.0,50,412.633483,0.0
-50.0,50,413.112019,0.0
-50.0,50,413.616216,0.0
-50.0,50,414.094066,0.0
-50.0,50,414.572628,0.0
-50.0,50,415.046392,0.0
-50.0,50,415.554559,0.0
-50.0,50,416.041132,0.0
-50.0,50,416.517892,0.0
-50.0,50,416.995728,0.0
-50.0,50,419.779149,0.0
-50.0,50,420.247464,0.0
-50.0,50,420.71558,0.0
-50.0,50,421.19634,0.0
-50.0,50,421.707092,0.0
-50.0,50,422.183065,0.0
-50.0,50,422.64661,0.0
-50.0,50,423.111173,0.0
-50.0,50,423.597805,0.0
-50.0,50,424.066404,0.0
-50.0,50,424.540193,0.0
-50.0,50,425.006701,0.0
-50.0,50,425.506866,0.0
-50.0,50,425.973106,0.0
-50.0,50,426.434488,0.0
-50.0,50,426.893419,0.0
-50.0,50,427.386085,0.0
-50.0,50,427.847459,0.0
-50.0,50,428.310673,0.0
-50.0,50,428.772708,0.0
-50.0,50,429.267409,0.0
-50.0,50,429.720349,0.0
-50.0,50,430.179175,0.0
-50.0,50,430.638512,0.0
-50.0,50,431.166006,0.0
-50.0,50,431.624994,0.0
-50.0,50,432.08601,0.0
-50.0,50,432.544585,0.0
-50.0,50,433.026047,0.0
-50.0,50,433.484467,0.0
-50.0,50,433.943258,0.0
-50.0,50,434.403284,0.0
-50.0,50,434.892448,0.0
-50.0,50,435.351995,0.0
-50.0,50,435.809082,0.0
-50.0,50,436.266709,0.0
-50.0,50,436.757022,0.0
-50.0,50,437.215905,0.0
-50.0,50,437.672954,0.0
-50.0,50,438.129224,0.0
-50.0,50,440.644296,0.0
-50.0,50,441.096155,0.0
-50.0,50,441.553368,0.0
-50.0,50,442.007386,0.0
-50.0,50,442.506392,0.0
-50.0,50,442.970191,0.0
-50.0,50,443.426491,0.0
-50.0,50,443.879541,0.0
-50.0,50,444.374417,0.0
-50.0,50,444.834969,0.0
-50.0,50,445.293169,0.0
-50.0,50,445.755214,0.0
-50.0,50,446.25707,0.0
-50.0,50,446.715353,0.0
-50.0,50,447.1694,0.0
-50.0,50,447.627335,0.0
-50.0,50,448.118434,0.0
-50.0,50,448.57764,0.0
-50.0,50,449.03535,0.0
-50.0,50,449.489287,0.0
-50.0,50,449.965722,0.0
-50.0,50,450.421489,0.0
-50.0,50,450.876203,0.0
-50.0,50,451.333354,0.0
-50.0,50,451.83176,0.0
-50.0,50,452.286821,0.0
-50.0,50,452.755681,0.0
-50.0,50,453.210341,0.0
-50.0,50,453.697214,0.0
-50.0,50,454.159341,0.0
-50.0,50,454.622711,0.0
-50.0,50,455.080479,0.0
-50.0,50,455.56338,0.0
-50.0,50,456.01947,0.0
-50.0,50,456.479091,0.0
-50.0,50,456.935065,0.0
-50.0,50,457.418489,0.0
-50.0,50,457.879411,0.0
-50.0,50,458.343348,0.0
-50.0,50,458.803406,0.0
-50.0,50,461.238985,0.0
-50.0,50,461.699316,0.0
-50.0,50,462.158908,0.0
-50.0,50,462.61436,0.0
-50.0,50,463.096729,0.0
-50.0,50,463.556572,0.0
-50.0,50,464.015107,0.0
-50.0,50,464.474628,0.0
-50.0,50,464.954403,0.0
-50.0,50,465.408515,0.0
-50.0,50,465.861807,0.0
-50.0,50,466.317832,0.0
-50.0,50,466.786488,0.0
-50.0,50,467.241524,0.0
-50.0,50,467.697556,0.0
-50.0,50,468.1546,0.0
-50.0,50,468.627466,0.0
-50.0,50,469.081432,0.0
-50.0,50,469.534846,0.0
-50.0,50,469.986742,0.0
-50.0,50,470.463928,0.0
-50.0,50,470.915365,0.0
-50.0,50,471.370549,0.0
-50.0,50,471.823449,0.0
-50.0,50,472.298277,0.0
-50.0,50,472.753873,0.0
-50.0,50,473.208447,0.0
-50.0,50,473.659508,0.0
-50.0,50,474.129883,0.0
-50.0,50,474.583929,0.0
-50.0,50,475.037873,0.0
-50.0,50,475.493541,0.0
-50.0,50,475.978498,0.0
-50.0,50,476.434727,0.0
-50.0,50,476.887428,0.0
-50.0,50,477.339897,0.0
-50.0,50,477.814546,0.0
-50.0,50,478.26948,0.0
-50.0,50,478.723954,0.0
-50.0,50,479.179302,0.0
-50.0,50,481.604707,0.0
-50.0,50,482.066658,0.0
-50.0,50,482.527507,0.0
-50.0,50,482.987841,0.0
-50.0,50,483.470999,0.0
-50.0,50,483.930639,0.0
-50.0,50,484.393891,0.0
-50.0,50,484.857397,0.0
-50.0,50,485.340337,0.0
-50.0,50,485.803488,0.0
-50.0,50,486.263302,0.0
-50.0,50,486.721704,0.0
-50.0,50,487.19473,0.0
-50.0,50,487.656538,0.0
-50.0,50,488.116673,0.0
-50.0,50,488.576119,0.0
-50.0,50,489.061456,0.0
-50.0,50,489.522557,0.0
-50.0,50,489.98267,0.0
-50.0,50,490.442875,0.0
-50.0,50,490.923958,0.0
-50.0,50,491.38552,0.0
-50.0,50,491.84568,0.0
-50.0,50,492.301943,0.0
-50.0,50,492.778748,0.0
-50.0,50,493.238146,0.0
-50.0,50,493.699532,0.0
-50.0,50,494.159966,0.0
-50.0,50,494.64769,0.0
-50.0,50,495.109124,0.0
-50.0,50,495.569868,0.0
-50.0,50,496.030416,0.0
-50.0,50,496.512108,0.0
-50.0,50,496.972496,0.0
-50.0,50,497.432029,0.0
-50.0,50,497.892372,0.0
-50.0,50,498.370461,0.0
-50.0,50,498.82814,0.0
-50.0,50,499.287774,0.0
-50.0,50,499.748289,0.0
-50.0,50,502.169906,0.0
-50.0,50,502.629203,0.0
-50.0,50,503.089403,0.0
-50.0,50,503.549342,0.0
-50.0,50,504.031715,0.0
-50.0,50,504.484823,0.0
-50.0,50,504.938644,0.0
-50.0,50,505.397158,0.0
-50.0,50,505.891161,0.0
-50.0,50,506.34384,0.0
-50.0,50,506.795895,0.0
-50.0,50,507.250626,0.0
-50.0,50,507.733076,0.0
-50.0,50,508.18599,0.0
-50.0,50,508.64002,0.0
-50.0,50,509.093833,0.0
-50.0,50,509.570675,0.0
-50.0,50,510.024937,0.0
-50.0,50,510.477925,0.0
-50.0,50,510.92913,0.0
-50.0,50,511.412335,0.0
-50.0,50,511.869677,0.0
-50.0,50,512.323967,0.0
-50.0,50,512.776974,0.0
-50.0,50,513.256301,0.0
-50.0,50,513.710965,0.0
-50.0,50,514.166292,0.0
-50.0,50,514.621245,0.0
-50.0,50,515.094015,0.0
-50.0,50,515.548343,0.0
-50.0,50,516.002664,0.0
-50.0,50,516.455314,0.0
-50.0,50,516.933929,0.0
-50.0,50,517.388954,0.0
-50.0,50,517.844639,0.0
-50.0,50,518.30403,0.0
-50.0,50,518.77817,0.0
-50.0,50,519.234348,0.0
-50.0,50,519.690007,0.0
-50.0,50,520.14538,0.0
-50.0,50,522.571153,0.0
-50.0,50,523.026328,0.0
-50.0,50,523.481097,0.0
-50.0,50,523.936129,0.0
-50.0,50,524.415144,0.0
-50.0,50,524.870054,0.0
-50.0,50,525.325969,0.0
-50.0,50,525.786295,0.0
-50.0,50,526.269034,0.0
-50.0,50,526.729224,0.0
-50.0,50,527.187881,0.0
-50.0,50,527.642108,0.0
-50.0,50,528.133386,0.0
-50.0,50,528.589083,0.0
-50.0,50,529.043315,0.0
-50.0,50,529.500971,0.0
-50.0,50,529.979028,0.0
-50.0,50,530.436455,0.0
-50.0,50,530.89269,0.0
-50.0,50,531.350527,0.0
-50.0,50,531.843415,0.0
-50.0,50,532.303113,0.0
-50.0,50,532.761286,0.0
-50.0,50,533.221803,0.0
-50.0,50,533.711361,0.0
-50.0,50,534.171591,0.0
-50.0,50,534.632081,0.0
-50.0,50,535.094364,0.0
-50.0,50,535.581827,0.0
-50.0,50,536.047134,0.0
-50.0,50,536.508409,0.0
-50.0,50,536.968279,0.0
-50.0,50,537.457522,0.0
-50.0,50,537.918368,0.0
-50.0,50,538.37923,0.0
-50.0,50,538.835656,0.0
-50.0,50,539.330448,0.0
-50.0,50,539.792166,0.0
-50.0,50,540.25475,0.0
-50.0,50,540.717297,0.0
-50.0,50,543.254805,0.0
-50.0,50,543.714276,0.0
-50.0,50,544.173379,0.0
-50.0,50,544.632326,0.0
-50.0,50,545.11632,0.0
-50.0,50,545.574859,0.0
-50.0,50,546.035678,0.0
-50.0,50,546.492285,0.0
-50.0,50,546.97681,0.0
-50.0,50,547.43946,0.0
-50.0,50,547.902593,0.0
-50.0,50,548.365756,0.0
-50.0,50,548.849681,0.0
-50.0,50,549.311655,0.0
-50.0,50,549.773376,0.0
-50.0,50,550.235804,0.0
-50.0,50,550.721303,0.0
-50.0,50,551.181466,0.0
-50.0,50,551.645351,0.0
-50.0,50,552.108964,0.0
-50.0,50,552.585473,0.0
-50.0,50,553.042432,0.0
-50.0,50,553.507015,0.0
-50.0,50,553.966437,0.0
-50.0,50,554.448976,0.0
-50.0,50,554.911885,0.0
-50.0,50,555.374843,0.0
-50.0,50,555.84093,0.0
-50.0,50,556.333406,0.0
-50.0,50,556.791655,0.0
-50.0,50,557.259405,0.0
-50.0,50,557.728821,0.0
-50.0,50,558.239871,0.0
-50.0,50,558.705056,0.0
-50.0,50,559.171865,0.0
-50.0,50,559.635988,0.0
-50.0,50,560.132558,0.0
-50.0,50,560.593724,0.0
-50.0,50,561.057694,0.0
-50.0,50,561.526702,0.0
-50.0,50,564.17164,0.0
-50.0,50,564.627937,0.0
-50.0,50,565.092768,0.0
-50.0,50,565.558724,0.0
-50.0,50,566.070794,0.0
-50.0,50,566.530923,0.0
-50.0,50,566.998241,0.0
-50.0,50,567.466012,0.0
-50.0,50,567.934736,0.0
-50.0,50,568.404063,0.0
-50.0,50,568.872612,0.0
-50.0,50,569.338703,0.0
-50.0,50,569.824799,0.0
-50.0,50,570.287454,0.0
-50.0,50,570.757961,0.0
-50.0,50,571.228045,0.0
-50.0,50,571.721195,0.0
-50.0,50,572.192106,0.0
-50.0,50,572.662882,0.0
-50.0,50,573.121081,0.0
-50.0,50,573.626202,0.0
-50.0,50,574.097988,0.0
-50.0,50,574.572162,0.0
-50.0,50,575.035521,0.0
-50.0,50,575.5367,0.0
-50.0,50,575.998619,0.0
-50.0,50,576.466668,0.0
-50.0,50,576.92079,0.0
-50.0,50,577.422748,0.0
-50.0,50,577.890913,0.0
-50.0,50,578.362998,0.0
-50.0,50,578.819766,0.0
-50.0,50,579.310708,0.0
-50.0,50,579.769542,0.0
-50.0,50,580.22611,0.0
-50.0,50,580.681714,0.0
-50.0,50,581.168143,0.0
-50.0,50,581.625741,0.0
-50.0,50,582.085085,0.0
-50.0,50,582.558676,0.0
-50.0,50,585.141278,0.0
-50.0,50,585.607459,0.0
-50.0,50,586.064476,0.0
-50.0,50,586.523526,0.0
-50.0,50,587.005007,0.0
-50.0,50,587.462769,0.0
-50.0,50,587.916834,0.0
-50.0,50,588.373061,0.0
-50.0,50,588.856802,0.0
-50.0,50,589.31712,0.0
-50.0,50,589.778695,0.0
-50.0,50,590.240224,0.0
-50.0,50,590.73009,0.0
-50.0,50,591.18585,0.0
-50.0,50,591.642796,0.0
-50.0,50,592.100142,0.0
-50.0,50,592.590248,0.0
-50.0,50,593.046531,0.0
-50.0,50,593.504974,0.0
-50.0,50,593.962006,0.0
-50.0,50,594.453013,0.0
-50.0,50,594.910564,0.0
-50.0,50,595.368301,0.0
-50.0,50,595.834091,0.0
-50.0,50,596.320195,0.0
-50.0,50,596.77588,0.0
-50.0,50,597.231405,0.0
-50.0,50,597.68849,0.0
-50.0,50,598.180698,0.0
-50.0,50,598.63961,0.0
-50.0,50,599.099935,0.0
-50.0,50,599.559815,0.0
-50.0,50,600.042607,0.0
-50.0,50,600.501808,0.0
-50.0,50,600.958992,0.0
-50.0,50,601.417959,0.0
-50.0,50,601.901062,0.0
-50.0,50,602.361047,0.0
-50.0,50,602.818105,0.0
-50.0,50,603.276073,0.0
-50.0,50,605.730001,0.0
-50.0,50,606.189392,0.0
-50.0,50,606.648782,0.0
-50.0,50,607.107577,0.0
-50.0,50,607.592375,0.0
-50.0,50,608.051019,0.0
-50.0,50,608.508948,0.0
-50.0,50,608.965108,0.0
-50.0,50,609.442919,0.0
-50.0,50,609.90207,0.0
-50.0,50,610.360536,0.0
-50.0,50,610.820735,0.0
-50.0,50,611.297541,0.0
-50.0,50,611.754968,0.0
-50.0,50,612.216619,0.0
-50.0,50,612.674937,0.0
-50.0,50,613.150199,0.0
-50.0,50,613.608189,0.0
-50.0,50,614.067629,0.0
-50.0,50,614.526093,0.0
-50.0,50,615.001732,0.0
-50.0,50,615.46011,0.0
-50.0,50,615.919754,0.0
-50.0,50,616.379009,0.0
-50.0,50,616.867551,0.0
-50.0,50,617.327018,0.0
-50.0,50,617.78755,0.0
-50.0,50,618.248084,0.0
-50.0,50,618.738482,0.0
-50.0,50,619.196831,0.0
-50.0,50,619.656309,0.0
-50.0,50,620.116699,0.0
-50.0,50,620.596121,0.0
-50.0,50,621.055614,0.0
-50.0,50,621.514242,0.0
-50.0,50,621.97371,0.0
-50.0,50,622.456675,0.0
-50.0,50,622.918819,0.0
-50.0,50,623.379328,0.0
-50.0,50,623.83912,0.0
-50.0,50,626.308531,0.0
-50.0,50,626.766394,0.0
-50.0,50,627.224597,0.0
-50.0,50,627.683407,0.0
-50.0,50,628.162709,0.0
-50.0,50,628.621593,0.0
-50.0,50,629.080909,0.0
-50.0,50,629.540822,0.0
-50.0,50,630.020527,0.0
-50.0,50,630.479712,0.0
-50.0,50,630.936865,0.0
-50.0,50,631.393845,0.0
-50.0,50,631.881894,0.0
-50.0,50,632.342916,0.0
-50.0,50,632.806763,0.0
-50.0,50,633.265114,0.0
-50.0,50,633.7425,0.0
-50.0,50,634.199434,0.0
-50.0,50,634.656848,0.0
-50.0,50,635.114033,0.0
-50.0,50,635.591582,0.0
-50.0,50,636.04854,0.0
-50.0,50,636.508702,0.0
-50.0,50,636.96721,0.0
-50.0,50,637.447616,0.0
-50.0,50,637.9043,0.0
-50.0,50,638.362923,0.0
-50.0,50,638.820777,0.0
-50.0,50,639.304644,0.0
-50.0,50,639.765232,0.0
-50.0,50,640.224669,0.0
-50.0,50,640.684216,0.0
-50.0,50,641.164075,0.0
-50.0,50,641.62358,0.0
-50.0,50,642.08169,0.0
-50.0,50,642.539679,0.0
-50.0,50,643.025233,0.0
-50.0,50,643.483628,0.0
-50.0,50,643.942889,0.0
-50.0,50,644.402226,0.0
-50.0,50,646.946602,0.0
-50.0,50,647.409292,0.0
-50.0,50,647.872686,0.0
-50.0,50,648.335526,0.0
-50.0,50,648.81596,0.0
-50.0,50,649.278616,0.0
-50.0,50,649.742794,0.0
-50.0,50,650.20461,0.0
-50.0,50,650.686144,0.0
-50.0,50,651.148082,0.0
-50.0,50,651.606639,0.0
-50.0,50,652.066131,0.0
-50.0,50,652.564463,0.0
-50.0,50,653.030107,0.0
-50.0,50,653.496939,0.0
-50.0,50,653.963995,0.0
-50.0,50,654.454122,0.0
-50.0,50,654.91445,0.0
-50.0,50,655.37799,0.0
-50.0,50,655.848671,0.0
-50.0,50,656.342414,0.0
-50.0,50,656.80458,0.0
-50.0,50,657.2675,0.0
-50.0,50,657.731199,0.0
-50.0,50,658.223271,0.0
-50.0,50,658.683058,0.0
-50.0,50,659.145963,0.0
-50.0,50,659.608597,0.0
-50.0,50,660.113748,0.0
-50.0,50,660.572571,0.0
-50.0,50,661.029001,0.0
-50.0,50,661.487501,0.0
-50.0,50,661.984301,0.0
-50.0,50,662.44389,0.0
-50.0,50,662.896579,0.0
-50.0,50,663.353191,0.0
-50.0,50,663.837534,0.0
-50.0,50,664.293468,0.0
-50.0,50,664.752906,0.0
-50.0,50,665.207581,0.0
-50.0,50,667.694661,0.0
-50.0,50,668.150977,0.0
-50.0,50,668.605513,0.0
-50.0,50,669.058859,0.0
-50.0,50,669.552215,0.0
-50.0,50,670.012378,0.0
-50.0,50,670.472893,0.0
-50.0,50,670.933406,0.0
-50.0,50,671.431695,0.0
-50.0,50,671.891216,0.0
-50.0,50,672.35117,0.0
-50.0,50,672.811129,0.0
-50.0,50,673.308862,0.0
-50.0,50,673.770577,0.0
-50.0,50,674.232705,0.0
-50.0,50,674.695754,0.0
-50.0,50,675.190795,0.0
-50.0,50,675.647819,0.0
-50.0,50,676.110716,0.0
-50.0,50,676.569805,0.0
-50.0,50,677.062762,0.0
-50.0,50,677.522824,0.0
-50.0,50,677.984798,0.0
-50.0,50,678.447165,0.0
-50.0,50,678.923792,0.0
-50.0,50,679.385046,0.0
-50.0,50,679.843612,0.0
-50.0,50,680.300892,0.0
-50.0,50,680.769894,0.0
-50.0,50,681.227131,0.0
-50.0,50,681.683753,0.0
-50.0,50,682.141642,0.0
-50.0,50,682.624101,0.0
-50.0,50,683.081092,0.0
-50.0,50,683.541004,0.0
-50.0,50,684.001669,0.0
-50.0,50,684.482964,0.0
-50.0,50,684.943976,0.0
-50.0,50,685.406368,0.0
-50.0,50,685.874798,0.0
-50.0,50,688.345404,0.0
-50.0,50,688.807041,0.0
-50.0,50,689.267071,0.0
-50.0,50,689.726678,0.0
-50.0,50,690.208685,0.0
-50.0,50,690.667267,0.0
-50.0,50,691.125804,0.0
-50.0,50,691.587838,0.0
-50.0,50,692.066159,0.0
-50.0,50,692.527083,0.0
-50.0,50,692.98673,0.0
-50.0,50,693.447458,0.0
-50.0,50,693.927584,0.0
-50.0,50,694.389937,0.0
-50.0,50,694.84843,0.0
-50.0,50,695.310474,0.0
-50.0,50,695.794986,0.0
-50.0,50,696.258902,0.0
-50.0,50,696.718065,0.0
-50.0,50,697.178254,0.0
-50.0,50,697.661043,0.0
-50.0,50,698.122512,0.0
-50.0,50,698.584051,0.0
-50.0,50,699.044082,0.0
-50.0,50,699.529994,0.0
-50.0,50,699.989696,0.0
-50.0,50,700.450361,0.0
-50.0,50,700.909997,0.0
-50.0,50,701.397962,0.0
-50.0,50,701.859393,0.0
-50.0,50,702.319096,0.0
-50.0,50,702.778139,0.0
-50.0,50,703.264201,0.0
-50.0,50,703.724008,0.0
-50.0,50,704.184396,0.0
-50.0,50,704.643886,0.0
-50.0,50,705.133043,0.0
-50.0,50,705.592939,0.0
-50.0,50,706.051238,0.0
-50.0,50,706.507795,0.0
-50.0,50,708.97083,0.0
-50.0,50,709.427325,0.0
-50.0,50,709.885509,0.0
-50.0,50,710.343054,0.0
-50.0,50,710.827438,0.0
-50.0,50,711.284286,0.0
-50.0,50,711.740304,0.0
-50.0,50,712.196857,0.0
-50.0,50,712.681212,0.0
-50.0,50,713.137503,0.0
-50.0,50,713.594565,0.0
-50.0,50,714.050163,0.0
-50.0,50,714.533928,0.0
-50.0,50,714.990236,0.0
-50.0,50,715.446704,0.0
-50.0,50,715.912202,0.0
-50.0,50,716.389695,0.0
-50.0,50,716.84464,0.0
-50.0,50,717.30386,0.0
-50.0,50,717.760496,0.0
-50.0,50,718.250156,0.0
-50.0,50,718.705889,0.0
-50.0,50,719.162232,0.0
-50.0,50,719.618271,0.0
-50.0,50,720.096638,0.0
-50.0,50,720.552071,0.0
-50.0,50,721.008336,0.0
-50.0,50,721.466238,0.0
-50.0,50,721.95599,0.0
-50.0,50,722.414798,0.0
-50.0,50,722.871391,0.0
-50.0,50,723.328572,0.0
-50.0,50,723.813223,0.0
-50.0,50,724.270875,0.0
-50.0,50,724.728965,0.0
-50.0,50,725.186626,0.0
-50.0,50,725.668895,0.0
-50.0,50,726.124975,0.0
-50.0,50,726.580446,0.0
-50.0,50,727.036719,0.0
-50.0,50,729.473692,0.0
-50.0,50,729.929924,0.0
-50.0,50,730.3866,0.0
-50.0,50,730.843405,0.0
-50.0,50,731.324158,0.0
-50.0,50,731.780919,0.0
-50.0,50,732.23752,0.0
-50.0,50,732.694703,0.0
-50.0,50,733.177613,0.0
-50.0,50,733.634012,0.0
-50.0,50,734.090589,0.0
-50.0,50,734.546544,0.0
-50.0,50,735.038624,0.0
-50.0,50,735.494654,0.0
-50.0,50,735.951327,0.0
-50.0,50,736.407286,0.0
-50.0,50,736.889632,0.0
-50.0,50,737.345328,0.0
-50.0,50,737.801407,0.0
-50.0,50,738.259344,0.0
-50.0,50,738.745083,0.0
-50.0,50,739.200459,0.0
-50.0,50,739.656184,0.0
-50.0,50,740.112331,0.0
-50.0,50,740.592736,0.0
-50.0,50,741.050332,0.0
-50.0,50,741.507167,0.0
-50.0,50,741.9634,0.0
-50.0,50,742.454471,0.0
-50.0,50,742.911546,0.0
-50.0,50,743.367749,0.0
-50.0,50,743.823292,0.0
-50.0,50,744.303705,0.0
-50.0,50,744.761596,0.0
-50.0,50,745.219122,0.0
-50.0,50,745.679267,0.0
-50.0,50,746.167328,0.0
-50.0,50,746.624476,0.0
-50.0,50,747.082154,0.0
-50.0,50,747.539602,0.0
-50.0,50,749.995006,0.0
-50.0,50,750.453863,0.0
-50.0,50,750.913878,0.0
-50.0,50,751.374543,0.0
-50.0,50,751.867225,0.0
-50.0,50,752.326757,0.0
-50.0,50,752.786313,0.0
-50.0,50,753.245839,0.0
-50.0,50,753.730871,0.0
-50.0,50,754.190083,0.0
-50.0,50,754.649706,0.0
-50.0,50,755.108083,0.0
-50.0,50,755.596585,0.0
-50.0,50,756.05807,0.0
-50.0,50,756.515903,0.0
-50.0,50,756.973904,0.0
-50.0,50,757.45944,0.0
-50.0,50,757.920552,0.0
-50.0,50,758.388859,0.0
-50.0,50,758.854481,0.0
-50.0,50,759.339367,0.0
-50.0,50,759.802227,0.0
-50.0,50,760.26379,0.0
-50.0,50,760.721704,0.0
-50.0,50,761.202097,0.0
-50.0,50,761.662185,0.0
-50.0,50,762.12254,0.0
-50.0,50,762.582422,0.0
-50.0,50,763.062565,0.0
-50.0,50,763.52234,0.0
-50.0,50,763.981983,0.0
-50.0,50,764.441991,0.0
-50.0,50,764.923891,0.0
-50.0,50,765.383172,0.0
-50.0,50,765.842243,0.0
-50.0,50,766.300712,0.0
-50.0,50,766.787382,0.0
-50.0,50,767.247468,0.0
-50.0,50,767.706916,0.0
-50.0,50,768.166564,0.0
-50.0,50,770.62321,0.0
-50.0,50,771.083184,0.0
-50.0,50,771.543274,0.0
-50.0,50,772.004644,0.0
-50.0,50,772.485561,0.0
-50.0,50,772.945847,0.0
-50.0,50,773.405103,0.0
-50.0,50,773.864052,0.0
-50.0,50,774.349744,0.0
-50.0,50,774.807086,0.0
-50.0,50,775.267699,0.0
-50.0,50,775.733375,0.0
-50.0,50,776.229585,0.0
-50.0,50,776.691262,0.0
-50.0,50,777.153878,0.0
-50.0,50,777.616197,0.0
-50.0,50,778.108984,0.0
-50.0,50,778.574079,0.0
-50.0,50,779.04069,0.0
-50.0,50,779.507106,0.0
-50.0,50,779.999603,0.0
-50.0,50,780.464743,0.0
-50.0,50,780.926724,0.0
-50.0,50,781.385441,0.0
-50.0,50,781.872071,0.0
-50.0,50,782.331236,0.0
-50.0,50,782.789928,0.0
-50.0,50,783.249632,0.0
-50.0,50,783.741535,0.0
-50.0,50,784.203036,0.0
-50.0,50,784.667568,0.0
-50.0,50,785.131056,0.0
-50.0,50,785.620392,0.0
-50.0,50,786.082676,0.0
-50.0,50,786.544193,0.0
-50.0,50,787.004277,0.0
-50.0,50,787.488179,0.0
-50.0,50,787.949097,0.0
-50.0,50,788.409943,0.0
-50.0,50,788.870597,0.0
-50.0,50,791.322192,0.0
-50.0,50,791.784109,0.0
-50.0,50,792.245881,0.0
-50.0,50,792.708193,0.0
-50.0,50,793.193058,0.0
-50.0,50,793.654433,0.0
-50.0,50,794.115763,0.0
-50.0,50,794.576157,0.0
-50.0,50,795.065122,0.0
-50.0,50,795.527003,0.0
-50.0,50,795.988759,0.0
-50.0,50,796.449827,0.0
-50.0,50,796.928596,0.0
-50.0,50,797.390473,0.0
-50.0,50,797.854111,0.0
-50.0,50,798.316683,0.0
-50.0,50,798.809686,0.0
-50.0,50,799.271236,0.0
-50.0,50,799.732142,0.0
-50.0,50,800.194349,0.0
-50.0,50,800.686643,0.0
-50.0,50,801.151413,0.0
-50.0,50,801.613783,0.0
-50.0,50,802.076209,0.0
-50.0,50,802.57796,0.0
-50.0,50,803.03834,0.0
-50.0,50,803.498971,0.0
-50.0,50,803.959894,0.0
-50.0,50,804.454875,0.0
-50.0,50,804.916659,0.0
-50.0,50,805.379437,0.0
-50.0,50,805.849621,0.0
-50.0,50,806.336248,0.0
-50.0,50,806.796596,0.0
-50.0,50,807.256657,0.0
-50.0,50,807.716406,0.0
-50.0,50,808.206962,0.0
-50.0,50,808.667924,0.0
-50.0,50,809.128602,0.0
-50.0,50,809.588343,0.0
-50.0,50,812.020621,0.0
-50.0,50,812.482311,0.0
-50.0,50,812.944191,0.0
-50.0,50,813.407403,0.0
-50.0,50,813.89167,0.0
-50.0,50,814.355349,0.0
-50.0,50,814.818593,0.0
-50.0,50,815.282402,0.0
-50.0,50,815.78081,0.0
-50.0,50,816.243564,0.0
-50.0,50,816.706056,0.0
-50.0,50,817.168246,0.0
-50.0,50,817.660698,0.0
-50.0,50,818.122281,0.0
-50.0,50,818.584831,0.0
-50.0,50,819.046395,0.0
-50.0,50,819.529738,0.0
-50.0,50,819.991446,0.0
-50.0,50,820.452823,0.0
-50.0,50,820.914329,0.0
-50.0,50,821.399564,0.0
-50.0,50,821.857971,0.0
-50.0,50,822.320423,0.0
-50.0,50,822.780521,0.0
-50.0,50,823.260656,0.0
-50.0,50,823.719272,0.0
-50.0,50,824.179142,0.0
-50.0,50,824.639348,0.0
-50.0,50,825.11771,0.0
-50.0,50,825.577654,0.0
-50.0,50,826.037684,0.0
-50.0,50,826.498384,0.0
-50.0,50,826.976499,0.0
-50.0,50,827.433616,0.0
-50.0,50,827.892607,0.0
-50.0,50,828.350435,0.0
-50.0,50,828.833493,0.0
-50.0,50,829.292404,0.0
-50.0,50,829.75092,0.0
-50.0,50,830.210508,0.0
-50.0,50,832.638865,0.0
-50.0,50,833.096701,0.0
-50.0,50,833.555674,0.0
-50.0,50,834.015465,0.0
-50.0,50,834.492959,0.0
-50.0,50,834.957615,0.0
-50.0,50,835.41891,0.0
-50.0,50,835.883576,0.0
-50.0,50,836.361589,0.0
-50.0,50,836.819952,0.0
-50.0,50,837.280425,0.0
-50.0,50,837.739825,0.0
-50.0,50,838.22348,0.0
-50.0,50,838.682625,0.0
-50.0,50,839.142436,0.0
-50.0,50,839.604314,0.0
-50.0,50,840.085864,0.0
-50.0,50,840.547529,0.0
-50.0,50,841.008345,0.0
-50.0,50,841.467683,0.0
-50.0,50,841.964132,0.0
-50.0,50,842.429552,0.0
-50.0,50,842.891057,0.0
-50.0,50,843.350005,0.0
-50.0,50,843.8391,0.0
-50.0,50,844.297306,0.0
-50.0,50,844.75543,0.0
-50.0,50,845.216715,0.0
-50.0,50,845.703474,0.0
-50.0,50,846.16144,0.0
-50.0,50,846.617863,0.0
-50.0,50,847.0807,0.0
-50.0,50,847.566878,0.0
-50.0,50,848.027471,0.0
-50.0,50,848.484887,0.0
-50.0,50,848.941833,0.0
-50.0,50,849.420891,0.0
-50.0,50,849.879348,0.0
-50.0,50,850.34143,0.0
-50.0,50,850.802378,0.0
-50.0,50,853.327108,0.0
-50.0,50,853.791386,0.0
-50.0,50,854.255268,0.0
-50.0,50,854.719156,0.0
-50.0,50,855.201732,0.0
-50.0,50,855.665304,0.0
-50.0,50,856.128025,0.0
-50.0,50,856.591875,0.0
-50.0,50,857.073816,0.0
-50.0,50,857.536284,0.0
-50.0,50,857.999489,0.0
-50.0,50,858.460529,0.0
-50.0,50,858.941478,0.0
-50.0,50,859.40361,0.0
-50.0,50,859.867466,0.0
-50.0,50,860.33208,0.0
-50.0,50,860.816923,0.0
-50.0,50,861.278663,0.0
-50.0,50,861.743734,0.0
-50.0,50,862.209301,0.0
-50.0,50,862.692461,0.0
-50.0,50,863.156682,0.0
-50.0,50,863.626903,0.0
-50.0,50,864.09577,0.0
-50.0,50,864.581189,0.0
-50.0,50,865.045048,0.0
-50.0,50,865.510815,0.0
-50.0,50,865.981095,0.0
-50.0,50,866.465884,0.0
-50.0,50,866.926988,0.0
-50.0,50,867.390735,0.0
-50.0,50,867.851596,0.0
-50.0,50,868.336006,0.0
-50.0,50,868.799862,0.0
-50.0,50,869.257236,0.0
-50.0,50,869.717876,0.0
-50.0,50,870.197118,0.0
-50.0,50,870.658367,0.0
-50.0,50,871.115734,0.0
-50.0,50,871.576283,0.0
-50.0,50,874.050297,0.0
-50.0,50,874.510878,0.0
-50.0,50,874.974653,0.0
-50.0,50,875.438765,0.0
-50.0,50,875.921562,0.0
-50.0,50,876.384883,0.0
-50.0,50,876.844748,0.0
-50.0,50,877.304827,0.0
-50.0,50,877.784815,0.0
-50.0,50,878.245446,0.0
-50.0,50,878.701391,0.0
-50.0,50,879.166587,0.0
-50.0,50,879.650508,0.0
-50.0,50,880.110351,0.0
-50.0,50,880.570209,0.0
-50.0,50,881.031428,0.0
-50.0,50,881.514057,0.0
-50.0,50,881.979269,0.0
-50.0,50,882.439974,0.0
-50.0,50,882.898386,0.0
-50.0,50,883.37715,0.0
-50.0,50,883.83464,0.0
-50.0,50,884.29718,0.0
-50.0,50,884.758719,0.0
-50.0,50,885.239811,0.0
-50.0,50,885.697543,0.0
-50.0,50,886.154421,0.0
-50.0,50,886.614458,0.0
-50.0,50,887.089663,0.0
-50.0,50,887.546322,0.0
-50.0,50,888.004017,0.0
-50.0,50,888.462723,0.0
-50.0,50,888.934597,0.0
-50.0,50,889.391603,0.0
-50.0,50,889.848185,0.0
-50.0,50,890.306332,0.0
-50.0,50,890.776642,0.0
-50.0,50,891.232715,0.0
-50.0,50,891.689684,0.0
-50.0,50,892.14843,0.0
-50.0,50,894.561595,0.0
-50.0,50,895.018509,0.0
-50.0,50,895.475916,0.0
-50.0,50,895.941893,0.0
-50.0,50,896.423166,0.0
-50.0,50,896.88271,0.0
-50.0,50,897.343137,0.0
-50.0,50,897.801207,0.0
-50.0,50,898.28349,0.0
-50.0,50,898.741834,0.0
-50.0,50,899.200245,0.0
-50.0,50,899.657918,0.0
-50.0,50,900.13609,0.0
-50.0,50,900.594834,0.0
-50.0,50,901.053415,0.0
-50.0,50,901.510984,0.0
-50.0,50,901.988935,0.0
-50.0,50,902.448246,0.0
-50.0,50,902.907811,0.0
-50.0,50,903.365147,0.0
-50.0,50,903.849917,0.0
-50.0,50,904.311437,0.0
-50.0,50,904.774729,0.0
-50.0,50,905.239073,0.0
-50.0,50,905.72369,0.0
-50.0,50,906.185252,0.0
-50.0,50,906.641632,0.0
-50.0,50,907.099307,0.0
-50.0,50,907.57379,0.0
-50.0,50,908.036394,0.0
-50.0,50,908.497976,0.0
-50.0,50,908.960348,0.0
-50.0,50,909.447078,0.0
-50.0,50,909.911423,0.0
-50.0,50,910.376789,0.0
-50.0,50,910.839435,0.0
-50.0,50,911.316384,0.0
-50.0,50,911.783594,0.0
-50.0,50,912.247778,0.0
-50.0,50,912.713257,0.0
-50.0,50,915.234537,0.0
-50.0,50,915.69939,0.0
-50.0,50,916.163759,0.0
-50.0,50,916.628539,0.0
-50.0,50,917.110907,0.0
-50.0,50,917.569529,0.0
-50.0,50,918.033841,0.0
-50.0,50,918.496262,0.0
-50.0,50,918.982835,0.0
-50.0,50,919.446996,0.0
-50.0,50,919.908363,0.0
-50.0,50,920.371461,0.0
-50.0,50,920.849907,0.0
-50.0,50,921.314677,0.0
-50.0,50,921.779706,0.0
-50.0,50,922.244376,0.0
-50.0,50,922.721675,0.0
-50.0,50,923.184583,0.0
-50.0,50,923.64641,0.0
-50.0,50,924.113009,0.0
-50.0,50,924.592571,0.0
-50.0,50,925.055574,0.0
-50.0,50,925.514902,0.0
-50.0,50,925.980739,0.0
-50.0,50,926.462599,0.0
-50.0,50,926.920658,0.0
-50.0,50,927.383557,0.0
-50.0,50,927.841461,0.0
-50.0,50,928.310676,0.0
-50.0,50,928.767618,0.0
-50.0,50,929.22476,0.0
-50.0,50,929.681885,0.0
-50.0,50,930.153827,0.0
-50.0,50,930.60995,0.0
-50.0,50,931.065564,0.0
-50.0,50,931.523967,0.0
-50.0,50,932.000495,0.0
-50.0,50,932.458705,0.0
-50.0,50,932.916744,0.0
-50.0,50,933.375663,0.0
-50.0,50,935.800067,0.0
-50.0,50,936.257513,0.0
-50.0,50,936.717097,0.0
-50.0,50,937.175583,0.0
-50.0,50,937.659501,0.0
-50.0,50,938.118618,0.0
-50.0,50,938.579769,0.0
-50.0,50,939.037084,0.0
-50.0,50,939.523661,0.0
-50.0,50,939.97864,0.0
-50.0,50,940.43612,0.0
-50.0,50,940.893114,0.0
-50.0,50,941.364031,0.0
-50.0,50,941.822764,0.0
-50.0,50,942.281681,0.0
-50.0,50,942.739019,0.0
-50.0,50,943.213126,0.0
-50.0,50,943.669135,0.0
-50.0,50,944.124976,0.0
-50.0,50,944.581856,0.0
-50.0,50,945.055488,0.0
-50.0,50,945.511702,0.0
-50.0,50,945.968676,0.0
-50.0,50,946.426845,0.0
-50.0,50,946.904942,0.0
-50.0,50,947.365918,0.0
-50.0,50,947.828838,0.0
-50.0,50,948.291185,0.0
-50.0,50,948.767921,0.0
-50.0,50,949.227751,0.0
-50.0,50,949.687793,0.0
-50.0,50,950.14501,0.0
-50.0,50,950.632063,0.0
-50.0,50,951.09174,0.0
-50.0,50,951.550829,0.0
-50.0,50,952.008923,0.0
-50.0,50,952.513179,0.0
-50.0,50,952.972758,0.0
-50.0,50,953.430958,0.0
-50.0,50,953.890537,0.0
-50.0,50,956.307009,0.0
-50.0,50,956.765586,0.0
-50.0,50,957.224571,0.0
-50.0,50,957.682624,0.0
-50.0,50,958.156168,0.0
-50.0,50,958.615886,0.0
-50.0,50,959.074947,0.0
-50.0,50,959.535669,0.0
-50.0,50,960.009691,0.0
-50.0,50,960.468967,0.0
-50.0,50,960.926959,0.0
-50.0,50,961.387099,0.0
-50.0,50,961.866977,0.0
-50.0,50,962.326041,0.0
-50.0,50,962.783924,0.0
-50.0,50,963.244496,0.0
-50.0,50,963.717073,0.0
-50.0,50,964.175329,0.0
-50.0,50,964.63826,0.0
-50.0,50,965.098484,0.0
-50.0,50,965.58178,0.0
-50.0,50,966.039985,0.0
-50.0,50,966.499943,0.0
-50.0,50,966.958796,0.0
-50.0,50,967.431494,0.0
-50.0,50,967.890141,0.0
-50.0,50,968.353385,0.0
-50.0,50,968.816781,0.0
-50.0,50,969.294976,0.0
-50.0,50,969.755123,0.0
-50.0,50,970.214857,0.0
-50.0,50,970.673735,0.0
-50.0,50,971.145147,0.0
-50.0,50,971.602404,0.0
-50.0,50,972.06185,0.0
-50.0,50,972.520399,0.0
-50.0,50,973.01107,0.0
-50.0,50,973.47098,0.0
-50.0,50,973.928488,0.0
-50.0,50,974.387011,0.0
-50.0,50,976.779229,0.0
-50.0,50,977.238099,0.0
-50.0,50,977.69764,0.0
-50.0,50,978.156774,0.0
-50.0,50,978.629488,0.0
-50.0,50,979.088419,0.0
-50.0,50,979.545519,0.0
-50.0,50,980.003843,0.0
-50.0,50,980.4828,0.0
-50.0,50,980.944151,0.0
-50.0,50,981.403336,0.0
-50.0,50,981.862408,0.0
-50.0,50,982.342983,0.0
-50.0,50,982.799256,0.0
-50.0,50,983.257438,0.0
-50.0,50,983.717456,0.0
-50.0,50,984.199688,0.0
-50.0,50,984.657447,0.0
-50.0,50,985.118721,0.0
-50.0,50,985.576787,0.0
-50.0,50,986.064232,0.0
-50.0,50,986.522602,0.0
-50.0,50,986.981515,0.0
-50.0,50,987.44026,0.0
-50.0,50,987.919268,0.0
-50.0,50,988.376892,0.0
-50.0,50,988.837086,0.0
-50.0,50,989.299217,0.0
-50.0,50,989.786365,0.0
-50.0,50,990.247061,0.0
-50.0,50,990.705645,0.0
-50.0,50,991.165721,0.0
-50.0,50,991.656836,0.0
-50.0,50,992.119627,0.0
-50.0,50,992.576316,0.0
-50.0,50,993.0331,0.0
-50.0,50,993.512847,0.0
-50.0,50,993.970932,0.0
-50.0,50,994.427953,0.0
-50.0,50,994.887683,0.0
-50.0,50,997.307261,0.0
-50.0,50,997.764292,0.0
-50.0,50,998.225277,0.0
-50.0,50,998.684061,0.0
-50.0,50,999.179455,0.0
-50.0,50,999.641382,0.0
-50.0,50,1000.102671,0.0
-50.0,50,1000.564861,0.0
-50.0,50,1001.046699,0.0
-50.0,50,1001.507701,0.0
-50.0,50,1001.970475,0.0
-50.0,50,1002.430443,0.0
-50.0,50,1002.898706,0.0
-50.0,50,1003.354693,0.0
-50.0,50,1003.811548,0.0
-50.0,50,1004.266785,0.0
-50.0,50,1004.743452,0.0
-50.0,50,1005.198723,0.0
-50.0,50,1005.655622,0.0
-50.0,50,1006.111804,0.0
-50.0,50,1006.582667,0.0
-50.0,50,1007.037443,0.0
-50.0,50,1007.497514,0.0
-50.0,50,1007.956561,0.0
-50.0,50,1008.429447,0.0
-50.0,50,1008.885778,0.0
-50.0,50,1009.344522,0.0
-50.0,50,1009.801134,0.0
-50.0,50,1010.280828,0.0
-50.0,50,1010.742515,0.0
-50.0,50,1011.2048,0.0
-50.0,50,1011.67034,0.0
-50.0,50,1012.163451,0.0
-50.0,50,1012.626256,0.0
-50.0,50,1013.081772,0.0
-50.0,50,1013.536943,0.0
-50.0,50,1014.01222,0.0
-50.0,50,1014.467155,0.0
-50.0,50,1014.922882,0.0
-50.0,50,1015.379015,0.0
-50.0,50,1017.807831,0.0
-50.0,50,1018.264051,0.0
-50.0,50,1018.719221,0.0
-50.0,50,1019.173928,0.0
-50.0,50,1019.641346,0.0
-50.0,50,1020.096418,0.0
-50.0,50,1020.552943,0.0
-50.0,50,1021.008382,0.0
-50.0,50,1021.51675,0.0
-50.0,50,1021.975225,0.0
-50.0,50,1022.430335,0.0
-50.0,50,1022.885388,0.0
-50.0,50,1023.372294,0.0
-50.0,50,1023.828619,0.0
-50.0,50,1024.286179,0.0
-50.0,50,1024.747155,0.0
-50.0,50,1025.234826,0.0
-50.0,50,1025.692923,0.0
-50.0,50,1026.152467,0.0
-50.0,50,1026.608889,0.0
-50.0,50,1027.091168,0.0
-50.0,50,1027.548223,0.0
-50.0,50,1028.005258,0.0
-50.0,50,1028.461807,0.0
-50.0,50,1028.940896,0.0
-50.0,50,1029.399972,0.0
-50.0,50,1029.855586,0.0
-50.0,50,1030.311437,0.0
-50.0,50,1030.79822,0.0
-50.0,50,1031.253897,0.0
-50.0,50,1031.709508,0.0
-50.0,50,1032.16998,0.0
-50.0,50,1032.648972,0.0
-50.0,50,1033.105827,0.0
-50.0,50,1033.563025,0.0
-50.0,50,1034.018062,0.0
-50.0,50,1034.497218,0.0
-50.0,50,1034.953108,0.0
-50.0,50,1035.407054,0.0
-50.0,50,1035.865053,0.0
